post_uri,post_url,post_cid,text,createdAt_post,indexedAt_post,embed,likeCount,repostCount,replyCount,did,handle,displayName,followersCount,followsCount,postsCount,createdAt_profile,indexedAt_profile,viewer_muted,viewer_following,viewer_blockedBy,labels,collectedAt,fake_news_label,fake_news_probs,emotions_raw,top_emotion,reliability_score,reliability_text
at://did:plc:afvwpslr5rfll7xlfhehi2is/app.bsky.feed.post/3lt4yte3jpk2z,https://bsky.app/profile/arealblackman.bsky.social/post/3lt4yte3jpk2z,bafyreib4su3xt7n3h5ajitt7neadxnu525fkvlje4zkftckr6dzorzchqy,"How? Not only did america start out conservative as fuck. Conservatives were able to manipulate most americans into the idea that cancel culture, identity politics, political correctness, etc were worse than nazis. How do democrats compete with that? Magic?",2025-07-04T10:10:04.175Z,2025-07-04T10:10:03.038Z,{},0,0,0,did:plc:afvwpslr5rfll7xlfhehi2is,arealblackman.bsky.social,The one they're afraid of.,0,0,0,2025-02-24T09:27:07.644Z,,False,,False,"""[]""",2025-07-04T10:10:31.636578Z,Vrai,"[0.11575198918581009, 0.8842480182647705]","[{""label"": ""admiration"", ""score"": 0.002663380466401577}, {""label"": ""amusement"", ""score"": 0.0016575047047808766}, {""label"": ""anger"", ""score"": 0.07703440636396408}, {""label"": ""annoyance"", ""score"": 0.318360835313797}, {""label"": ""approval"", ""score"": 0.012779348529875278}, {""label"": ""caring"", ""score"": 0.001283941208384931}, {""label"": ""confusion"", ""score"": 0.14839906990528107}, {""label"": ""curiosity"", ""score"": 0.4009925127029419}, {""label"": ""desire"", ""score"": 0.0018740291707217693}, {""label"": ""disappointment"", ""score"": 0.02931627258658409}, {""label"": ""disapproval"", ""score"": 0.02726595848798752}, {""label"": ""disgust"", ""score"": 0.019241271540522575}, {""label"": ""embarrassment"", ""score"": 0.003857215167954564}, {""label"": ""excitement"", ""score"": 0.0014917422086000443}, {""label"": ""fear"", ""score"": 0.0017541233683004975}, {""label"": ""gratitude"", ""score"": 0.0004048753762617707}, {""label"": ""grief"", ""score"": 0.0005174438119865954}, {""label"": ""joy"", ""score"": 0.0005514335935004056}, {""label"": ""love"", ""score"": 0.0008800756186246872}, {""label"": ""nervousness"", ""score"": 0.0009246246772818267}, {""label"": ""optimism"", ""score"": 0.00438576890155673}, {""label"": ""pride"", ""score"": 0.00015290839655790478}, {""label"": ""realization"", ""score"": 0.009040355682373047}, {""label"": ""relief"", ""score"": 0.0001934699685079977}, {""label"": ""remorse"", ""score"": 0.0003283779078628868}, {""label"": ""sadness"", ""score"": 0.0022685036528855562}, {""label"": ""surprise"", ""score"": 0.013782201334834099}, {""label"": ""neutral"", ""score"": 0.27395904064178467}]",curiosity,0.0,Ce tweet a un score de fiabilité de 0.0%.
at://did:plc:jozbvujamf4wilcugofdudg7/app.bsky.feed.post/3lt4yqkb5ak25,https://bsky.app/profile/plasticfreehackney.bsky.social/post/3lt4yqkb5ak25,bafyreiho27ornemd4gfunvi7v2afqwam7v3clo3lxcgrmwnzjab2qkjnx4,Kill another green law? The EU wants to continue protecting polluters spreading greenwashing lies. Finally political momentum is on our side to stop this. Sign to demand the anti-greenwashing law. action.wemove.eu/sign/2025-07...,2025-07-04T10:08:29.986Z,2025-07-04T10:08:36.836Z,"""external=External(description='Kill another green law? The EU wants to continue protecting polluters spreading greenwashing lies. Finally political momentum is on our side to stop this. Sign to demand the anti-greenwashing law.', title='No more \u201cgreen\u201d lies! Don\u2019t let the EU kill the anti-greenwashing law.', uri='https://action.wemove.eu/sign/2025-07-antigreenwashing-directive-petition-EN?akid=s6344428..z91Gkl', thumb=BlobRef(mime_type='image/jpeg', size=506512, ref=IpldLink(link='bafkreib5v7fkonar7ioqvsgscvlut3j6w4zvhwro2rfpicfazktkwvdjoi'), py_type='blob'), py_type='app.bsky.embed.external#external') py_type='app.bsky.embed.external'""",0,0,0,did:plc:jozbvujamf4wilcugofdudg7,plasticfreehackney.bsky.social,,0,0,0,2025-01-15T14:23:33.742Z,,False,,False,"""[]""",2025-07-04T10:10:31.639683Z,Vrai,"[0.0394713468849659, 0.9605286717414856]","[{""label"": ""admiration"", ""score"": 0.0016839979216456413}, {""label"": ""amusement"", ""score"": 0.0004929915885441005}, {""label"": ""anger"", ""score"": 0.002944828011095524}, {""label"": ""annoyance"", ""score"": 0.018479641526937485}, {""label"": ""approval"", ""score"": 0.1468077301979065}, {""label"": ""caring"", ""score"": 0.0038647360634058714}, {""label"": ""confusion"", ""score"": 0.03288692981004715}, {""label"": ""curiosity"", ""score"": 0.0952862799167633}, {""label"": ""desire"", ""score"": 0.012852080166339874}, {""label"": ""disappointment"", ""score"": 0.004153320100158453}, {""label"": ""disapproval"", ""score"": 0.012715266086161137}, {""label"": ""disgust"", ""score"": 0.001028468948788941}, {""label"": ""embarrassment"", ""score"": 0.00031061909976415336}, {""label"": ""excitement"", ""score"": 0.0015789128374308348}, {""label"": ""fear"", ""score"": 0.0007361075258813798}, {""label"": ""gratitude"", ""score"": 0.0002150461805285886}, {""label"": ""grief"", ""score"": 0.00022939361224416643}, {""label"": ""joy"", ""score"": 0.0006083790794946253}, {""label"": ""love"", ""score"": 0.0009232826996594667}, {""label"": ""nervousness"", ""score"": 0.0004140225937590003}, {""label"": ""optimism"", ""score"": 0.018010180443525314}, {""label"": ""pride"", ""score"": 0.0001908539270516485}, {""label"": ""realization"", ""score"": 0.010561616159975529}, {""label"": ""relief"", ""score"": 0.0003708678123075515}, {""label"": ""remorse"", ""score"": 0.00024312899040523916}, {""label"": ""sadness"", ""score"": 0.0009736286010593176}, {""label"": ""surprise"", ""score"": 0.0009408761980012059}, {""label"": ""neutral"", ""score"": 0.6617394685745239}]",neutral,0.0,Ce tweet a un score de fiabilité de 0.0%.
at://did:plc:zhsth4rhd74bttft2hl2oapx/app.bsky.feed.post/3lt4yppuqqc2n,https://bsky.app/profile/shanesaysstuff.bsky.social/post/3lt4yppuqqc2n,bafyreibd64yeaztrp2kgjev7jepkdiigzucyk3ask6ks7546sgxt7njv3y,Why so much despair? We are on the road to extinction we put profit over people and planet our entire political system is bought and paid for by the parasites sacrificing everything for profit There is legal obligation to cause our extinction companies can be sued for not letting enough people die,2025-07-04T10:08:02.318Z,2025-07-04T10:08:04.438Z,{},0,0,0,did:plc:zhsth4rhd74bttft2hl2oapx,shanesaysstuff.bsky.social,,0,0,0,2024-11-25T02:27:42.846Z,,False,,False,"""[]""",2025-07-04T10:10:31.640380Z,Vrai,"[0.00556792039424181, 0.9944320321083069]","[{""label"": ""admiration"", ""score"": 0.0014249266823753715}, {""label"": ""amusement"", ""score"": 0.002277869265526533}, {""label"": ""anger"", ""score"": 0.015291261486709118}, {""label"": ""annoyance"", ""score"": 0.07888796925544739}, {""label"": ""approval"", ""score"": 0.009164062328636646}, {""label"": ""caring"", ""score"": 0.00922047533094883}, {""label"": ""confusion"", ""score"": 0.08827807754278183}, {""label"": ""curiosity"", ""score"": 0.11563978344202042}, {""label"": ""desire"", ""score"": 0.005104787647724152}, {""label"": ""disappointment"", ""score"": 0.49705204367637634}, {""label"": ""disapproval"", ""score"": 0.04283980652689934}, {""label"": ""disgust"", ""score"": 0.0052394806407392025}, {""label"": ""embarrassment"", ""score"": 0.0057114502415061}, {""label"": ""excitement"", ""score"": 0.0017626063199713826}, {""label"": ""fear"", ""score"": 0.02343210205435753}, {""label"": ""gratitude"", ""score"": 0.0003599977062549442}, {""label"": ""grief"", ""score"": 0.008095146156847477}, {""label"": ""joy"", ""score"": 0.0017484232084825635}, {""label"": ""love"", ""score"": 0.002746125217527151}, {""label"": ""nervousness"", ""score"": 0.04215554893016815}, {""label"": ""optimism"", ""score"": 0.013021226041018963}, {""label"": ""pride"", ""score"": 0.00023772887652739882}, {""label"": ""realization"", ""score"": 0.013331223279237747}, {""label"": ""relief"", ""score"": 0.0013401941396296024}, {""label"": ""remorse"", ""score"": 0.00891054980456829}, {""label"": ""sadness"", ""score"": 0.4498519003391266}, {""label"": ""surprise"", ""score"": 0.004584901966154575}, {""label"": ""neutral"", ""score"": 0.1281699240207672}]",disappointment,0.0,Ce tweet a un score de fiabilité de 0.0%.
at://did:plc:cr7sewfu2zvxy5aejyiv2u4v/app.bsky.feed.post/3lt4yovtufc23,https://bsky.app/profile/edbrentnall.bsky.social/post/3lt4yovtufc23,bafyreigj2fx7tzejqqxgsucre2znk64pbesewl55xcstnt23l5gqu66fty,Kill another green law? The EU wants to continue protecting polluters spreading greenwashing lies. Finally political momentum is on our side to stop this. Sign to demand the anti-greenwashing law. action.wemove.eu/sign/2025-07...,2025-07-04T10:07:35.024Z,2025-07-04T10:07:38.338Z,"""external=External(description='Kill another green law? The EU wants to continue protecting polluters spreading greenwashing lies. Finally political momentum is on our side to stop this. Sign to demand the anti-greenwashing law.', title='No more \u201cgreen\u201d lies! Don\u2019t let the EU kill the anti-greenwashing law.', uri='https://action.wemove.eu/sign/2025-07-antigreenwashing-directive-petition-EN?akid=s6344423..qhNPow', thumb=BlobRef(mime_type='image/jpeg', size=285614, ref=IpldLink(link='bafkreiavrql5qipb5nnwnf6rpuj6b3rnbh2aj2mw3bxdepjypk6o3kh6tq'), py_type='blob'), py_type='app.bsky.embed.external#external') py_type='app.bsky.embed.external'""",0,0,0,did:plc:cr7sewfu2zvxy5aejyiv2u4v,edbrentnall.bsky.social,Ed Brentnall,0,0,0,2024-10-17T15:03:16.010Z,,False,,False,"""[]""",2025-07-04T10:10:31.640623Z,Vrai,"[0.0394713468849659, 0.9605286717414856]","[{""label"": ""admiration"", ""score"": 0.0016839979216456413}, {""label"": ""amusement"", ""score"": 0.0004929915885441005}, {""label"": ""anger"", ""score"": 0.002944828011095524}, {""label"": ""annoyance"", ""score"": 0.018479641526937485}, {""label"": ""approval"", ""score"": 0.1468077301979065}, {""label"": ""caring"", ""score"": 0.0038647360634058714}, {""label"": ""confusion"", ""score"": 0.03288692981004715}, {""label"": ""curiosity"", ""score"": 0.0952862799167633}, {""label"": ""desire"", ""score"": 0.012852080166339874}, {""label"": ""disappointment"", ""score"": 0.004153320100158453}, {""label"": ""disapproval"", ""score"": 0.012715266086161137}, {""label"": ""disgust"", ""score"": 0.001028468948788941}, {""label"": ""embarrassment"", ""score"": 0.00031061909976415336}, {""label"": ""excitement"", ""score"": 0.0015789128374308348}, {""label"": ""fear"", ""score"": 0.0007361075258813798}, {""label"": ""gratitude"", ""score"": 0.0002150461805285886}, {""label"": ""grief"", ""score"": 0.00022939361224416643}, {""label"": ""joy"", ""score"": 0.0006083790794946253}, {""label"": ""love"", ""score"": 0.0009232826996594667}, {""label"": ""nervousness"", ""score"": 0.0004140225937590003}, {""label"": ""optimism"", ""score"": 0.018010180443525314}, {""label"": ""pride"", ""score"": 0.0001908539270516485}, {""label"": ""realization"", ""score"": 0.010561616159975529}, {""label"": ""relief"", ""score"": 0.0003708678123075515}, {""label"": ""remorse"", ""score"": 0.00024312899040523916}, {""label"": ""sadness"", ""score"": 0.0009736286010593176}, {""label"": ""surprise"", ""score"": 0.0009408761980012059}, {""label"": ""neutral"", ""score"": 0.6617394685745239}]",neutral,0.0,Ce tweet a un score de fiabilité de 0.0%.
at://did:plc:zuza4svfdzehipen2dwmvtv3/app.bsky.feed.post/3lt4yoivoic2d,https://bsky.app/profile/lauraraison.bsky.social/post/3lt4yoivoic2d,bafyreieboeuwlql5c6oo53zelqjnbqkfejbpneisordct7vjmryc7ycowy,Kill another green law? The EU wants to continue protecting polluters spreading greenwashing lies. Finally political momentum is on our side to stop this. Sign to demand the anti-greenwashing law. action.wemove.eu/sign/2025-07...,2025-07-04T10:07:21.451Z,2025-07-04T10:07:25.638Z,"""external=External(description='Kill another green law? The EU wants to continue protecting polluters spreading greenwashing lies. Finally political momentum is on our side to stop this. Sign to demand the anti-greenwashing law.', title='No more \u201cgreen\u201d lies! Don\u2019t let the EU kill the anti-greenwashing law.', uri='https://action.wemove.eu/sign/2025-07-antigreenwashing-directive-petition-EN?akid=s6344421..G7yWuo', thumb=BlobRef(mime_type='image/jpeg', size=506512, ref=IpldLink(link='bafkreib5v7fkonar7ioqvsgscvlut3j6w4zvhwro2rfpicfazktkwvdjoi'), py_type='blob'), py_type='app.bsky.embed.external#external') py_type='app.bsky.embed.external'""",0,0,0,did:plc:zuza4svfdzehipen2dwmvtv3,lauraraison.bsky.social,,0,0,0,2024-11-22T10:14:59.752Z,,False,,False,"""[]""",2025-07-04T10:10:31.640938Z,Vrai,"[0.0394713468849659, 0.9605286717414856]","[{""label"": ""admiration"", ""score"": 0.0016839979216456413}, {""label"": ""amusement"", ""score"": 0.0004929915885441005}, {""label"": ""anger"", ""score"": 0.002944828011095524}, {""label"": ""annoyance"", ""score"": 0.018479641526937485}, {""label"": ""approval"", ""score"": 0.1468077301979065}, {""label"": ""caring"", ""score"": 0.0038647360634058714}, {""label"": ""confusion"", ""score"": 0.03288692981004715}, {""label"": ""curiosity"", ""score"": 0.0952862799167633}, {""label"": ""desire"", ""score"": 0.012852080166339874}, {""label"": ""disappointment"", ""score"": 0.004153320100158453}, {""label"": ""disapproval"", ""score"": 0.012715266086161137}, {""label"": ""disgust"", ""score"": 0.001028468948788941}, {""label"": ""embarrassment"", ""score"": 0.00031061909976415336}, {""label"": ""excitement"", ""score"": 0.0015789128374308348}, {""label"": ""fear"", ""score"": 0.0007361075258813798}, {""label"": ""gratitude"", ""score"": 0.0002150461805285886}, {""label"": ""grief"", ""score"": 0.00022939361224416643}, {""label"": ""joy"", ""score"": 0.0006083790794946253}, {""label"": ""love"", ""score"": 0.0009232826996594667}, {""label"": ""nervousness"", ""score"": 0.0004140225937590003}, {""label"": ""optimism"", ""score"": 0.018010180443525314}, {""label"": ""pride"", ""score"": 0.0001908539270516485}, {""label"": ""realization"", ""score"": 0.010561616159975529}, {""label"": ""relief"", ""score"": 0.0003708678123075515}, {""label"": ""remorse"", ""score"": 0.00024312899040523916}, {""label"": ""sadness"", ""score"": 0.0009736286010593176}, {""label"": ""surprise"", ""score"": 0.0009408761980012059}, {""label"": ""neutral"", ""score"": 0.6617394685745239}]",neutral,0.0,Ce tweet a un score de fiabilité de 0.0%.
at://did:plc:sagho3bpxeok5xfanc7srh35/app.bsky.feed.post/3lt4ynfad2c23,https://bsky.app/profile/wilburunion.bsky.social/post/3lt4ynfad2c23,bafyreihvdlbsuvki46zvh6sukg3ndjd2o3fswxupxl4l2j2gxvgkglupeu,Why do you think being a town square crier is supposed to accomplish anything. How about a legal analysis and political plan like sadpac.com.  See also bsky.app/profile/wilb...,2025-07-04T10:06:44.043Z,2025-07-04T10:06:47.838Z,"""media=Main(external=External(description='', title='How to get on with Saving American Democracy | Saving American Democracy (Mobile device => \""Request Desktop Site\"" to use this site)', uri='https://sadpac.com', thumb=None, py_type='app.bsky.embed.external#external'), py_type='app.bsky.embed.external') record=Main(record=Main(cid='bafyreiexgg5i4j7jlrfsdzvcygtd3dn6byiol7v67eywydrgvn5rucms6y', uri='at://did:plc:sagho3bpxeok5xfanc7srh35/app.bsky.feed.post/3lt4us3e7x224', py_type='com.atproto.repo.strongRef'), py_type='app.bsky.embed.record') py_type='app.bsky.embed.recordWithMedia'""",0,0,0,did:plc:sagho3bpxeok5xfanc7srh35,wilburunion.bsky.social,,0,0,0,2024-11-16T04:54:50.371Z,,False,,False,"""[]""",2025-07-04T10:10:31.641147Z,Vrai,"[0.007121412083506584, 0.9928786158561707]","[{""label"": ""admiration"", ""score"": 0.001349455676972866}, {""label"": ""amusement"", ""score"": 0.0012619183398783207}, {""label"": ""anger"", ""score"": 0.004552592057734728}, {""label"": ""annoyance"", ""score"": 0.029089592397212982}, {""label"": ""approval"", ""score"": 0.007799538783729076}, {""label"": ""caring"", ""score"": 0.001362973707728088}, {""label"": ""confusion"", ""score"": 0.241187185049057}, {""label"": ""curiosity"", ""score"": 0.42394962906837463}, {""label"": ""desire"", ""score"": 0.0009012101218104362}, {""label"": ""disappointment"", ""score"": 0.00458077946677804}, {""label"": ""disapproval"", ""score"": 0.01143166795372963}, {""label"": ""disgust"", ""score"": 0.0012685389956459403}, {""label"": ""embarrassment"", ""score"": 0.0008582146256230772}, {""label"": ""excitement"", ""score"": 0.001106342184357345}, {""label"": ""fear"", ""score"": 0.0008623850299045444}, {""label"": ""gratitude"", ""score"": 0.00038255128310993314}, {""label"": ""grief"", ""score"": 0.00026149905170314014}, {""label"": ""joy"", ""score"": 0.0005948925972916186}, {""label"": ""love"", ""score"": 0.0004403379571158439}, {""label"": ""nervousness"", ""score"": 0.000494292180519551}, {""label"": ""optimism"", ""score"": 0.0036321780644357204}, {""label"": ""pride"", ""score"": 6.517269503092393e-05}, {""label"": ""realization"", ""score"": 0.006070687901228666}, {""label"": ""relief"", ""score"": 0.00013909985136706382}, {""label"": ""remorse"", ""score"": 0.00030315108597278595}, {""label"": ""sadness"", ""score"": 0.0010785459307953715}, {""label"": ""surprise"", ""score"": 0.007378684356808662}, {""label"": ""neutral"", ""score"": 0.5709976553916931}]",neutral,0.0,Ce tweet a un score de fiabilité de 0.0%.
at://did:plc:otlhvherlegf5ewb6di6b7yb/app.bsky.feed.post/3lt4ymtgxd224,https://bsky.app/profile/scott1gray.bsky.social/post/3lt4ymtgxd224,bafyreia2fszyliglez45gyb5v367kwg2j5ncw2rtqiy32t4h45c7ewsmni,There are very few political leaders in Britain that people actually *like*. Jeremy Corbyn is one. Nigel Farage is another. The Left need their symbols just as much as the Right.,2025-07-04T10:06:25.396Z,2025-07-04T10:06:25.537Z,{},0,0,0,did:plc:otlhvherlegf5ewb6di6b7yb,scott1gray.bsky.social,Scott Gray,0,0,0,2023-07-22T12:02:30.869Z,,False,,False,"""[]""",2025-07-04T10:10:31.641947Z,Vrai,"[0.0014671608805656433, 0.998532772064209]","[{""label"": ""admiration"", ""score"": 0.002624147804453969}, {""label"": ""amusement"", ""score"": 0.0005893416819162667}, {""label"": ""anger"", ""score"": 0.0024377924855798483}, {""label"": ""annoyance"", ""score"": 0.019043592736124992}, {""label"": ""approval"", ""score"": 0.07267884165048599}, {""label"": ""caring"", ""score"": 0.0007104848045855761}, {""label"": ""confusion"", ""score"": 0.003981154412031174}, {""label"": ""curiosity"", ""score"": 0.000922461855225265}, {""label"": ""desire"", ""score"": 0.00103145488537848}, {""label"": ""disappointment"", ""score"": 0.008899831213057041}, {""label"": ""disapproval"", ""score"": 0.04367992654442787}, {""label"": ""disgust"", ""score"": 0.002132927533239126}, {""label"": ""embarrassment"", ""score"": 0.0004621892294380814}, {""label"": ""excitement"", ""score"": 0.0005918620736338198}, {""label"": ""fear"", ""score"": 0.00028665235731750727}, {""label"": ""gratitude"", ""score"": 0.000343858526321128}, {""label"": ""grief"", ""score"": 0.00021719707001466304}, {""label"": ""joy"", ""score"": 0.0007302698795683682}, {""label"": ""love"", ""score"": 0.001689784461632371}, {""label"": ""nervousness"", ""score"": 0.00013723406300414354}, {""label"": ""optimism"", ""score"": 0.002449418418109417}, {""label"": ""pride"", ""score"": 0.0002553813683334738}, {""label"": ""realization"", ""score"": 0.02293965592980385}, {""label"": ""relief"", ""score"": 0.0003037939895875752}, {""label"": ""remorse"", ""score"": 0.0002747148973867297}, {""label"": ""sadness"", ""score"": 0.001361160189844668}, {""label"": ""surprise"", ""score"": 0.0005047966842539608}, {""label"": ""neutral"", ""score"": 0.8597512245178223}]",neutral,0.0,Ce tweet a un score de fiabilité de 0.0%.
at://did:plc:yxygcmg2hmyfvvgu3xl2l444/app.bsky.feed.post/3lt4ymqhdqs2k,https://bsky.app/profile/biggienotsmalls.bsky.social/post/3lt4ymqhdqs2k,bafyreibh6yxaifa4j54wmonfk7oztu3u7mtfys2g2rcxnawvhl4ex7dnmi,This is a political time to wake up EVERYDAY prepared to Speak Truth to Power!.....,2025-07-04T10:06:22.255Z,2025-07-04T10:06:25.336Z,"""images=[Image(alt='', image=BlobRef(mime_type='image/jpeg', size=159882, ref=IpldLink(link='bafkreiarv27qwvjiq7fgju7qsuafiabcr4v2wfizlp3765xo4if76bpfbm'), py_type='blob'), aspect_ratio=AspectRatio(height=2000, width=923, py_type='app.bsky.embed.defs#aspectRatio'), py_type='app.bsky.embed.images#image')] py_type='app.bsky.embed.images'""",12,2,1,did:plc:yxygcmg2hmyfvvgu3xl2l444,biggienotsmalls.bsky.social,Biggie,0,0,0,2024-11-15T20:37:39.722Z,,False,,False,"""[]""",2025-07-04T10:10:31.642133Z,Faux,"[0.9980918765068054, 0.0019081005593761802]","[{""label"": ""admiration"", ""score"": 0.038112491369247437}, {""label"": ""amusement"", ""score"": 0.0010402918560430408}, {""label"": ""anger"", ""score"": 0.0014757047174498439}, {""label"": ""annoyance"", ""score"": 0.00862958561629057}, {""label"": ""approval"", ""score"": 0.3518620431423187}, {""label"": ""caring"", ""score"": 0.00262450217269361}, {""label"": ""confusion"", ""score"": 0.0014221706660464406}, {""label"": ""curiosity"", ""score"": 0.003082090290263295}, {""label"": ""desire"", ""score"": 0.013272956945002079}, {""label"": ""disappointment"", ""score"": 0.0018849866464734077}, {""label"": ""disapproval"", ""score"": 0.0030551361851394176}, {""label"": ""disgust"", ""score"": 0.0010296930558979511}, {""label"": ""embarrassment"", ""score"": 0.00036682060454040766}, {""label"": ""excitement"", ""score"": 0.04293910786509514}, {""label"": ""fear"", ""score"": 0.0007818256854079664}, {""label"": ""gratitude"", ""score"": 0.002235971624031663}, {""label"": ""grief"", ""score"": 0.00025219033705070615}, {""label"": ""joy"", ""score"": 0.0031127703841775656}, {""label"": ""love"", ""score"": 0.0006009246571920812}, {""label"": ""nervousness"", ""score"": 0.0003763363929465413}, {""label"": ""optimism"", ""score"": 0.05992601066827774}, {""label"": ""pride"", ""score"": 0.003134306985884905}, {""label"": ""realization"", ""score"": 0.018167538568377495}, {""label"": ""relief"", ""score"": 0.0013782423920929432}, {""label"": ""remorse"", ""score"": 0.0002557953994255513}, {""label"": ""sadness"", ""score"": 0.0004559747758321464}, {""label"": ""surprise"", ""score"": 0.002337198704481125}, {""label"": ""neutral"", ""score"": 0.411580890417099}]",neutral,12.972332015810279,Ce tweet a un score de fiabilité de 13.0%.
at://did:plc:svuws2idtm5jycvojdbvaukd/app.bsky.feed.post/3lt4yllpht22y,https://bsky.app/profile/johnahob.bsky.social/post/3lt4yllpht22y,bafyreigzb2m7zeoqhgsfksxj735gyqtgpdzek5qhij6yzyoaizsboo2buq,Not unless we accept political control over what goes in the library. And schools are next.,2025-07-04T10:05:43.732Z,2025-07-04T10:05:45.438Z,{},1,0,1,did:plc:svuws2idtm5jycvojdbvaukd,johnahob.bsky.social,,0,0,0,2024-08-20T13:29:54.187Z,,False,,False,"""[]""",2025-07-04T10:10:31.642708Z,Vrai,"[0.003969981800764799, 0.9960300326347351]","[{""label"": ""admiration"", ""score"": 0.0014586796751245856}, {""label"": ""amusement"", ""score"": 0.0007557304343208671}, {""label"": ""anger"", ""score"": 0.0011397716589272022}, {""label"": ""annoyance"", ""score"": 0.011537005193531513}, {""label"": ""approval"", ""score"": 0.04756338149309158}, {""label"": ""caring"", ""score"": 0.0009181629866361618}, {""label"": ""confusion"", ""score"": 0.007210839074105024}, {""label"": ""curiosity"", ""score"": 0.0011616334086284041}, {""label"": ""desire"", ""score"": 0.0015614028088748455}, {""label"": ""disappointment"", ""score"": 0.006734277121722698}, {""label"": ""disapproval"", ""score"": 0.07076114416122437}, {""label"": ""disgust"", ""score"": 0.0009741283138282597}, {""label"": ""embarrassment"", ""score"": 0.00036223509232513607}, {""label"": ""excitement"", ""score"": 0.0006092123803682625}, {""label"": ""fear"", ""score"": 0.0004719306598417461}, {""label"": ""gratitude"", ""score"": 0.0006211902946233749}, {""label"": ""grief"", ""score"": 0.00017297154408879578}, {""label"": ""joy"", ""score"": 0.0006318914238363504}, {""label"": ""love"", ""score"": 0.00047557003563269973}, {""label"": ""nervousness"", ""score"": 0.00022373271349351853}, {""label"": ""optimism"", ""score"": 0.006635135039687157}, {""label"": ""pride"", ""score"": 0.00019379344303160906}, {""label"": ""realization"", ""score"": 0.023304054513573647}, {""label"": ""relief"", ""score"": 0.0003815564268734306}, {""label"": ""remorse"", ""score"": 0.00027711503207683563}, {""label"": ""sadness"", ""score"": 0.0009051563683897257}, {""label"": ""surprise"", ""score"": 0.0005968869663774967}, {""label"": ""neutral"", ""score"": 0.8484333157539368}]",neutral,6.363636363636363,Ce tweet a un score de fiabilité de 6.4%.
at://did:plc:dacqb5pqgmkpig2l5oo4n6m4/app.bsky.feed.post/3lt4yk3pzzs26,https://bsky.app/profile/mathdemocrat.bsky.social/post/3lt4yk3pzzs26,bafyreies2ohvrxd45opapqyquplubfr6cufsiytxlwli427dahreenlj6i,"""* Internal Orders to Ignore Courts: A DOJ whistleblower complaint alleges that a top political appointee, Emil Bove, instructed staff that deportation ""planes need to take off no matter what"" and explicitly suggested telling federal judges ""f*** you"" and ignoring their orders.""",2025-07-04T10:04:53.420Z,2025-07-04T10:04:55.036Z,{},0,0,0,did:plc:dacqb5pqgmkpig2l5oo4n6m4,mathdemocrat.bsky.social,math democrat,0,0,0,2024-11-21T03:40:15.570Z,,False,,False,"""[]""",2025-07-04T10:10:31.643408Z,Faux,"[0.576870322227478, 0.4231296479701996]","[{""label"": ""admiration"", ""score"": 0.0011061776895076036}, {""label"": ""amusement"", ""score"": 0.0013369062216952443}, {""label"": ""anger"", ""score"": 0.03480543941259384}, {""label"": ""annoyance"", ""score"": 0.0873040035367012}, {""label"": ""approval"", ""score"": 0.016566773876547813}, {""label"": ""caring"", ""score"": 0.002744874684140086}, {""label"": ""confusion"", ""score"": 0.0012331729521974921}, {""label"": ""curiosity"", ""score"": 0.0007768945652060211}, {""label"": ""desire"", ""score"": 0.0010994607582688332}, {""label"": ""disappointment"", ""score"": 0.005424951668828726}, {""label"": ""disapproval"", ""score"": 0.01292503997683525}, {""label"": ""disgust"", ""score"": 0.006424497812986374}, {""label"": ""embarrassment"", ""score"": 0.0012955527054145932}, {""label"": ""excitement"", ""score"": 0.00041587933083064854}, {""label"": ""fear"", ""score"": 0.0012827360769733787}, {""label"": ""gratitude"", ""score"": 0.0005966514581814408}, {""label"": ""grief"", ""score"": 0.0003966432996094227}, {""label"": ""joy"", ""score"": 0.0005764688830822706}, {""label"": ""love"", ""score"": 0.0005012308829464018}, {""label"": ""nervousness"", ""score"": 0.0003018397546838969}, {""label"": ""optimism"", ""score"": 0.0027666050009429455}, {""label"": ""pride"", ""score"": 0.0002930013579316437}, {""label"": ""realization"", ""score"": 0.006203496363013983}, {""label"": ""relief"", ""score"": 0.00027455779490992427}, {""label"": ""remorse"", ""score"": 0.00046877178829163313}, {""label"": ""sadness"", ""score"": 0.002775998320430517}, {""label"": ""surprise"", ""score"": 0.00033686048118397593}, {""label"": ""neutral"", ""score"": 0.8901571035385132}]",neutral,0.0,Ce tweet a un score de fiabilité de 0.0%.
at://did:plc:smk6nz26lk2h5sohkmzc67aa/app.bsky.feed.post/3lt4yk2g66s2a,https://bsky.app/profile/traceycavasin.bsky.social/post/3lt4yk2g66s2a,bafyreicv7wy26k5eqvprrb6oxcltivjssa5uw6w5iobke4nspis42hbo3e,"Several Justices (e.g. Thomas, Alito) had deep personal conflicts of interest (e.g. spouses involved in Jan. 6th efforts) and refused to recuse themselves.	 The ruling enabled Trump’s return to power, potentially against the clear intent of the 14th Amendment.  Legal experts across the political",2025-07-04T10:04:52.047Z,2025-07-04T10:04:53.436Z,{},1,0,1,did:plc:smk6nz26lk2h5sohkmzc67aa,traceycavasin.bsky.social,Tracey Jennings Cavasin,0,0,0,2024-11-14T03:27:11.272Z,,False,,False,"""[]""",2025-07-04T10:10:31.643486Z,Vrai,"[0.013740395195782185, 0.9862595796585083]","[{""label"": ""admiration"", ""score"": 0.0023500982206314802}, {""label"": ""amusement"", ""score"": 0.0005823952378705144}, {""label"": ""anger"", ""score"": 0.0015564530622214079}, {""label"": ""annoyance"", ""score"": 0.01757386140525341}, {""label"": ""approval"", ""score"": 0.08054614812135696}, {""label"": ""caring"", ""score"": 0.0012313618790358305}, {""label"": ""confusion"", ""score"": 0.002793481107801199}, {""label"": ""curiosity"", ""score"": 0.0006351612391881645}, {""label"": ""desire"", ""score"": 0.0006722492980770767}, {""label"": ""disappointment"", ""score"": 0.011438777670264244}, {""label"": ""disapproval"", ""score"": 0.02810547687113285}, {""label"": ""disgust"", ""score"": 0.0011406270787119865}, {""label"": ""embarrassment"", ""score"": 0.0007490527350455523}, {""label"": ""excitement"", ""score"": 0.00041154827340506017}, {""label"": ""fear"", ""score"": 0.00047040809295140207}, {""label"": ""gratitude"", ""score"": 0.0012174282455816865}, {""label"": ""grief"", ""score"": 0.0003220218059141189}, {""label"": ""joy"", ""score"": 0.0007633065106347203}, {""label"": ""love"", ""score"": 0.0005316122551448643}, {""label"": ""nervousness"", ""score"": 0.00031217653304338455}, {""label"": ""optimism"", ""score"": 0.00391410430893302}, {""label"": ""pride"", ""score"": 0.00040811917278915644}, {""label"": ""realization"", ""score"": 0.035767149180173874}, {""label"": ""relief"", ""score"": 0.0007829521200619638}, {""label"": ""remorse"", ""score"": 0.00044283413444645703}, {""label"": ""sadness"", ""score"": 0.00203778687864542}, {""label"": ""surprise"", ""score"": 0.0004880375345237553}, {""label"": ""neutral"", ""score"": 0.872020959854126}]",neutral,6.363636363636363,Ce tweet a un score de fiabilité de 6.4%.
at://did:plc:7uxwxnxp22uus44mlmwuqly6/app.bsky.feed.post/3lt4yjlza6s2b,https://bsky.app/profile/indodragon.bsky.social/post/3lt4yjlza6s2b,bafyreifkfo6x7cw5gvbl2oaedfmnqdzouwdiht5jmenor2bdma6rrcbzh4,It amazes me that chanting “hang Mike Pence” at the capital while breaking in to the house and after building a gallows was a normal tour! Now this guy will face heavy charges and I’m betting he won’t be called a political prisoner and given a pardon! Hypocrisy!! share.newsbreak.com/dvvy70on?s=i16,2025-07-04T10:04:36.944Z,2025-07-04T10:04:39.236Z,"""external=External(description='A Michigan man has been arrested and federally charged after allegedly threatening to assassinate President Donald Trump and Vice President JD Vance in a d', title='\u2018I will murder that stupid f\u2014er\u2019: Man Arrested After Online Threat to Kill Trump, VP Vance - NewsBreak', uri='https://share.newsbreak.com/dvvy70on?s=i16', thumb=BlobRef(mime_type='image/jpeg', size=400310, ref=IpldLink(link='bafkreiebzs7oqlrwqbbsirozba6nox4t5kqepzjj6nmn2w75k5trujduga'), py_type='blob'), py_type='app.bsky.embed.external#external') py_type='app.bsky.embed.external'""",0,0,0,did:plc:7uxwxnxp22uus44mlmwuqly6,indodragon.bsky.social,Daniel Bastiaanse,0,0,0,2024-11-17T12:13:37.439Z,,False,,False,"""[]""",2025-07-04T10:10:31.643634Z,Vrai,"[0.0015925128245726228, 0.9984075427055359]","[{""label"": ""admiration"", ""score"": 0.013315347023308277}, {""label"": ""amusement"", ""score"": 0.0069155325181782246}, {""label"": ""anger"", ""score"": 0.002160679781809449}, {""label"": ""annoyance"", ""score"": 0.015758277848362923}, {""label"": ""approval"", ""score"": 0.01774504967033863}, {""label"": ""caring"", ""score"": 0.0005417252541519701}, {""label"": ""confusion"", ""score"": 0.004686946980655193}, {""label"": ""curiosity"", ""score"": 0.01226810272783041}, {""label"": ""desire"", ""score"": 0.00462914677336812}, {""label"": ""disappointment"", ""score"": 0.012054710648953915}, {""label"": ""disapproval"", ""score"": 0.01056329533457756}, {""label"": ""disgust"", ""score"": 0.0032933142501860857}, {""label"": ""embarrassment"", ""score"": 0.002432669047266245}, {""label"": ""excitement"", ""score"": 0.04257550835609436}, {""label"": ""fear"", ""score"": 0.0025501020718365908}, {""label"": ""gratitude"", ""score"": 0.00038750364910811186}, {""label"": ""grief"", ""score"": 0.000750010774936527}, {""label"": ""joy"", ""score"": 0.004374715965241194}, {""label"": ""love"", ""score"": 0.0009559094905853271}, {""label"": ""nervousness"", ""score"": 0.0007791570387780666}, {""label"": ""optimism"", ""score"": 0.02715853415429592}, {""label"": ""pride"", ""score"": 0.0012329873861745}, {""label"": ""realization"", ""score"": 0.028974127024412155}, {""label"": ""relief"", ""score"": 0.0010424461215734482}, {""label"": ""remorse"", ""score"": 0.00029782671481370926}, {""label"": ""sadness"", ""score"": 0.0011848158901557326}, {""label"": ""surprise"", ""score"": 0.4025117754936218}, {""label"": ""neutral"", ""score"": 0.4207911491394043}]",neutral,0.0,Ce tweet a un score de fiabilité de 0.0%.
at://did:plc:4wzhedseulkzi6mrkx3os3us/app.bsky.feed.post/3lt4yhrv7ok2m,https://bsky.app/profile/jon-elsa.bsky.social/post/3lt4yhrv7ok2m,bafyreihcpbprbhbdnrubdcdgdlozunskug4kyoi6cynh32mzr22ueams2y,"These are consequences when a political appointee is parachuted into influential editorial areas in the BBC. Gibb's links with the J/C should have precluded him from any decision-making role re the Gaza documentary, which should have been shown without fear or favour.Instead, it simply capitulated!",2025-07-04T10:03:35.993Z,2025-07-04T10:03:37.136Z,{},0,0,0,did:plc:4wzhedseulkzi6mrkx3os3us,jon-elsa.bsky.social,Jonathan Fox 🇺🇦,0,0,0,2024-08-15T10:38:57.685Z,,False,,False,"""[]""",2025-07-04T10:10:31.643963Z,Vrai,"[0.0005582141457125545, 0.9994418025016785]","[{""label"": ""admiration"", ""score"": 0.0016687002498656511}, {""label"": ""amusement"", ""score"": 0.000946285028476268}, {""label"": ""anger"", ""score"": 0.0018532410031184554}, {""label"": ""annoyance"", ""score"": 0.03343835473060608}, {""label"": ""approval"", ""score"": 0.03882422298192978}, {""label"": ""caring"", ""score"": 0.001544001279398799}, {""label"": ""confusion"", ""score"": 0.001975545659661293}, {""label"": ""curiosity"", ""score"": 0.00045772563316859305}, {""label"": ""desire"", ""score"": 0.0013172104954719543}, {""label"": ""disappointment"", ""score"": 0.04749244824051857}, {""label"": ""disapproval"", ""score"": 0.04291445016860962}, {""label"": ""disgust"", ""score"": 0.002139115007594228}, {""label"": ""embarrassment"", ""score"": 0.001995972590520978}, {""label"": ""excitement"", ""score"": 0.0003375394444447011}, {""label"": ""fear"", ""score"": 0.0008804081589914858}, {""label"": ""gratitude"", ""score"": 0.0009414612432010472}, {""label"": ""grief"", ""score"": 0.0006177567993290722}, {""label"": ""joy"", ""score"": 0.0008496008231304586}, {""label"": ""love"", ""score"": 0.0005131493089720607}, {""label"": ""nervousness"", ""score"": 0.0006068001966923475}, {""label"": ""optimism"", ""score"": 0.006779421120882034}, {""label"": ""pride"", ""score"": 0.0005342598306015134}, {""label"": ""realization"", ""score"": 0.05836131051182747}, {""label"": ""relief"", ""score"": 0.0013265737798064947}, {""label"": ""remorse"", ""score"": 0.0011663951445370913}, {""label"": ""sadness"", ""score"": 0.005461502354592085}, {""label"": ""surprise"", ""score"": 0.0007348288199864328}, {""label"": ""neutral"", ""score"": 0.8463337421417236}]",neutral,0.0,Ce tweet a un score de fiabilité de 0.0%.
at://did:plc:gxmggi4dqegoi65tf3fhcn7f/app.bsky.feed.post/3lt4yhadowk27,https://bsky.app/profile/fitgeekuk.bsky.social/post/3lt4yhadowk27,bafyreicteseh3hfwqfa4gdfeuppcmrlvj6oelltubcpf3lchikl43t7q2e,Jeezus fuck Google.  I didn't ask for an AI interpretation.  I didn't ask what something meant. I literally just put a half remembered advertisement slogan in to see if I could find the actual one and you wanked out a pile of drivel that makes political manifestos look reliable.,2025-07-04T10:03:17.594Z,2025-07-04T10:03:19.535Z,{},0,0,0,did:plc:gxmggi4dqegoi65tf3fhcn7f,fitgeekuk.bsky.social,James H-B,0,0,0,2023-07-24T17:28:48.779Z,,False,,False,"""[]""",2025-07-04T10:10:31.643998Z,Vrai,"[0.014902316965162754, 0.9850976467132568]","[{""label"": ""admiration"", ""score"": 0.001416249549947679}, {""label"": ""amusement"", ""score"": 0.0020542535930871964}, {""label"": ""anger"", ""score"": 0.2498195916414261}, {""label"": ""annoyance"", ""score"": 0.5267201662063599}, {""label"": ""approval"", ""score"": 0.011469310149550438}, {""label"": ""caring"", ""score"": 0.001226298976689577}, {""label"": ""confusion"", ""score"": 0.0031192239839583635}, {""label"": ""curiosity"", ""score"": 0.002097137039527297}, {""label"": ""desire"", ""score"": 0.0012225954560562968}, {""label"": ""disappointment"", ""score"": 0.017217222601175308}, {""label"": ""disapproval"", ""score"": 0.04975955933332443}, {""label"": ""disgust"", ""score"": 0.011824509128928185}, {""label"": ""embarrassment"", ""score"": 0.0030807543080300093}, {""label"": ""excitement"", ""score"": 0.0008274686406366527}, {""label"": ""fear"", ""score"": 0.0004936739569529891}, {""label"": ""gratitude"", ""score"": 0.0008069059695117176}, {""label"": ""grief"", ""score"": 0.0003301914257463068}, {""label"": ""joy"", ""score"": 0.0009123671916313469}, {""label"": ""love"", ""score"": 0.00042025401489809155}, {""label"": ""nervousness"", ""score"": 0.00027070954092778265}, {""label"": ""optimism"", ""score"": 0.002383075887337327}, {""label"": ""pride"", ""score"": 0.0004476283211261034}, {""label"": ""realization"", ""score"": 0.008353415876626968}, {""label"": ""relief"", ""score"": 0.0002839196240529418}, {""label"": ""remorse"", ""score"": 0.0003424804890528321}, {""label"": ""sadness"", ""score"": 0.001341658178716898}, {""label"": ""surprise"", ""score"": 0.002051928546279669}, {""label"": ""neutral"", ""score"": 0.36006924510002136}]",annoyance,0.0,Ce tweet a un score de fiabilité de 0.0%.
at://did:plc:rhxge7kg2vgbamv7vix6lygw/app.bsky.feed.post/3lt4ygna7kc2u,https://bsky.app/profile/deertexting.bsky.social/post/3lt4ygna7kc2u,bafyreiakeewwroyz7dpmvkvpwpc3guezoxfb6ijgonhvvtjec4weockovu,"recent events in sight, i think certain political memes of mine could make me unfit to enter your country (like saying death to the idf or i hate israel and so on 👉👈)",2025-07-04T10:02:57.558Z,2025-07-04T10:03:03.335Z,{},0,0,0,did:plc:rhxge7kg2vgbamv7vix6lygw,deertexting.bsky.social,stupid,0,0,0,2024-11-17T11:30:40.140Z,,False,,False,"""[]""",2025-07-04T10:10:31.644029Z,Vrai,"[0.006207461003214121, 0.9937925934791565]","[{""label"": ""admiration"", ""score"": 0.0007222779095172882}, {""label"": ""amusement"", ""score"": 0.004041995387524366}, {""label"": ""anger"", ""score"": 0.19897325336933136}, {""label"": ""annoyance"", ""score"": 0.44421154260635376}, {""label"": ""approval"", ""score"": 0.051318977028131485}, {""label"": ""caring"", ""score"": 0.006686814595013857}, {""label"": ""confusion"", ""score"": 0.05452221259474754}, {""label"": ""curiosity"", ""score"": 0.010567866265773773}, {""label"": ""desire"", ""score"": 0.006502864882349968}, {""label"": ""disappointment"", ""score"": 0.0983637347817421}, {""label"": ""disapproval"", ""score"": 0.37584730982780457}, {""label"": ""disgust"", ""score"": 0.03541535884141922}, {""label"": ""embarrassment"", ""score"": 0.011878873221576214}, {""label"": ""excitement"", ""score"": 0.0016457369783893228}, {""label"": ""fear"", ""score"": 0.021069930866360664}, {""label"": ""gratitude"", ""score"": 0.0002894468780141324}, {""label"": ""grief"", ""score"": 0.0010132306488230824}, {""label"": ""joy"", ""score"": 0.0017797964392229915}, {""label"": ""love"", ""score"": 0.0037211747840046883}, {""label"": ""nervousness"", ""score"": 0.007893174886703491}, {""label"": ""optimism"", ""score"": 0.033168673515319824}, {""label"": ""pride"", ""score"": 0.0006549739628098905}, {""label"": ""realization"", ""score"": 0.03937598690390587}, {""label"": ""relief"", ""score"": 0.0010564890690147877}, {""label"": ""remorse"", ""score"": 0.002155248075723648}, {""label"": ""sadness"", ""score"": 0.016220318153500557}, {""label"": ""surprise"", ""score"": 0.002103593200445175}, {""label"": ""neutral"", ""score"": 0.124385766685009}]",annoyance,0.0,Ce tweet a un score de fiabilité de 0.0%.
at://did:plc:smk6nz26lk2h5sohkmzc67aa/app.bsky.feed.post/3lt4ygmwups2a,https://bsky.app/profile/traceycavasin.bsky.social/post/3lt4ygmwups2a,bafyreifqlh5mvqbkk3cq34q55romb522ozbpnxgsicwyc3bwxleyrvrhvy,We need to stop the Supreme court once we get numbers back in both houses -   Why Many See This as Corrupt or Political They rewrote the rules: The founders never said Section 3 was unenforceable without an act of Congress. They evaded the core question: Was Trump an insurrectionist?,2025-07-04T10:02:57.252Z,2025-07-04T10:02:58.335Z,{},3,0,1,did:plc:smk6nz26lk2h5sohkmzc67aa,traceycavasin.bsky.social,Tracey Jennings Cavasin,0,0,0,2024-11-14T03:27:11.272Z,,False,,False,"""[]""",2025-07-04T10:10:31.644059Z,Vrai,"[0.0023982443381100893, 0.9976018071174622]","[{""label"": ""admiration"", ""score"": 0.0006229716818779707}, {""label"": ""amusement"", ""score"": 0.0006054569967091084}, {""label"": ""anger"", ""score"": 0.01237492822110653}, {""label"": ""annoyance"", ""score"": 0.10221023857593536}, {""label"": ""approval"", ""score"": 0.028797434642910957}, {""label"": ""caring"", ""score"": 0.0026998110115528107}, {""label"": ""confusion"", ""score"": 0.04148564860224724}, {""label"": ""curiosity"", ""score"": 0.04624515771865845}, {""label"": ""desire"", ""score"": 0.004895632620900869}, {""label"": ""disappointment"", ""score"": 0.01056508906185627}, {""label"": ""disapproval"", ""score"": 0.03297782316803932}, {""label"": ""disgust"", ""score"": 0.0017426169943064451}, {""label"": ""embarrassment"", ""score"": 0.0009023164166137576}, {""label"": ""excitement"", ""score"": 0.0008061332046054304}, {""label"": ""fear"", ""score"": 0.0012596648884937167}, {""label"": ""gratitude"", ""score"": 0.00017811855650506914}, {""label"": ""grief"", ""score"": 0.00028813688550144434}, {""label"": ""joy"", ""score"": 0.00038642113213427365}, {""label"": ""love"", ""score"": 0.0003287077124696225}, {""label"": ""nervousness"", ""score"": 0.0007680210983380675}, {""label"": ""optimism"", ""score"": 0.00912504643201828}, {""label"": ""pride"", ""score"": 0.00014544410805683583}, {""label"": ""realization"", ""score"": 0.01716816984117031}, {""label"": ""relief"", ""score"": 0.00024624529760330915}, {""label"": ""remorse"", ""score"": 0.0002621395979076624}, {""label"": ""sadness"", ""score"": 0.001369793782941997}, {""label"": ""surprise"", ""score"": 0.001990180229768157}, {""label"": ""neutral"", ""score"": 0.721188485622406}]",neutral,7.090909090909091,Ce tweet a un score de fiabilité de 7.1%.
at://did:plc:sagho3bpxeok5xfanc7srh35/app.bsky.feed.post/3lt4yg4b3o22e,https://bsky.app/profile/wilburunion.bsky.social/post/3lt4yg4b3o22e,bafyreibx7jfcpl37vwc76kp4qwu35oayyz4mdopxqa5i4rt2q5u5mn2kly,What do you think being a town square crier is supposed to accomplish???  How about a legal analysis and IR political plan??  See also bsky.app/profile/wilb...,2025-07-04T10:02:39.759Z,2025-07-04T10:02:43.738Z,"""record=Main(cid='bafyreiexgg5i4j7jlrfsdzvcygtd3dn6byiol7v67eywydrgvn5rucms6y', uri='at://did:plc:sagho3bpxeok5xfanc7srh35/app.bsky.feed.post/3lt4us3e7x224', py_type='com.atproto.repo.strongRef') py_type='app.bsky.embed.record'""",0,0,0,did:plc:sagho3bpxeok5xfanc7srh35,wilburunion.bsky.social,,0,0,0,2024-11-16T04:54:50.371Z,,False,,False,"""[]""",2025-07-04T10:10:31.644109Z,Vrai,"[0.0038178926333785057, 0.9961820244789124]","[{""label"": ""admiration"", ""score"": 0.001569158281199634}, {""label"": ""amusement"", ""score"": 0.0015701506054028869}, {""label"": ""anger"", ""score"": 0.0017926166765391827}, {""label"": ""annoyance"", ""score"": 0.007452367339283228}, {""label"": ""approval"", ""score"": 0.010371847078204155}, {""label"": ""caring"", ""score"": 0.0017888695001602173}, {""label"": ""confusion"", ""score"": 0.21245177090168}, {""label"": ""curiosity"", ""score"": 0.5766859650611877}, {""label"": ""desire"", ""score"": 0.001820020959712565}, {""label"": ""disappointment"", ""score"": 0.0016296299872919917}, {""label"": ""disapproval"", ""score"": 0.004222084302455187}, {""label"": ""disgust"", ""score"": 0.0008944625733420253}, {""label"": ""embarrassment"", ""score"": 0.00045231240801513195}, {""label"": ""excitement"", ""score"": 0.0016834473935887218}, {""label"": ""fear"", ""score"": 0.0009732975158840418}, {""label"": ""gratitude"", ""score"": 0.0006381143466569483}, {""label"": ""grief"", ""score"": 0.00020421617955435067}, {""label"": ""joy"", ""score"": 0.000758096226491034}, {""label"": ""love"", ""score"": 0.0013542681699618697}, {""label"": ""nervousness"", ""score"": 0.0004042870132252574}, {""label"": ""optimism"", ""score"": 0.0044173882342875}, {""label"": ""pride"", ""score"": 5.164506728760898e-05}, {""label"": ""realization"", ""score"": 0.004523441661149263}, {""label"": ""relief"", ""score"": 0.00014888403529766947}, {""label"": ""remorse"", ""score"": 0.00035004859091714025}, {""label"": ""sadness"", ""score"": 0.0009000542922876775}, {""label"": ""surprise"", ""score"": 0.004198207054287195}, {""label"": ""neutral"", ""score"": 0.4636009931564331}]",curiosity,0.0,Ce tweet a un score de fiabilité de 0.0%.
at://did:plc:gkua6jkj4emn7x5tgpgmddes/app.bsky.feed.post/3lt4yfb577c2t,https://bsky.app/profile/troisrois67.bsky.social/post/3lt4yfb577c2t,bafyreihomaq4vmm54uoxgy6cuxouc7n7hivlplbx3zx54uacuczisnhmwa,"In other words, defund Social Security guaranteeing that my children will not receive it and possibly even I will get limited benefits 7 years from now. Good job. Apparently this political email was sent to everyone with a Social Security number.",2025-07-04T10:02:11.313Z,2025-07-04T10:02:15.335Z,"""images=[Image(alt='', image=BlobRef(mime_type='image/jpeg', size=666403, ref=IpldLink(link='bafkreigumyu4nhqr6h76shhu7nqxkjo6sc5bwrvfjdyqp6ghcgycttksza'), py_type='blob'), aspect_ratio=AspectRatio(height=2000, width=922, py_type='app.bsky.embed.defs#aspectRatio'), py_type='app.bsky.embed.images#image')] py_type='app.bsky.embed.images'""",0,0,0,did:plc:gkua6jkj4emn7x5tgpgmddes,troisrois67.bsky.social,Cindy Scarborough,0,0,0,2024-11-13T16:54:20.781Z,,False,,False,"""[]""",2025-07-04T10:10:31.644176Z,Vrai,"[0.014032532460987568, 0.9859674572944641]","[{""label"": ""admiration"", ""score"": 0.8415214419364929}, {""label"": ""amusement"", ""score"": 0.0012608249671757221}, {""label"": ""anger"", ""score"": 0.0007026931853033602}, {""label"": ""annoyance"", ""score"": 0.004423700738698244}, {""label"": ""approval"", ""score"": 0.07032207399606705}, {""label"": ""caring"", ""score"": 0.002707751002162695}, {""label"": ""confusion"", ""score"": 0.005937597248703241}, {""label"": ""curiosity"", ""score"": 0.004225094337016344}, {""label"": ""desire"", ""score"": 0.00468484777957201}, {""label"": ""disappointment"", ""score"": 0.010314344428479671}, {""label"": ""disapproval"", ""score"": 0.01229528896510601}, {""label"": ""disgust"", ""score"": 0.0008866070420481265}, {""label"": ""embarrassment"", ""score"": 0.0003624592791311443}, {""label"": ""excitement"", ""score"": 0.003785628592595458}, {""label"": ""fear"", ""score"": 0.0006281643873080611}, {""label"": ""gratitude"", ""score"": 0.04297763109207153}, {""label"": ""grief"", ""score"": 0.0005572829977609217}, {""label"": ""joy"", ""score"": 0.0022908432874828577}, {""label"": ""love"", ""score"": 0.0011636861599981785}, {""label"": ""nervousness"", ""score"": 0.00023797695757821202}, {""label"": ""optimism"", ""score"": 0.11925613135099411}, {""label"": ""pride"", ""score"": 0.0033937706612050533}, {""label"": ""realization"", ""score"": 0.015281076543033123}, {""label"": ""relief"", ""score"": 0.0012863555457442999}, {""label"": ""remorse"", ""score"": 0.0006521238246932626}, {""label"": ""sadness"", ""score"": 0.0016088929260149598}, {""label"": ""surprise"", ""score"": 0.002683883998543024}, {""label"": ""neutral"", ""score"": 0.06640186905860901}]",admiration,0.0,Ce tweet a un score de fiabilité de 0.0%.
at://did:plc:okbgaekyvi4sihglhbzrdxks/app.bsky.feed.post/3lt4yf6b5vc2m,https://bsky.app/profile/ourearthaffairs.bsky.social/post/3lt4yf6b5vc2m,bafyreibgub5pjfruxbccfaswli5ggcfwopd64aze522iikmgtsmnrkhl64,"Another prominent Russian has likely been defenestrated. Andrei Badalov, Vice President of the Russian oil giant Transneft, has died after falling from a window of his home in Moscow. Assassinations of political opponents are common, but have increased since 2022. en.m.wikipedia.org/wiki/Suspici...",2025-07-04T10:02:08.299Z,2025-07-04T10:02:15.936Z,"""images=[Image(alt='', image=BlobRef(mime_type='image/jpeg', size=793414, ref=IpldLink(link='bafkreid6r7qjvwq5fqcpzedgrzenwvyj2rgj7f7ncfebcqudilcexr3h7e'), py_type='blob'), aspect_ratio=AspectRatio(height=1080, width=1920, py_type='app.bsky.embed.defs#aspectRatio'), py_type='app.bsky.embed.images#image')] py_type='app.bsky.embed.images'""",0,0,0,did:plc:okbgaekyvi4sihglhbzrdxks,ourearthaffairs.bsky.social,Our Earth Affairs,0,0,0,2024-11-07T01:54:31.180Z,,False,,False,"""[]""",2025-07-04T10:10:31.644233Z,Vrai,"[0.003794504329562187, 0.9962054491043091]","[{""label"": ""admiration"", ""score"": 0.00377651653252542}, {""label"": ""amusement"", ""score"": 0.004333551041781902}, {""label"": ""anger"", ""score"": 0.0033083620946854353}, {""label"": ""annoyance"", ""score"": 0.013996504247188568}, {""label"": ""approval"", ""score"": 0.050883736461400986}, {""label"": ""caring"", ""score"": 0.0036511798389256}, {""label"": ""confusion"", ""score"": 0.0031344813760370016}, {""label"": ""curiosity"", ""score"": 0.0020760351326316595}, {""label"": ""desire"", ""score"": 0.004328833427280188}, {""label"": ""disappointment"", ""score"": 0.03997112438082695}, {""label"": ""disapproval"", ""score"": 0.0049550957046449184}, {""label"": ""disgust"", ""score"": 0.01129881851375103}, {""label"": ""embarrassment"", ""score"": 0.007115520536899567}, {""label"": ""excitement"", ""score"": 0.0015282814856618643}, {""label"": ""fear"", ""score"": 0.028565308079123497}, {""label"": ""gratitude"", ""score"": 0.0008845397387631238}, {""label"": ""grief"", ""score"": 0.018905332311987877}, {""label"": ""joy"", ""score"": 0.0031745440792292356}, {""label"": ""love"", ""score"": 0.002325542038306594}, {""label"": ""nervousness"", ""score"": 0.0077363839372992516}, {""label"": ""optimism"", ""score"": 0.005816853605210781}, {""label"": ""pride"", ""score"": 0.0013986242702230811}, {""label"": ""realization"", ""score"": 0.1146177351474762}, {""label"": ""relief"", ""score"": 0.0041161952540278435}, {""label"": ""remorse"", ""score"": 0.0033898171968758106}, {""label"": ""sadness"", ""score"": 0.3573070168495178}, {""label"": ""surprise"", ""score"": 0.005416632629930973}, {""label"": ""neutral"", ""score"": 0.5725011825561523}]",neutral,0.0,Ce tweet a un score de fiabilité de 0.0%.
at://did:plc:kg4dvyysni777gezgo6dslkb/app.bsky.feed.post/3lt4ydvah2k2z,https://bsky.app/profile/casesofyou.bsky.social/post/3lt4ydvah2k2z,bafyreif474vpebhpaqp5ltiqsckx6k2dw54lnn4s5wk5dq2atvqvvh2aom,our commentary on genocidal warfare in Gaza and the issue of balance in political geography is out and open access  www.sciencedirect.com/science/arti...,2025-07-04T10:01:25.291Z,2025-07-04T10:01:27.537Z,"""external=External(description='', title='Genocidal warfare in Gaza and the issue of balance in political geography', uri='https://www.sciencedirect.com/science/article/pii/S0962629825001192?utm_campaign=STMJ_220042_AUTH_SERV_PA&utm_medium=email&utm_acid=230202249&SIS_ID=&dgcid=STMJ_220042_AUTH_SERV_PA&CMX_ID=&utm_in=DM580037&utm_source=AC_', thumb=BlobRef(mime_type='image/jpeg', size=318538, ref=IpldLink(link='bafkreifgueblfxzw6lp2labyyxizi5ucl6vnwi5ynis2vq7fgnxowcit5u'), py_type='blob'), py_type='app.bsky.embed.external#external') py_type='app.bsky.embed.external'""",0,0,0,did:plc:kg4dvyysni777gezgo6dslkb,casesofyou.bsky.social,Mark Griffiths,0,0,0,2023-11-24T19:52:47.897Z,,False,,False,"""[]""",2025-07-04T10:10:31.644577Z,Vrai,"[0.0005096260574646294, 0.9994903802871704]","[{""label"": ""admiration"", ""score"": 0.0047375806607306}, {""label"": ""amusement"", ""score"": 0.0013808077201247215}, {""label"": ""anger"", ""score"": 0.0008349776617251337}, {""label"": ""annoyance"", ""score"": 0.0044296421110630035}, {""label"": ""approval"", ""score"": 0.037704117596149445}, {""label"": ""caring"", ""score"": 0.000652971095405519}, {""label"": ""confusion"", ""score"": 0.005439473781734705}, {""label"": ""curiosity"", ""score"": 0.0033778466749936342}, {""label"": ""desire"", ""score"": 0.0009905126644298434}, {""label"": ""disappointment"", ""score"": 0.0026024971157312393}, {""label"": ""disapproval"", ""score"": 0.0036025845911353827}, {""label"": ""disgust"", ""score"": 0.0016757389530539513}, {""label"": ""embarrassment"", ""score"": 0.0004636440717149526}, {""label"": ""excitement"", ""score"": 0.0018516990821808577}, {""label"": ""fear"", ""score"": 0.0008155246032401919}, {""label"": ""gratitude"", ""score"": 0.0006485494086518884}, {""label"": ""grief"", ""score"": 0.00023727893130853772}, {""label"": ""joy"", ""score"": 0.0010711316717788577}, {""label"": ""love"", ""score"": 0.0013075487222522497}, {""label"": ""nervousness"", ""score"": 0.00025896955048665404}, {""label"": ""optimism"", ""score"": 0.002165118930861354}, {""label"": ""pride"", ""score"": 0.0002545604365877807}, {""label"": ""realization"", ""score"": 0.011664159595966339}, {""label"": ""relief"", ""score"": 0.00031527248211205006}, {""label"": ""remorse"", ""score"": 0.0002729021362029016}, {""label"": ""sadness"", ""score"": 0.001196910860016942}, {""label"": ""surprise"", ""score"": 0.0008763804216869175}, {""label"": ""neutral"", ""score"": 0.9487396478652954}]",neutral,0.0,Ce tweet a un score de fiabilité de 0.0%.
at://did:plc:6ypuopkpods74cqe7aumw2gh/app.bsky.feed.post/3lt4yd24atc2x,https://bsky.app/profile/ian2r.bsky.social/post/3lt4yd24atc2x,bafyreida774gkkusbr2hop3dbu3gyc3hstughsotoitwwfe6usjpy7gt7u,Kill another green law? The EU wants to continue protecting polluters spreading greenwashing lies. Finally political momentum is on our side to stop this. Sign to demand the anti-greenwashing law. action.wemove.eu/sign/2025-07...,2025-07-04T10:00:56.841Z,2025-07-04T10:01:03.935Z,"""external=External(description='Kill another green law? The EU wants to continue protecting polluters spreading greenwashing lies. Finally political momentum is on our side to stop this. Sign to demand the anti-greenwashing law.', title='No more \u201cgreen\u201d lies! Don\u2019t let the EU kill the anti-greenwashing law.', uri='https://action.wemove.eu/sign/2025-07-antigreenwashing-directive-petition-EN?akid=s6344395..UebbQ9', thumb=BlobRef(mime_type='image/jpeg', size=770092, ref=IpldLink(link='bafkreid74q3dmd4xawvu74zdvqhisnqiy2tzjvmt5zqg2xgsj5dhavt3n4'), py_type='blob'), py_type='app.bsky.embed.external#external') py_type='app.bsky.embed.external'""",0,0,0,did:plc:6ypuopkpods74cqe7aumw2gh,ian2r.bsky.social,Ian,0,0,0,2024-11-18T14:21:40.046Z,,False,,False,"""[]""",2025-07-04T10:10:31.645282Z,Vrai,"[0.0394713468849659, 0.9605286717414856]","[{""label"": ""admiration"", ""score"": 0.0016839979216456413}, {""label"": ""amusement"", ""score"": 0.0004929915885441005}, {""label"": ""anger"", ""score"": 0.002944828011095524}, {""label"": ""annoyance"", ""score"": 0.018479641526937485}, {""label"": ""approval"", ""score"": 0.1468077301979065}, {""label"": ""caring"", ""score"": 0.0038647360634058714}, {""label"": ""confusion"", ""score"": 0.03288692981004715}, {""label"": ""curiosity"", ""score"": 0.0952862799167633}, {""label"": ""desire"", ""score"": 0.012852080166339874}, {""label"": ""disappointment"", ""score"": 0.004153320100158453}, {""label"": ""disapproval"", ""score"": 0.012715266086161137}, {""label"": ""disgust"", ""score"": 0.001028468948788941}, {""label"": ""embarrassment"", ""score"": 0.00031061909976415336}, {""label"": ""excitement"", ""score"": 0.0015789128374308348}, {""label"": ""fear"", ""score"": 0.0007361075258813798}, {""label"": ""gratitude"", ""score"": 0.0002150461805285886}, {""label"": ""grief"", ""score"": 0.00022939361224416643}, {""label"": ""joy"", ""score"": 0.0006083790794946253}, {""label"": ""love"", ""score"": 0.0009232826996594667}, {""label"": ""nervousness"", ""score"": 0.0004140225937590003}, {""label"": ""optimism"", ""score"": 0.018010180443525314}, {""label"": ""pride"", ""score"": 0.0001908539270516485}, {""label"": ""realization"", ""score"": 0.010561616159975529}, {""label"": ""relief"", ""score"": 0.0003708678123075515}, {""label"": ""remorse"", ""score"": 0.00024312899040523916}, {""label"": ""sadness"", ""score"": 0.0009736286010593176}, {""label"": ""surprise"", ""score"": 0.0009408761980012059}, {""label"": ""neutral"", ""score"": 0.6617394685745239}]",neutral,0.0,Ce tweet a un score de fiabilité de 0.0%.
at://did:plc:dacqb5pqgmkpig2l5oo4n6m4/app.bsky.feed.post/3lt4yckjkt226,https://bsky.app/profile/mathdemocrat.bsky.social/post/3lt4yckjkt226,bafyreicl4slsap7xpcyv4mqja4r2n453uv2rsbutypw5dshjm5ty5t2pc4,"""This is not prioritized enforcement; it is enforcement as a tool of political messaging and intimidation.""",2025-07-04T10:00:40.501Z,2025-07-04T10:00:42.137Z,{},0,0,0,did:plc:dacqb5pqgmkpig2l5oo4n6m4,mathdemocrat.bsky.social,math democrat,0,0,0,2024-11-21T03:40:15.570Z,,False,,False,"""[]""",2025-07-04T10:10:31.645336Z,Vrai,"[0.026277698576450348, 0.9737223386764526]","[{""label"": ""admiration"", ""score"": 0.0012277886271476746}, {""label"": ""amusement"", ""score"": 0.0008064855355769396}, {""label"": ""anger"", ""score"": 0.00980373751372099}, {""label"": ""annoyance"", ""score"": 0.05394976958632469}, {""label"": ""approval"", ""score"": 0.04742389917373657}, {""label"": ""caring"", ""score"": 0.0020551474299281836}, {""label"": ""confusion"", ""score"": 0.0021954597905278206}, {""label"": ""curiosity"", ""score"": 0.0007865052903071046}, {""label"": ""desire"", ""score"": 0.0007001300691626966}, {""label"": ""disappointment"", ""score"": 0.0069258688017725945}, {""label"": ""disapproval"", ""score"": 0.21770553290843964}, {""label"": ""disgust"", ""score"": 0.001842793426476419}, {""label"": ""embarrassment"", ""score"": 0.0007671823259443045}, {""label"": ""excitement"", ""score"": 0.0004243695002514869}, {""label"": ""fear"", ""score"": 0.0007144088740460575}, {""label"": ""gratitude"", ""score"": 0.0005790481809526682}, {""label"": ""grief"", ""score"": 0.00030002137646079063}, {""label"": ""joy"", ""score"": 0.0005795553443022072}, {""label"": ""love"", ""score"": 0.0003207939735148102}, {""label"": ""nervousness"", ""score"": 0.00029395855381153524}, {""label"": ""optimism"", ""score"": 0.002402069279924035}, {""label"": ""pride"", ""score"": 0.0002525353920646012}, {""label"": ""realization"", ""score"": 0.016326988115906715}, {""label"": ""relief"", ""score"": 0.00042725243838503957}, {""label"": ""remorse"", ""score"": 0.0002354440512135625}, {""label"": ""sadness"", ""score"": 0.0017491214675828815}, {""label"": ""surprise"", ""score"": 0.0005406084819696844}, {""label"": ""neutral"", ""score"": 0.7447065711021423}]",neutral,0.0,Ce tweet a un score de fiabilité de 0.0%.
at://did:plc:ekbb6p5taguzav7tzhlhcpnt/app.bsky.feed.post/3lt4ybiw3rs2c,https://bsky.app/profile/artistpw.bsky.social/post/3lt4ybiw3rs2c,bafyreigvuce4vdozg3gh3ifof6xzvacsuy66klxweof7liyqu5jhyizsqu,I think Netflix does need to make another Bright film  I support Will Smith and trying to protect his wife with alopecia.  What if the joke was about someone paralyzed or someone like T mocked that should have been the end of his political career?,2025-07-04T10:00:05.260Z,2025-07-04T10:00:05.135Z,{},0,0,0,did:plc:ekbb6p5taguzav7tzhlhcpnt,artistpw.bsky.social,artistpw,0,0,0,2024-11-13T10:37:58.290Z,,False,,False,"""[]""",2025-07-04T10:10:31.645642Z,Vrai,"[0.13060332834720612, 0.8693966865539551]","[{""label"": ""admiration"", ""score"": 0.011589580215513706}, {""label"": ""amusement"", ""score"": 0.0014359942870214581}, {""label"": ""anger"", ""score"": 0.002867997158318758}, {""label"": ""annoyance"", ""score"": 0.0074051725678145885}, {""label"": ""approval"", ""score"": 0.24637970328330994}, {""label"": ""caring"", ""score"": 0.14706259965896606}, {""label"": ""confusion"", ""score"": 0.10713044553995132}, {""label"": ""curiosity"", ""score"": 0.6057501435279846}, {""label"": ""desire"", ""score"": 0.01677914708852768}, {""label"": ""disappointment"", ""score"": 0.008009917102754116}, {""label"": ""disapproval"", ""score"": 0.014460112899541855}, {""label"": ""disgust"", ""score"": 0.0011442056857049465}, {""label"": ""embarrassment"", ""score"": 0.0008302206988446414}, {""label"": ""excitement"", ""score"": 0.0031034506391733885}, {""label"": ""fear"", ""score"": 0.004767607431858778}, {""label"": ""gratitude"", ""score"": 0.0008245602948591113}, {""label"": ""grief"", ""score"": 0.0017609732458367944}, {""label"": ""joy"", ""score"": 0.0026936593931168318}, {""label"": ""love"", ""score"": 0.028478002175688744}, {""label"": ""nervousness"", ""score"": 0.005477622617036104}, {""label"": ""optimism"", ""score"": 0.05696256458759308}, {""label"": ""pride"", ""score"": 0.00040967893437482417}, {""label"": ""realization"", ""score"": 0.013489777222275734}, {""label"": ""relief"", ""score"": 0.0018695606850087643}, {""label"": ""remorse"", ""score"": 0.007009394932538271}, {""label"": ""sadness"", ""score"": 0.014670731499791145}, {""label"": ""surprise"", ""score"": 0.0020856764167547226}, {""label"": ""neutral"", ""score"": 0.1389910876750946}]",curiosity,0.0,Ce tweet a un score de fiabilité de 0.0%.
at://did:plc:wvunlca6hbtgavicbnuuu7vl/app.bsky.feed.post/3lt4ybemw522u,https://bsky.app/profile/arkanium.bsky.social/post/3lt4ybemw522u,bafyreibm5pxrpbqcby4xkjwbix46ntkna2gysa2q4extrli62462k52wee,"Pull up a chair or, better, a bar stool, because this one’s going to unspool like an all-night session at your favorite dive. We will riff on how cults fuse anthropology, psychology, and raw political expediency; why we clutch their banners even as reason begs for a timeout.",2025-07-04T10:00:00.764Z,2025-07-04T10:00:03.541Z,"""external=External(description='A long-form meditation on why good people line up behind bad ideas, spun through the howl of a 1971 power chord and the enduring anthropology of cult behavior.', title='Won\u2019t Get Fooled Again: Charisma, Control, and the Choirs of Compliance', uri='https://open.substack.com/pub/richardjott/p/wont-get-fooled-again-charisma-control?r=1ltdxn&utm_campaign=post&utm_medium=web&showWelcomeOnShare=false', thumb=BlobRef(mime_type='image/jpeg', size=942497, ref=IpldLink(link='bafkreihmgqvmdedfoyc2i2tbpvrawmgix4ryyai6d6s2lgodz6ujpxflyi'), py_type='blob'), py_type='app.bsky.embed.external#external') py_type='app.bsky.embed.external'""",0,0,0,did:plc:wvunlca6hbtgavicbnuuu7vl,arkanium.bsky.social,Richard Ott,0,0,0,2024-11-16T13:59:39.781Z,,False,,False,"""[]""",2025-07-04T10:10:31.645746Z,Vrai,"[0.010788967832922935, 0.9892109632492065]","[{""label"": ""admiration"", ""score"": 0.0053608776070177555}, {""label"": ""amusement"", ""score"": 0.0023483058903366327}, {""label"": ""anger"", ""score"": 0.0012622650247067213}, {""label"": ""annoyance"", ""score"": 0.008677860721945763}, {""label"": ""approval"", ""score"": 0.09335525333881378}, {""label"": ""caring"", ""score"": 0.0017095374641939998}, {""label"": ""confusion"", ""score"": 0.004155495669692755}, {""label"": ""curiosity"", ""score"": 0.006245702970772982}, {""label"": ""desire"", ""score"": 0.0018440281273797154}, {""label"": ""disappointment"", ""score"": 0.0014403590466827154}, {""label"": ""disapproval"", ""score"": 0.0016111992299556732}, {""label"": ""disgust"", ""score"": 0.0006390476482920349}, {""label"": ""embarrassment"", ""score"": 0.00021295028273016214}, {""label"": ""excitement"", ""score"": 0.0041353702545166016}, {""label"": ""fear"", ""score"": 0.00037347309989854693}, {""label"": ""gratitude"", ""score"": 0.00025067265960387886}, {""label"": ""grief"", ""score"": 0.00014108877803664654}, {""label"": ""joy"", ""score"": 0.0033587743528187275}, {""label"": ""love"", ""score"": 0.003222360508516431}, {""label"": ""nervousness"", ""score"": 0.00022970921418163925}, {""label"": ""optimism"", ""score"": 0.008522920310497284}, {""label"": ""pride"", ""score"": 0.0003674714535009116}, {""label"": ""realization"", ""score"": 0.013962417840957642}, {""label"": ""relief"", ""score"": 0.00047421600902453065}, {""label"": ""remorse"", ""score"": 0.00013138023496139795}, {""label"": ""sadness"", ""score"": 0.0003815524105448276}, {""label"": ""surprise"", ""score"": 0.0009980167960748076}, {""label"": ""neutral"", ""score"": 0.8906152248382568}]",neutral,0.0,Ce tweet a un score de fiabilité de 0.0%.
at://did:plc:movr4wsu2du5xbmeragyr5cx/app.bsky.feed.post/3lt4yaf3zxc2x,https://bsky.app/profile/tristangrayford.scot/post/3lt4yaf3zxc2x,bafyreidpc7kz732y6lx2oibx2vihs534dm5nccegpwhsorzstemt4f77fa,"One new MP who has remained loyal: “There is a lot of political naivety here. They don’t understand that a year after a historic victory, we shouldn’t be undermining the leadership that helped get them elected.”  Maybe the leadership should have considered not undermining the party.",2025-07-04T09:59:27.706Z,2025-07-04T09:59:29.138Z,{},4,1,1,did:plc:movr4wsu2du5xbmeragyr5cx,tristangrayford.scot,Tristan Grayford,0,0,0,2024-08-19T10:58:35.185Z,,False,,False,"""[]""",2025-07-04T10:10:31.645795Z,Vrai,"[0.002123455051332712, 0.9978765249252319]","[{""label"": ""admiration"", ""score"": 0.001008221530355513}, {""label"": ""amusement"", ""score"": 0.0015393368666991591}, {""label"": ""anger"", ""score"": 0.0016627951990813017}, {""label"": ""annoyance"", ""score"": 0.029096879065036774}, {""label"": ""approval"", ""score"": 0.03337923809885979}, {""label"": ""caring"", ""score"": 0.001433936762623489}, {""label"": ""confusion"", ""score"": 0.027537349611520767}, {""label"": ""curiosity"", ""score"": 0.0014845668338239193}, {""label"": ""desire"", ""score"": 0.0010564367985352874}, {""label"": ""disappointment"", ""score"": 0.020430004224181175}, {""label"": ""disapproval"", ""score"": 0.059130311012268066}, {""label"": ""disgust"", ""score"": 0.001632796716876328}, {""label"": ""embarrassment"", ""score"": 0.002200406277552247}, {""label"": ""excitement"", ""score"": 0.00035484880208969116}, {""label"": ""fear"", ""score"": 0.0008851977763697505}, {""label"": ""gratitude"", ""score"": 0.0007093998719938099}, {""label"": ""grief"", ""score"": 0.00044880862697027624}, {""label"": ""joy"", ""score"": 0.0006888299831189215}, {""label"": ""love"", ""score"": 0.00042339068022556603}, {""label"": ""nervousness"", ""score"": 0.0008056029328145087}, {""label"": ""optimism"", ""score"": 0.009182707406580448}, {""label"": ""pride"", ""score"": 0.00036443679709918797}, {""label"": ""realization"", ""score"": 0.1398332267999649}, {""label"": ""relief"", ""score"": 0.0007773493998683989}, {""label"": ""remorse"", ""score"": 0.0011443097610026598}, {""label"": ""sadness"", ""score"": 0.002244409639388323}, {""label"": ""surprise"", ""score"": 0.0013295682147145271}, {""label"": ""neutral"", ""score"": 0.8162182569503784}]",neutral,8.75889328063241,Ce tweet a un score de fiabilité de 8.8%.
at://did:plc:vzpquvsfpdudxegn75xjbf2z/app.bsky.feed.post/3lt4y7zvuzc2n,https://bsky.app/profile/teela.bsky.social/post/3lt4y7zvuzc2n,bafyreig54u5ramdxvlmfqmw6dsblxcqwmne7xc4vgvcw74lqv4gnxdwx2e,"thank you  we have a lot of work to do  even after all of this, there are still too many people who are closeted behind their political apathy",2025-07-04T09:59:15.969Z,2025-07-04T09:59:16.639Z,{},0,0,0,did:plc:vzpquvsfpdudxegn75xjbf2z,teela.bsky.social,Teela,0,0,0,2023-06-04T17:07:29.781Z,,False,,False,"""[]""",2025-07-04T10:10:31.645828Z,Faux,"[0.9995250701904297, 0.00047491604345850646]","[{""label"": ""admiration"", ""score"": 0.0028729389887303114}, {""label"": ""amusement"", ""score"": 0.001241758931428194}, {""label"": ""anger"", ""score"": 0.001401794608682394}, {""label"": ""annoyance"", ""score"": 0.0083064129576087}, {""label"": ""approval"", ""score"": 0.013615883886814117}, {""label"": ""caring"", ""score"": 0.0038259862922132015}, {""label"": ""confusion"", ""score"": 0.002712156856432557}, {""label"": ""curiosity"", ""score"": 0.0012514919508248568}, {""label"": ""desire"", ""score"": 0.003112850245088339}, {""label"": ""disappointment"", ""score"": 0.0039004262071102858}, {""label"": ""disapproval"", ""score"": 0.0054337503388524055}, {""label"": ""disgust"", ""score"": 0.0013096517650410533}, {""label"": ""embarrassment"", ""score"": 0.0011668290244415402}, {""label"": ""excitement"", ""score"": 0.001770094851963222}, {""label"": ""fear"", ""score"": 0.0007606953149661422}, {""label"": ""gratitude"", ""score"": 0.9818739891052246}, {""label"": ""grief"", ""score"": 0.0006437211995944381}, {""label"": ""joy"", ""score"": 0.0021413268987089396}, {""label"": ""love"", ""score"": 0.0007505138055421412}, {""label"": ""nervousness"", ""score"": 0.00035171862691640854}, {""label"": ""optimism"", ""score"": 0.017109934240579605}, {""label"": ""pride"", ""score"": 0.000685910927131772}, {""label"": ""realization"", ""score"": 0.01146338228136301}, {""label"": ""relief"", ""score"": 0.0033722505904734135}, {""label"": ""remorse"", ""score"": 0.005149990785866976}, {""label"": ""sadness"", ""score"": 0.0038660219870507717}, {""label"": ""surprise"", ""score"": 0.0014006310375407338}, {""label"": ""neutral"", ""score"": 0.01744196191430092}]",gratitude,0.0,Ce tweet a un score de fiabilité de 0.0%.
at://did:plc:7vyotxftc2h757234ouonk6d/app.bsky.feed.post/3lt4y7y7lpk2o,https://bsky.app/profile/jonkingnews.bsky.social/post/3lt4y7y7lpk2o,bafyreigfeegxvbnhtro7z4ldotszkmwjttz7h3zvrzaj5hnt7bq3dsb5lq,"Anthony Bourdain was the only reason to watch CNN, and frankly, his show provided better political analysis than the corporate garbage it spews these days.",2025-07-04T09:59:14.191Z,2025-07-04T09:59:15.236Z,{},0,0,0,did:plc:7vyotxftc2h757234ouonk6d,jonkingnews.bsky.social,Jon King,0,0,0,2024-11-12T10:42:42.311Z,,False,,False,"""[]""",2025-07-04T10:10:31.645861Z,Vrai,"[0.004209047649055719, 0.995790958404541]","[{""label"": ""admiration"", ""score"": 0.3406706154346466}, {""label"": ""amusement"", ""score"": 0.0011214237893000245}, {""label"": ""anger"", ""score"": 0.001419933047145605}, {""label"": ""annoyance"", ""score"": 0.012995457276701927}, {""label"": ""approval"", ""score"": 0.303523987531662}, {""label"": ""caring"", ""score"": 0.0007280649151653051}, {""label"": ""confusion"", ""score"": 0.0012265157420188189}, {""label"": ""curiosity"", ""score"": 0.0008166587213054299}, {""label"": ""desire"", ""score"": 0.0007456491002812982}, {""label"": ""disappointment"", ""score"": 0.007647161837667227}, {""label"": ""disapproval"", ""score"": 0.007478163577616215}, {""label"": ""disgust"", ""score"": 0.0021308641880750656}, {""label"": ""embarrassment"", ""score"": 0.0005425902782008052}, {""label"": ""excitement"", ""score"": 0.0012709625298157334}, {""label"": ""fear"", ""score"": 0.0003143738431390375}, {""label"": ""gratitude"", ""score"": 0.0018998926971107721}, {""label"": ""grief"", ""score"": 0.00023744073405396193}, {""label"": ""joy"", ""score"": 0.0013452972052618861}, {""label"": ""love"", ""score"": 0.004356125835329294}, {""label"": ""nervousness"", ""score"": 9.450632205698639e-05}, {""label"": ""optimism"", ""score"": 0.00352838053368032}, {""label"": ""pride"", ""score"": 0.0016991631127893925}, {""label"": ""realization"", ""score"": 0.02823144942522049}, {""label"": ""relief"", ""score"": 0.0006254588370211422}, {""label"": ""remorse"", ""score"": 0.0002891437616199255}, {""label"": ""sadness"", ""score"": 0.0008634320693090558}, {""label"": ""surprise"", ""score"": 0.0007242243736982346}, {""label"": ""neutral"", ""score"": 0.4187072217464447}]",neutral,0.0,Ce tweet a un score de fiabilité de 0.0%.
at://did:plc:yc54nj2zlnqrdotewpkbrauy/app.bsky.feed.post/3lt4y7ryrfs2b,https://bsky.app/profile/the-independent.com/post/3lt4y7ryrfs2b,bafyreicop25bbbzqowmjo27bwkli5rbeeui2i4yxftduzosme47v4nxctm,What we know about Zarah Sultana’s new left-wing political party and Jeremy Corbyn’s role,2025-07-04T09:59:07.676Z,2025-07-04T09:59:10.441Z,"""external=External(description='Zarah Sultana announced the formation of a new political party - here is everything we know so far', title='What we know about Zarah Sultana\u2019s new political party and Jeremy Corbyn\u2019s role', uri='https://www.independent.co.uk/news/uk/politics/zarah-sultana-jeremy-corbyn-political-party-labour-b2782532.html?utm_source=bluesky&utm_medium=social&utm_campaign=bluesky&utm_id=bluesky', thumb=BlobRef(mime_type='image/jpeg', size=942477, ref=IpldLink(link='bafkreid2s6yvsgimglckeaw2lsnnznpmwbdpbg33fcquy4mp4pipbn66fu'), py_type='blob'), py_type='app.bsky.embed.external#external') py_type='app.bsky.embed.external'""",5,2,1,did:plc:yc54nj2zlnqrdotewpkbrauy,the-independent.com,The Independent,0,0,0,2023-07-12T23:13:55.896Z,,False,,False,"""[]""",2025-07-04T10:10:31.646081Z,Vrai,"[0.0009412326035089791, 0.9990587830543518]","[{""label"": ""admiration"", ""score"": 0.0019217217341065407}, {""label"": ""amusement"", ""score"": 0.0010798865696415305}, {""label"": ""anger"", ""score"": 0.0012211435241624713}, {""label"": ""annoyance"", ""score"": 0.004911589436233044}, {""label"": ""approval"", ""score"": 0.015771690756082535}, {""label"": ""caring"", ""score"": 0.0007657967507839203}, {""label"": ""confusion"", ""score"": 0.019900517538189888}, {""label"": ""curiosity"", ""score"": 0.037976108491420746}, {""label"": ""desire"", ""score"": 0.0017059440724551678}, {""label"": ""disappointment"", ""score"": 0.002296459162607789}, {""label"": ""disapproval"", ""score"": 0.002101263264194131}, {""label"": ""disgust"", ""score"": 0.0012869854690507054}, {""label"": ""embarrassment"", ""score"": 0.0005909376195631921}, {""label"": ""excitement"", ""score"": 0.0033094780519604683}, {""label"": ""fear"", ""score"": 0.0010903474176302552}, {""label"": ""gratitude"", ""score"": 0.00041721671004779637}, {""label"": ""grief"", ""score"": 0.00030187200172804296}, {""label"": ""joy"", ""score"": 0.000994488364085555}, {""label"": ""love"", ""score"": 0.0012826028978452086}, {""label"": ""nervousness"", ""score"": 0.00042910740012302995}, {""label"": ""optimism"", ""score"": 0.0024334569461643696}, {""label"": ""pride"", ""score"": 0.00013974530156701803}, {""label"": ""realization"", ""score"": 0.008838160894811153}, {""label"": ""relief"", ""score"": 0.00023070968745741993}, {""label"": ""remorse"", ""score"": 0.00025632319739088416}, {""label"": ""sadness"", ""score"": 0.0013184350682422519}, {""label"": ""surprise"", ""score"": 0.003521617501974106}, {""label"": ""neutral"", ""score"": 0.9195417761802673}]",neutral,10.42687747035573,Ce tweet a un score de fiabilité de 10.4%.
at://did:plc:ifra3nl27hdv2we7ydaccd7j/app.bsky.feed.post/3lt4y72635s2q,https://bsky.app/profile/bluebuoy1.bsky.social/post/3lt4y72635s2q,bafyreihke744pfpypq6vlbmiaynznprkktxx6she2ddtv2a53u52k3soxe,HAPPY 4TH OF JULY EVERYONE! Including those in and supporters of the violent political party.,2025-07-04T09:58:42.683Z,2025-07-04T09:58:43.438Z,{},0,0,0,did:plc:ifra3nl27hdv2we7ydaccd7j,bluebuoy1.bsky.social,,0,0,0,2025-04-20T18:47:08.373Z,,False,,False,"""[]""",2025-07-04T10:10:31.646140Z,Vrai,"[0.0006997043965384364, 0.9993002414703369]","[{""label"": ""admiration"", ""score"": 0.018076887354254723}, {""label"": ""amusement"", ""score"": 0.006135620176792145}, {""label"": ""anger"", ""score"": 0.002175058238208294}, {""label"": ""annoyance"", ""score"": 0.002850497607141733}, {""label"": ""approval"", ""score"": 0.00807238556444645}, {""label"": ""caring"", ""score"": 0.004356324207037687}, {""label"": ""confusion"", ""score"": 0.003826909465715289}, {""label"": ""curiosity"", ""score"": 0.006350835785269737}, {""label"": ""desire"", ""score"": 0.004350258503109217}, {""label"": ""disappointment"", ""score"": 0.001274470123462379}, {""label"": ""disapproval"", ""score"": 0.0011453386396169662}, {""label"": ""disgust"", ""score"": 0.0009880210272967815}, {""label"": ""embarrassment"", ""score"": 0.001016432885080576}, {""label"": ""excitement"", ""score"": 0.584084153175354}, {""label"": ""fear"", ""score"": 0.0030478481203317642}, {""label"": ""gratitude"", ""score"": 0.0498826801776886}, {""label"": ""grief"", ""score"": 0.001231483300216496}, {""label"": ""joy"", ""score"": 0.33422592282295227}, {""label"": ""love"", ""score"": 0.01008029468357563}, {""label"": ""nervousness"", ""score"": 0.002828537719324231}, {""label"": ""optimism"", ""score"": 0.004807783290743828}, {""label"": ""pride"", ""score"": 0.004066432360559702}, {""label"": ""realization"", ""score"": 0.005456673447042704}, {""label"": ""relief"", ""score"": 0.0051047466695308685}, {""label"": ""remorse"", ""score"": 0.0007800637977197766}, {""label"": ""sadness"", ""score"": 0.0029391939751803875}, {""label"": ""surprise"", ""score"": 0.01725631020963192}, {""label"": ""neutral"", ""score"": 0.07365337759256363}]",excitement,0.0,Ce tweet a un score de fiabilité de 0.0%.
at://did:plc:kjxy7onigwevhjkpmjrib2dd/app.bsky.feed.post/3lt4y5sjgi22a,https://bsky.app/profile/richrichmond.bsky.social/post/3lt4y5sjgi22a,bafyreih26jl5trchpoihy6bac5clanlm5pr34x26pi7n6fz5cgqgye2ek4,"This will only further divide us and increase the likelihood of more political violence targeting Americans. It’s sick, vile, and sad. If you’re celebrating today, this is what you are celebrating. Happy Fourth of July I suppose. 🤷‍♂️",2025-07-04T09:58:01.112Z,2025-07-04T09:58:01.836Z,"""record=Main(cid='bafyreihotbrwv4zhkj7c7lej72wapw5ebnxnrzuyvzhj2sthwgwcsathqm', uri='at://did:plc:52x7zvucxp3x7u4ohjuugvk2/app.bsky.feed.post/3lt4go6qsss2r', py_type='com.atproto.repo.strongRef') py_type='app.bsky.embed.record'""",0,0,0,did:plc:kjxy7onigwevhjkpmjrib2dd,richrichmond.bsky.social,Rich Richmond,0,0,0,2023-07-05T01:54:16.000Z,,False,,False,"""[]""",2025-07-04T10:10:31.646210Z,Vrai,"[0.0005678404122591019, 0.9994321465492249]","[{""label"": ""admiration"", ""score"": 0.0047348877415061}, {""label"": ""amusement"", ""score"": 0.002826893236488104}, {""label"": ""anger"", ""score"": 0.08543267101049423}, {""label"": ""annoyance"", ""score"": 0.12451598793268204}, {""label"": ""approval"", ""score"": 0.011621852405369282}, {""label"": ""caring"", ""score"": 0.028463197872042656}, {""label"": ""confusion"", ""score"": 0.0033762657549232244}, {""label"": ""curiosity"", ""score"": 0.007876482792198658}, {""label"": ""desire"", ""score"": 0.025760550051927567}, {""label"": ""disappointment"", ""score"": 0.11810854077339172}, {""label"": ""disapproval"", ""score"": 0.02130400389432907}, {""label"": ""disgust"", ""score"": 0.051004599779844284}, {""label"": ""embarrassment"", ""score"": 0.0036564103793352842}, {""label"": ""excitement"", ""score"": 0.005970974452793598}, {""label"": ""fear"", ""score"": 0.025304771959781647}, {""label"": ""gratitude"", ""score"": 0.0009565462823957205}, {""label"": ""grief"", ""score"": 0.012465057894587517}, {""label"": ""joy"", ""score"": 0.009309778921306133}, {""label"": ""love"", ""score"": 0.010049142874777317}, {""label"": ""nervousness"", ""score"": 0.017501290887594223}, {""label"": ""optimism"", ""score"": 0.009950539097189903}, {""label"": ""pride"", ""score"": 0.0011529948096722364}, {""label"": ""realization"", ""score"": 0.007982381619513035}, {""label"": ""relief"", ""score"": 0.002276213839650154}, {""label"": ""remorse"", ""score"": 0.0027081358712166548}, {""label"": ""sadness"", ""score"": 0.6383337378501892}, {""label"": ""surprise"", ""score"": 0.0023023930843919516}, {""label"": ""neutral"", ""score"": 0.013800827786326408}]",sadness,0.0,Ce tweet a un score de fiabilité de 0.0%.
at://did:plc:titxck5iqezl6lz7ik2qgswx/app.bsky.feed.post/3lt4y53gtpk2p,https://bsky.app/profile/dankpasta.bsky.social/post/3lt4y53gtpk2p,bafyreifsibrrlywqxukxim7jd3imnqgaiuh3aevppbkncwulpntdmx6gte,"It's possible for someone with the political instincts of a warm corn dog to make it to the big leagues (see Fetterman), but assuming that isn't the case for Jeffries what does that say about his true priorities?  Either way, he isn't worthy of respect. This is all far too little far too late.",2025-07-04T09:57:36.911Z,2025-07-04T09:57:37.438Z,{},1,0,1,did:plc:titxck5iqezl6lz7ik2qgswx,dankpasta.bsky.social,𝑭𝒂𝒎𝒐𝒖𝒔 𝑶𝒓𝒊𝒈𝒊𝒏𝒂𝒍 𝑴𝒂𝒓𝒕𝒚 𝑷𝒊𝒛𝒛𝒂™,0,0,0,2024-08-01T00:47:20.576Z,,False,,False,"""[]""",2025-07-04T10:10:31.646257Z,Vrai,"[0.0012772505870088935, 0.9987227320671082]","[{""label"": ""admiration"", ""score"": 0.003215348580852151}, {""label"": ""amusement"", ""score"": 0.000988287036307156}, {""label"": ""anger"", ""score"": 0.013333744369447231}, {""label"": ""annoyance"", ""score"": 0.11506783217191696}, {""label"": ""approval"", ""score"": 0.026764243841171265}, {""label"": ""caring"", ""score"": 0.003979024011641741}, {""label"": ""confusion"", ""score"": 0.12973050773143768}, {""label"": ""curiosity"", ""score"": 0.08837857097387314}, {""label"": ""desire"", ""score"": 0.001206828746944666}, {""label"": ""disappointment"", ""score"": 0.022065548226237297}, {""label"": ""disapproval"", ""score"": 0.5480774641036987}, {""label"": ""disgust"", ""score"": 0.003833155380561948}, {""label"": ""embarrassment"", ""score"": 0.0020177913829684258}, {""label"": ""excitement"", ""score"": 0.0010462835198268294}, {""label"": ""fear"", ""score"": 0.0008113898802548647}, {""label"": ""gratitude"", ""score"": 0.0009839662816375494}, {""label"": ""grief"", ""score"": 0.0003085333446506411}, {""label"": ""joy"", ""score"": 0.0005938793765380979}, {""label"": ""love"", ""score"": 0.0006571891135536134}, {""label"": ""nervousness"", ""score"": 0.0006624656962230802}, {""label"": ""optimism"", ""score"": 0.008037840016186237}, {""label"": ""pride"", ""score"": 0.00018607488891575485}, {""label"": ""realization"", ""score"": 0.008509589359164238}, {""label"": ""relief"", ""score"": 0.00036066482425667346}, {""label"": ""remorse"", ""score"": 0.0006745862192474306}, {""label"": ""sadness"", ""score"": 0.001426649047061801}, {""label"": ""surprise"", ""score"": 0.003022996708750725}, {""label"": ""neutral"", ""score"": 0.3109133839607239}]",disapproval,6.363636363636363,Ce tweet a un score de fiabilité de 6.4%.
at://did:plc:nv6hf3fsbkcb6klm2jyddcmf/app.bsky.feed.post/3lt4z3eobu22q,https://bsky.app/profile/moochcalucci.bsky.social/post/3lt4z3eobu22q,bafyreies4xoa6vygvnwlj5ujixcqcgf3lruyyxo7bfktgjfbraivubdmjm,"www.cbsnews.com/news/elon-mu...  Politics Elon Musk vows to start a new political party after Trump feud. Here's why that's harder than it sounds.  By Joe Walsh July 2, 2025 / 5:00 AM EDT / CBS News",2025-07-04T10:14:33.223Z,2025-07-04T09:56:59.535Z,"""images=[Image(alt='', image=BlobRef(mime_type='image/jpeg', size=148155, ref=IpldLink(link='bafkreieroeemcwpkmk5tvxsdc7q6gghqf5422h6dlxaxch3pfg4pkvviey'), py_type='blob'), aspect_ratio=AspectRatio(height=610, width=456, py_type='app.bsky.embed.defs#aspectRatio'), py_type='app.bsky.embed.images#image')] py_type='app.bsky.embed.images'""",0,0,0,did:plc:nv6hf3fsbkcb6klm2jyddcmf,moochcalucci.bsky.social,"""Mooch"" Calucci 🤞",0,0,0,2024-11-16T11:19:34.273Z,,False,,False,"""[]""",2025-07-04T10:10:31.646336Z,Vrai,"[0.002403935883194208, 0.9975960850715637]","[{""label"": ""admiration"", ""score"": 0.0013030897825956345}, {""label"": ""amusement"", ""score"": 0.0016832302790135145}, {""label"": ""anger"", ""score"": 0.0009329546010121703}, {""label"": ""annoyance"", ""score"": 0.013176817446947098}, {""label"": ""approval"", ""score"": 0.034056976437568665}, {""label"": ""caring"", ""score"": 0.0007294254610314965}, {""label"": ""confusion"", ""score"": 0.010991264134645462}, {""label"": ""curiosity"", ""score"": 0.006697756703943014}, {""label"": ""desire"", ""score"": 0.0013034541625529528}, {""label"": ""disappointment"", ""score"": 0.004482284188270569}, {""label"": ""disapproval"", ""score"": 0.006777083966881037}, {""label"": ""disgust"", ""score"": 0.0012921729357913136}, {""label"": ""embarrassment"", ""score"": 0.0005463223205879331}, {""label"": ""excitement"", ""score"": 0.0014847909333184361}, {""label"": ""fear"", ""score"": 0.0007410371908918023}, {""label"": ""gratitude"", ""score"": 0.00027915980899706483}, {""label"": ""grief"", ""score"": 0.00021470300271175802}, {""label"": ""joy"", ""score"": 0.0008351888391189277}, {""label"": ""love"", ""score"": 0.0004678606928791851}, {""label"": ""nervousness"", ""score"": 0.00041065571713261306}, {""label"": ""optimism"", ""score"": 0.004222762305289507}, {""label"": ""pride"", ""score"": 0.00016674227663315833}, {""label"": ""realization"", ""score"": 0.028316739946603775}, {""label"": ""relief"", ""score"": 0.000337290926836431}, {""label"": ""remorse"", ""score"": 0.00021201003983151168}, {""label"": ""sadness"", ""score"": 0.0010469815460965037}, {""label"": ""surprise"", ""score"": 0.0014575779205188155}, {""label"": ""neutral"", ""score"": 0.9282225370407104}]",neutral,0.0,Ce tweet a un score de fiabilité de 0.0%.
at://did:plc:yrcfbak4mluccrevmyth4izq/app.bsky.feed.post/3lt4y2jjqpk2v,https://bsky.app/profile/frasinho8814.bsky.social/post/3lt4y2jjqpk2v,bafyreia6jrfexanwdazwpmxnbex52klztljlh4m3rfh4z67pghfi4ctyte,Absolutely delighted with the news on Zarah Sultana and Jeremy Corbyn starting a new political party.  Finally will have someone to vote for that is sensible.,2025-07-04T09:56:11.022Z,2025-07-04T09:56:11.241Z,{},0,0,0,did:plc:yrcfbak4mluccrevmyth4izq,frasinho8814.bsky.social,Frasinho8814,0,0,0,2024-09-23T10:49:29.208Z,,False,,False,"""[]""",2025-07-04T10:10:31.646368Z,Vrai,"[0.00415456248447299, 0.9958454966545105]","[{""label"": ""admiration"", ""score"": 0.03698915243148804}, {""label"": ""amusement"", ""score"": 0.006463067140430212}, {""label"": ""anger"", ""score"": 0.002323427703231573}, {""label"": ""annoyance"", ""score"": 0.006987204309552908}, {""label"": ""approval"", ""score"": 0.14516057074069977}, {""label"": ""caring"", ""score"": 0.011146505363285542}, {""label"": ""confusion"", ""score"": 0.0031526165548712015}, {""label"": ""curiosity"", ""score"": 0.00329640693962574}, {""label"": ""desire"", ""score"": 0.005985885858535767}, {""label"": ""disappointment"", ""score"": 0.0017430095467716455}, {""label"": ""disapproval"", ""score"": 0.004589920863509178}, {""label"": ""disgust"", ""score"": 0.0007217188831418753}, {""label"": ""embarrassment"", ""score"": 0.0007851218688301742}, {""label"": ""excitement"", ""score"": 0.28709954023361206}, {""label"": ""fear"", ""score"": 0.0010881345951929688}, {""label"": ""gratitude"", ""score"": 0.0084064407274127}, {""label"": ""grief"", ""score"": 0.0007847246015444398}, {""label"": ""joy"", ""score"": 0.7445764541625977}, {""label"": ""love"", ""score"": 0.007584850769490004}, {""label"": ""nervousness"", ""score"": 0.002178761176764965}, {""label"": ""optimism"", ""score"": 0.01917029172182083}, {""label"": ""pride"", ""score"": 0.010482224635779858}, {""label"": ""realization"", ""score"": 0.0070089735090732574}, {""label"": ""relief"", ""score"": 0.023835593834519386}, {""label"": ""remorse"", ""score"": 0.0004361580649856478}, {""label"": ""sadness"", ""score"": 0.001326855504885316}, {""label"": ""surprise"", ""score"": 0.0034196735359728336}, {""label"": ""neutral"", ""score"": 0.05066195875406265}]",joy,0.0,Ce tweet a un score de fiabilité de 0.0%.
at://did:plc:cazqylzhtnwwnbrhh73q5omd/app.bsky.feed.post/3lt4y23ja6c2h,https://bsky.app/profile/xcheese.bsky.social/post/3lt4y23ja6c2h,bafyreihilpveitblvhiqe2qh5zwbpkp3fam2z7xo6ktnanegzo2raqemem,"Corbyn actually got more votes in 2019 than Starmer got in 2024. However, I've never not owned it, Corbyn had to resign as the PLP wouldn't support him. Just don't complain that former Labour members like me choose to vote for other parties that align more closely now with our own political views.",2025-07-04T09:55:56.326Z,2025-07-04T09:55:57.137Z,{},0,0,0,did:plc:cazqylzhtnwwnbrhh73q5omd,xcheese.bsky.social,Liam,0,0,0,2024-11-23T18:08:34.547Z,,False,,False,"""[]""",2025-07-04T10:10:31.646398Z,Vrai,"[0.0027284782845526934, 0.9972714781761169]","[{""label"": ""admiration"", ""score"": 0.002123940037563443}, {""label"": ""amusement"", ""score"": 0.0010722511215135455}, {""label"": ""anger"", ""score"": 0.012179236859083176}, {""label"": ""annoyance"", ""score"": 0.14382971823215485}, {""label"": ""approval"", ""score"": 0.06774886697530746}, {""label"": ""caring"", ""score"": 0.006694943644106388}, {""label"": ""confusion"", ""score"": 0.001884776633232832}, {""label"": ""curiosity"", ""score"": 0.0005856047500856221}, {""label"": ""desire"", ""score"": 0.0012802076525986195}, {""label"": ""disappointment"", ""score"": 0.020521653816103935}, {""label"": ""disapproval"", ""score"": 0.310497522354126}, {""label"": ""disgust"", ""score"": 0.0019916261080652475}, {""label"": ""embarrassment"", ""score"": 0.001078686211258173}, {""label"": ""excitement"", ""score"": 0.00045922622666694224}, {""label"": ""fear"", ""score"": 0.0003577424504328519}, {""label"": ""gratitude"", ""score"": 0.0010447034146636724}, {""label"": ""grief"", ""score"": 0.00040846405318006873}, {""label"": ""joy"", ""score"": 0.00117131182923913}, {""label"": ""love"", ""score"": 0.0005087123718112707}, {""label"": ""nervousness"", ""score"": 0.0003719768428709358}, {""label"": ""optimism"", ""score"": 0.004784602206200361}, {""label"": ""pride"", ""score"": 0.0006138022872619331}, {""label"": ""realization"", ""score"": 0.023671820759773254}, {""label"": ""relief"", ""score"": 0.0012475918047130108}, {""label"": ""remorse"", ""score"": 0.000523057475220412}, {""label"": ""sadness"", ""score"": 0.0025149553548544645}, {""label"": ""surprise"", ""score"": 0.00047510076547041535}, {""label"": ""neutral"", ""score"": 0.5746521353721619}]",neutral,0.0,Ce tweet a un score de fiabilité de 0.0%.
at://did:plc:purlsflje4j3rnnuu4xeiovw/app.bsky.feed.post/3lt4xzvcvik2j,https://bsky.app/profile/karldrinkwater.bsky.social/post/3lt4xzvcvik2j,bafyreiht3ngyvm7dhdiwvivqe6qrlep3rnijc2kll33welnk4w3her3lmm,"""Jeremy Corbyn and Zarah Sultana are co-founding a new political party""  www.councilestatemedia.uk/p/jeremy-cor...",2025-07-04T09:55:49.826Z,2025-07-04T09:55:54.337Z,"""external=External(description=\""It's about time...\"", title='Jeremy Corbyn and Zarah Sultana are co-founding a new political party', uri='https://www.councilestatemedia.uk/p/jeremy-corbyn-and-zarah-sultana-are', thumb=BlobRef(mime_type='image/jpeg', size=907692, ref=IpldLink(link='bafkreig2ppj64dvqgufslu72d5iqkw6be6qlyv2ce3uh3unavwitjod7qy'), py_type='blob'), py_type='app.bsky.embed.external#external') py_type='app.bsky.embed.external'""",1,0,0,did:plc:purlsflje4j3rnnuu4xeiovw,karldrinkwater.bsky.social,Karl Drinkwater 🏴󠁧󠁢󠁳󠁣󠁴󠁿 🏴󠁧󠁢󠁷󠁬󠁳󠁿 🇮🇪 🇵🇸 ☮️ 🌱 🥗,0,0,0,2024-08-21T08:56:53.686Z,,False,,False,"""[]""",2025-07-04T10:10:31.646506Z,Vrai,"[0.0050339349545538425, 0.9949660897254944]","[{""label"": ""admiration"", ""score"": 0.0036275270394980907}, {""label"": ""amusement"", ""score"": 0.002954798983410001}, {""label"": ""anger"", ""score"": 0.001019113464280963}, {""label"": ""annoyance"", ""score"": 0.003923902753740549}, {""label"": ""approval"", ""score"": 0.038878656923770905}, {""label"": ""caring"", ""score"": 0.0008068321621976793}, {""label"": ""confusion"", ""score"": 0.0018198115285485983}, {""label"": ""curiosity"", ""score"": 0.0010932538425549865}, {""label"": ""desire"", ""score"": 0.001024403958581388}, {""label"": ""disappointment"", ""score"": 0.0028325351886451244}, {""label"": ""disapproval"", ""score"": 0.0035541823599487543}, {""label"": ""disgust"", ""score"": 0.001294167130254209}, {""label"": ""embarrassment"", ""score"": 0.0006251459126360714}, {""label"": ""excitement"", ""score"": 0.005988794378936291}, {""label"": ""fear"", ""score"": 0.0012505786726251245}, {""label"": ""gratitude"", ""score"": 0.0005345125100575387}, {""label"": ""grief"", ""score"": 0.00040395266842097044}, {""label"": ""joy"", ""score"": 0.005288438405841589}, {""label"": ""love"", ""score"": 0.0016338968416675925}, {""label"": ""nervousness"", ""score"": 0.0004960146616213024}, {""label"": ""optimism"", ""score"": 0.0021696649491786957}, {""label"": ""pride"", ""score"": 0.0006058525177650154}, {""label"": ""realization"", ""score"": 0.01350606419146061}, {""label"": ""relief"", ""score"": 0.0006844181916676462}, {""label"": ""remorse"", ""score"": 0.00035016858601011336}, {""label"": ""sadness"", ""score"": 0.0019945779349654913}, {""label"": ""surprise"", ""score"": 0.001294763875193894}, {""label"": ""neutral"", ""score"": 0.9409934878349304}]",neutral,0.36363636363636365,Ce tweet a un score de fiabilité de 0.4%.
at://did:plc:ak6fpjb7ieevfuyf24ame7uf/app.bsky.feed.post/3lt4xzct6wc2l,https://bsky.app/profile/chrystal-symons.bsky.social/post/3lt4xzct6wc2l,bafyreigy5trtmn3fsyw6kofnbhzxl745e7ribs427wutwgnp6ucorczbfm,Kill another green law? The EU wants to continue protecting polluters spreading greenwashing lies. Finally political momentum is on our side to stop this. Sign to demand the anti-greenwashing law. action.wemove.eu/sign/2025-07...,2025-07-04T09:55:30.437Z,2025-07-04T09:55:34.040Z,"""external=External(description='Kill another green law? The EU wants to continue protecting polluters spreading greenwashing lies. Finally political momentum is on our side to stop this. Sign to demand the anti-greenwashing law.', title='No more \u201cgreen\u201d lies! Don\u2019t let the EU kill the anti-greenwashing law.', uri='https://action.wemove.eu/sign/2025-07-antigreenwashing-directive-petition-EN?akid=s6344357..5kU45l', thumb=BlobRef(mime_type='image/jpeg', size=767410, ref=IpldLink(link='bafkreih5mzqsxqbacrq4ehuuroiqj6rzci4obnlherwvsdn6z5srzbdj7m'), py_type='blob'), py_type='app.bsky.embed.external#external') py_type='app.bsky.embed.external'""",0,0,0,did:plc:ak6fpjb7ieevfuyf24ame7uf,chrystal-symons.bsky.social,,0,0,0,2025-03-09T15:42:35.242Z,,False,,False,"""[]""",2025-07-04T10:10:31.646612Z,Vrai,"[0.0394713468849659, 0.9605286717414856]","[{""label"": ""admiration"", ""score"": 0.0016839979216456413}, {""label"": ""amusement"", ""score"": 0.0004929915885441005}, {""label"": ""anger"", ""score"": 0.002944828011095524}, {""label"": ""annoyance"", ""score"": 0.018479641526937485}, {""label"": ""approval"", ""score"": 0.1468077301979065}, {""label"": ""caring"", ""score"": 0.0038647360634058714}, {""label"": ""confusion"", ""score"": 0.03288692981004715}, {""label"": ""curiosity"", ""score"": 0.0952862799167633}, {""label"": ""desire"", ""score"": 0.012852080166339874}, {""label"": ""disappointment"", ""score"": 0.004153320100158453}, {""label"": ""disapproval"", ""score"": 0.012715266086161137}, {""label"": ""disgust"", ""score"": 0.001028468948788941}, {""label"": ""embarrassment"", ""score"": 0.00031061909976415336}, {""label"": ""excitement"", ""score"": 0.0015789128374308348}, {""label"": ""fear"", ""score"": 0.0007361075258813798}, {""label"": ""gratitude"", ""score"": 0.0002150461805285886}, {""label"": ""grief"", ""score"": 0.00022939361224416643}, {""label"": ""joy"", ""score"": 0.0006083790794946253}, {""label"": ""love"", ""score"": 0.0009232826996594667}, {""label"": ""nervousness"", ""score"": 0.0004140225937590003}, {""label"": ""optimism"", ""score"": 0.018010180443525314}, {""label"": ""pride"", ""score"": 0.0001908539270516485}, {""label"": ""realization"", ""score"": 0.010561616159975529}, {""label"": ""relief"", ""score"": 0.0003708678123075515}, {""label"": ""remorse"", ""score"": 0.00024312899040523916}, {""label"": ""sadness"", ""score"": 0.0009736286010593176}, {""label"": ""surprise"", ""score"": 0.0009408761980012059}, {""label"": ""neutral"", ""score"": 0.6617394685745239}]",neutral,0.0,Ce tweet a un score de fiabilité de 0.0%.
at://did:plc:c7joxdlnss2nm3iwsdo2becg/app.bsky.feed.post/3lt4xz42ak224,https://bsky.app/profile/sarcasticsmall.bsky.social/post/3lt4xz42ak224,bafyreidz7kksmjya6mq6aqoao3eaejgtloowoctxs2r46dqsxljiskneeq,"You see a grinding general lack of insight or knowledge of basic historical and political facts, in the perverted (and cleverly exploited by Israel) conflation of Zionism and Judaism, in the blind ignorance of the meaning of words like ""socialism"", ""communism"" and so on. With both right and left. 6/",2025-07-04T09:55:23.328Z,2025-07-04T09:55:23.339Z,{},0,0,1,did:plc:c7joxdlnss2nm3iwsdo2becg,sarcasticsmall.bsky.social,Bjørn B,0,0,0,2023-09-18T19:33:25.964Z,,False,,False,"""[]""",2025-07-04T10:10:31.646666Z,Vrai,"[0.0015599025646224618, 0.9984400868415833]","[{""label"": ""admiration"", ""score"": 0.0011283637722954154}, {""label"": ""amusement"", ""score"": 0.0009362716809846461}, {""label"": ""anger"", ""score"": 0.006457396317273378}, {""label"": ""annoyance"", ""score"": 0.08976291120052338}, {""label"": ""approval"", ""score"": 0.019760487601161003}, {""label"": ""caring"", ""score"": 0.0010513579472899437}, {""label"": ""confusion"", ""score"": 0.0033408249728381634}, {""label"": ""curiosity"", ""score"": 0.0009518634178675711}, {""label"": ""desire"", ""score"": 0.0007169176242314279}, {""label"": ""disappointment"", ""score"": 0.03833232447504997}, {""label"": ""disapproval"", ""score"": 0.0585477277636528}, {""label"": ""disgust"", ""score"": 0.007768030744045973}, {""label"": ""embarrassment"", ""score"": 0.0023866507690399885}, {""label"": ""excitement"", ""score"": 0.00025562618975527585}, {""label"": ""fear"", ""score"": 0.0009813018841668963}, {""label"": ""gratitude"", ""score"": 0.00046469562221318483}, {""label"": ""grief"", ""score"": 0.0005152077646926045}, {""label"": ""joy"", ""score"": 0.000369013287127018}, {""label"": ""love"", ""score"": 0.0005137346452102065}, {""label"": ""nervousness"", ""score"": 0.0004367498913779855}, {""label"": ""optimism"", ""score"": 0.002074284479022026}, {""label"": ""pride"", ""score"": 0.00022187222202774137}, {""label"": ""realization"", ""score"": 0.022768693044781685}, {""label"": ""relief"", ""score"": 0.0003606758255045861}, {""label"": ""remorse"", ""score"": 0.000619070022366941}, {""label"": ""sadness"", ""score"": 0.0055048707872629166}, {""label"": ""surprise"", ""score"": 0.0006174689624458551}, {""label"": ""neutral"", ""score"": 0.8302179574966431}]",neutral,6.0,Ce tweet a un score de fiabilité de 6.0%.
at://did:plc:3o5pecoqlgr7wnlzz43i6vw5/app.bsky.feed.post/3lt4xyrexnc22,https://bsky.app/profile/thelastmileusaid.bsky.social/post/3lt4xyrexnc22,bafyreih5dnuonpjjw2yuihtvembsr3jf47g3zvbbol37h6ij3ruclvwzy4,"The State-USAID “marriage” is official—but will it be a union of purpose or power imbalance? Development can’t be a political tool. USAID must retain its integrity, or foreign aid becomes just another chess piece. Watch this space.  🔗 www.devex.com/news/devex-n...",2025-07-04T09:55:12.139Z,2025-07-04T09:55:16.237Z,"""images=[Image(alt='', image=BlobRef(mime_type='image/jpeg', size=442576, ref=IpldLink(link='bafkreibxnst4skeghr6w67egccfh7iklwyqzp7mvksp5yykirieal6eiby'), py_type='blob'), aspect_ratio=AspectRatio(height=700, width=1100, py_type='app.bsky.embed.defs#aspectRatio'), py_type='app.bsky.embed.images#image')] py_type='app.bsky.embed.images'""",3,0,0,did:plc:3o5pecoqlgr7wnlzz43i6vw5,thelastmileusaid.bsky.social,The Last Mile with USAID,0,0,0,2025-05-27T12:35:26.641Z,,False,,False,"""[]""",2025-07-04T10:10:31.646774Z,Vrai,"[0.0031199713703244925, 0.996880054473877]","[{""label"": ""admiration"", ""score"": 0.0017999721458181739}, {""label"": ""amusement"", ""score"": 0.0006051954696886241}, {""label"": ""anger"", ""score"": 0.003217315999791026}, {""label"": ""annoyance"", ""score"": 0.019324565306305885}, {""label"": ""approval"", ""score"": 0.08136621117591858}, {""label"": ""caring"", ""score"": 0.00755048543214798}, {""label"": ""confusion"", ""score"": 0.16901619732379913}, {""label"": ""curiosity"", ""score"": 0.18883387744426727}, {""label"": ""desire"", ""score"": 0.003202440682798624}, {""label"": ""disappointment"", ""score"": 0.006655835080891848}, {""label"": ""disapproval"", ""score"": 0.0875198096036911}, {""label"": ""disgust"", ""score"": 0.0016353639075532556}, {""label"": ""embarrassment"", ""score"": 0.0007290872745215893}, {""label"": ""excitement"", ""score"": 0.0011513041099533439}, {""label"": ""fear"", ""score"": 0.0014560824492946267}, {""label"": ""gratitude"", ""score"": 0.000280766689684242}, {""label"": ""grief"", ""score"": 0.0002962074941024184}, {""label"": ""joy"", ""score"": 0.0005471796030178666}, {""label"": ""love"", ""score"": 0.0016001717885956168}, {""label"": ""nervousness"", ""score"": 0.0008138070115819573}, {""label"": ""optimism"", ""score"": 0.016616083681583405}, {""label"": ""pride"", ""score"": 0.0001560243108542636}, {""label"": ""realization"", ""score"": 0.013683393597602844}, {""label"": ""relief"", ""score"": 0.0004033133154734969}, {""label"": ""remorse"", ""score"": 0.0004877931496594101}, {""label"": ""sadness"", ""score"": 0.001529910834506154}, {""label"": ""surprise"", ""score"": 0.0019980547949671745}, {""label"": ""neutral"", ""score"": 0.6396994590759277}]",neutral,1.090909090909091,Ce tweet a un score de fiabilité de 1.1%.
at://did:plc:ekamavnkjsoiqk6jxwwc55pz/app.bsky.feed.post/3lt4xxr3yxc2g,https://bsky.app/profile/helenmcgreary.bsky.social/post/3lt4xxr3yxc2g,bafyreibqvi5baiwwsam7ap4ijyrsxuk4c4cpmm7vkyly2ixppyfdphqsuu,Kill another green law? The EU wants to continue protecting polluters spreading greenwashing lies. Finally political momentum is on our side to stop this. Sign to demand the anti-greenwashing law. action.wemove.eu/sign/2025-07...,2025-07-04T09:54:38.295Z,2025-07-04T09:54:40.740Z,"""external=External(description='Kill another green law? The EU wants to continue protecting polluters spreading greenwashing lies. Finally political momentum is on our side to stop this. Sign to demand the anti-greenwashing law.', title='No more \u201cgreen\u201d lies! Don\u2019t let the EU kill the anti-greenwashing law.', uri='https://action.wemove.eu/sign/2025-07-antigreenwashing-directive-petition-EN?akid=s6344350..xD6RX1', thumb=BlobRef(mime_type='image/jpeg', size=772083, ref=IpldLink(link='bafkreia6lhkyavs5tevpvfvkjejho6ze642hh7hfbwmcl444bhl7meqm6q'), py_type='blob'), py_type='app.bsky.embed.external#external') py_type='app.bsky.embed.external'""",0,0,0,did:plc:ekamavnkjsoiqk6jxwwc55pz,helenmcgreary.bsky.social,,0,0,0,2025-01-07T22:28:31.544Z,,False,,False,"""[]""",2025-07-04T10:10:31.646888Z,Vrai,"[0.0394713468849659, 0.9605286717414856]","[{""label"": ""admiration"", ""score"": 0.0016839979216456413}, {""label"": ""amusement"", ""score"": 0.0004929915885441005}, {""label"": ""anger"", ""score"": 0.002944828011095524}, {""label"": ""annoyance"", ""score"": 0.018479641526937485}, {""label"": ""approval"", ""score"": 0.1468077301979065}, {""label"": ""caring"", ""score"": 0.0038647360634058714}, {""label"": ""confusion"", ""score"": 0.03288692981004715}, {""label"": ""curiosity"", ""score"": 0.0952862799167633}, {""label"": ""desire"", ""score"": 0.012852080166339874}, {""label"": ""disappointment"", ""score"": 0.004153320100158453}, {""label"": ""disapproval"", ""score"": 0.012715266086161137}, {""label"": ""disgust"", ""score"": 0.001028468948788941}, {""label"": ""embarrassment"", ""score"": 0.00031061909976415336}, {""label"": ""excitement"", ""score"": 0.0015789128374308348}, {""label"": ""fear"", ""score"": 0.0007361075258813798}, {""label"": ""gratitude"", ""score"": 0.0002150461805285886}, {""label"": ""grief"", ""score"": 0.00022939361224416643}, {""label"": ""joy"", ""score"": 0.0006083790794946253}, {""label"": ""love"", ""score"": 0.0009232826996594667}, {""label"": ""nervousness"", ""score"": 0.0004140225937590003}, {""label"": ""optimism"", ""score"": 0.018010180443525314}, {""label"": ""pride"", ""score"": 0.0001908539270516485}, {""label"": ""realization"", ""score"": 0.010561616159975529}, {""label"": ""relief"", ""score"": 0.0003708678123075515}, {""label"": ""remorse"", ""score"": 0.00024312899040523916}, {""label"": ""sadness"", ""score"": 0.0009736286010593176}, {""label"": ""surprise"", ""score"": 0.0009408761980012059}, {""label"": ""neutral"", ""score"": 0.6617394685745239}]",neutral,0.0,Ce tweet a un score de fiabilité de 0.0%.
at://did:plc:2n4w62oei5ml75dzeun7ap7x/app.bsky.feed.post/3lt4xxlwd7227,https://bsky.app/profile/rikworth.bsky.social/post/3lt4xxlwd7227,bafyreicjx4d64gduk2xxmn5npwa44z3j24lev266gdbcgfs22icfmfzyia,I think there is a case that Centrism is a management style and not an political perspective. Otherwise it’s quite difficult to define what a set of centrist values or a centrist theory of history or centrist movement would be.,2025-07-04T09:54:32.868Z,2025-07-04T09:54:33.637Z,{},1,0,1,did:plc:2n4w62oei5ml75dzeun7ap7x,rikworth.bsky.social,Rik Worth,0,0,0,2023-06-28T14:27:02.430Z,,False,,False,"""[]""",2025-07-04T10:10:31.646948Z,Vrai,"[0.006007495801895857, 0.9939925074577332]","[{""label"": ""admiration"", ""score"": 0.0027404194697737694}, {""label"": ""amusement"", ""score"": 0.0012372401542961597}, {""label"": ""anger"", ""score"": 0.0012146895751357079}, {""label"": ""annoyance"", ""score"": 0.00896463543176651}, {""label"": ""approval"", ""score"": 0.04335669055581093}, {""label"": ""caring"", ""score"": 0.001612812397070229}, {""label"": ""confusion"", ""score"": 0.6987800002098083}, {""label"": ""curiosity"", ""score"": 0.011192613281309605}, {""label"": ""desire"", ""score"": 0.0020419785287231207}, {""label"": ""disappointment"", ""score"": 0.011009136214852333}, {""label"": ""disapproval"", ""score"": 0.060614876449108124}, {""label"": ""disgust"", ""score"": 0.0019352462841197848}, {""label"": ""embarrassment"", ""score"": 0.0012432560324668884}, {""label"": ""excitement"", ""score"": 0.0014009623555466533}, {""label"": ""fear"", ""score"": 0.0017500711837783456}, {""label"": ""gratitude"", ""score"": 0.001697435392998159}, {""label"": ""grief"", ""score"": 0.000369827204849571}, {""label"": ""joy"", ""score"": 0.0019145481055602431}, {""label"": ""love"", ""score"": 0.00226699304766953}, {""label"": ""nervousness"", ""score"": 0.001662538736127317}, {""label"": ""optimism"", ""score"": 0.009693363681435585}, {""label"": ""pride"", ""score"": 0.00033252660068683326}, {""label"": ""realization"", ""score"": 0.046109747141599655}, {""label"": ""relief"", ""score"": 0.0007223436841741204}, {""label"": ""remorse"", ""score"": 0.0011446854332461953}, {""label"": ""sadness"", ""score"": 0.0020806328393518925}, {""label"": ""surprise"", ""score"": 0.0023115791846066713}, {""label"": ""neutral"", ""score"": 0.39205244183540344}]",confusion,6.363636363636363,Ce tweet a un score de fiabilité de 6.4%.
at://did:plc:uff5sz54cnwmj5nmnnlypwxh/app.bsky.feed.post/3lt4xx22t4c2q,https://bsky.app/profile/andrea-frati-1969.bsky.social/post/3lt4xx22t4c2q,bafyreie37rxdbojsl4b6ryapf2zyb2gaq6lbolt5igjzgnvmjscookpwe4,Kill another green law? The EU wants to continue protecting polluters spreading greenwashing lies. Finally political momentum is on our side to stop this. Sign to demand the anti-greenwashing law. action.wemove.eu/sign/2025-07...,2025-07-04T09:54:14.141Z,2025-07-04T09:54:17.142Z,"""external=External(description='Kill another green law? The EU wants to continue protecting polluters spreading greenwashing lies. Finally political momentum is on our side to stop this. Sign to demand the anti-greenwashing law.', title='No more \u201cgreen\u201d lies! Don\u2019t let the EU kill the anti-greenwashing law.', uri='https://action.wemove.eu/sign/2025-07-antigreenwashing-directive-petition-EN?akid=s6344346..FIzKg6', thumb=BlobRef(mime_type='image/jpeg', size=765971, ref=IpldLink(link='bafkreifmqfrltgdfdvn2bwqtv7wo6jh2be457gd7cxx4hilt6cj6xtu6iu'), py_type='blob'), py_type='app.bsky.embed.external#external') py_type='app.bsky.embed.external'""",0,0,0,did:plc:uff5sz54cnwmj5nmnnlypwxh,andrea-frati-1969.bsky.social,,0,0,0,2025-03-03T09:04:19.046Z,,False,,False,"""[]""",2025-07-04T10:10:31.647055Z,Vrai,"[0.0394713468849659, 0.9605286717414856]","[{""label"": ""admiration"", ""score"": 0.0016839979216456413}, {""label"": ""amusement"", ""score"": 0.0004929915885441005}, {""label"": ""anger"", ""score"": 0.002944828011095524}, {""label"": ""annoyance"", ""score"": 0.018479641526937485}, {""label"": ""approval"", ""score"": 0.1468077301979065}, {""label"": ""caring"", ""score"": 0.0038647360634058714}, {""label"": ""confusion"", ""score"": 0.03288692981004715}, {""label"": ""curiosity"", ""score"": 0.0952862799167633}, {""label"": ""desire"", ""score"": 0.012852080166339874}, {""label"": ""disappointment"", ""score"": 0.004153320100158453}, {""label"": ""disapproval"", ""score"": 0.012715266086161137}, {""label"": ""disgust"", ""score"": 0.001028468948788941}, {""label"": ""embarrassment"", ""score"": 0.00031061909976415336}, {""label"": ""excitement"", ""score"": 0.0015789128374308348}, {""label"": ""fear"", ""score"": 0.0007361075258813798}, {""label"": ""gratitude"", ""score"": 0.0002150461805285886}, {""label"": ""grief"", ""score"": 0.00022939361224416643}, {""label"": ""joy"", ""score"": 0.0006083790794946253}, {""label"": ""love"", ""score"": 0.0009232826996594667}, {""label"": ""nervousness"", ""score"": 0.0004140225937590003}, {""label"": ""optimism"", ""score"": 0.018010180443525314}, {""label"": ""pride"", ""score"": 0.0001908539270516485}, {""label"": ""realization"", ""score"": 0.010561616159975529}, {""label"": ""relief"", ""score"": 0.0003708678123075515}, {""label"": ""remorse"", ""score"": 0.00024312899040523916}, {""label"": ""sadness"", ""score"": 0.0009736286010593176}, {""label"": ""surprise"", ""score"": 0.0009408761980012059}, {""label"": ""neutral"", ""score"": 0.6617394685745239}]",neutral,0.0,Ce tweet a un score de fiabilité de 0.0%.
at://did:plc:tq24wwci3vt7wa3m4mjcanr4/app.bsky.feed.post/3lt4xwp6yas2k,https://bsky.app/profile/raggyralph.bsky.social/post/3lt4xwp6yas2k,bafyreieconesgseuhtpjxlhj7ed6mq3isfv35vj3hfflew7ooll4nvxlvi,"Countdown to the Left bickering over political purity and splitting their own voter pool.  Having personal beliefs and principles is great. Refusing to move from those to reach a compromise and a united position with fellow 'Lefties', not so.",2025-07-04T09:54:02.744Z,2025-07-04T09:54:04.735Z,{},0,0,0,did:plc:tq24wwci3vt7wa3m4mjcanr4,raggyralph.bsky.social,Ben Ralph,0,0,0,2024-09-02T23:57:30.706Z,,False,,False,"""[]""",2025-07-04T10:10:31.647117Z,Vrai,"[0.004216595087200403, 0.9957834482192993]","[{""label"": ""admiration"", ""score"": 0.10333338379859924}, {""label"": ""amusement"", ""score"": 0.0008640176965855062}, {""label"": ""anger"", ""score"": 0.006524236407130957}, {""label"": ""annoyance"", ""score"": 0.054654814302921295}, {""label"": ""approval"", ""score"": 0.06871325522661209}, {""label"": ""caring"", ""score"": 0.001495838281698525}, {""label"": ""confusion"", ""score"": 0.0036179847083985806}, {""label"": ""curiosity"", ""score"": 0.0009919826406985521}, {""label"": ""desire"", ""score"": 0.001264221384190023}, {""label"": ""disappointment"", ""score"": 0.04835660383105278}, {""label"": ""disapproval"", ""score"": 0.526807427406311}, {""label"": ""disgust"", ""score"": 0.0029825877863913774}, {""label"": ""embarrassment"", ""score"": 0.0012204092927277088}, {""label"": ""excitement"", ""score"": 0.0016400181921198964}, {""label"": ""fear"", ""score"": 0.000466575613245368}, {""label"": ""gratitude"", ""score"": 0.004189817234873772}, {""label"": ""grief"", ""score"": 0.0004858692118432373}, {""label"": ""joy"", ""score"": 0.0018721349770203233}, {""label"": ""love"", ""score"": 0.0015831165947020054}, {""label"": ""nervousness"", ""score"": 0.0002464672434143722}, {""label"": ""optimism"", ""score"": 0.0038469999562948942}, {""label"": ""pride"", ""score"": 0.0015667217085137963}, {""label"": ""realization"", ""score"": 0.016731228679418564}, {""label"": ""relief"", ""score"": 0.0012373969657346606}, {""label"": ""remorse"", ""score"": 0.0006080846069380641}, {""label"": ""sadness"", ""score"": 0.0020538519602268934}, {""label"": ""surprise"", ""score"": 0.0015704198740422726}, {""label"": ""neutral"", ""score"": 0.3130958378314972}]",disapproval,0.0,Ce tweet a un score de fiabilité de 0.0%.
at://did:plc:myobbyeq55464rhkimoj33ct/app.bsky.feed.post/3lt4xwlb5v22o,https://bsky.app/profile/teresawithoutanh.bsky.social/post/3lt4xwlb5v22o,bafyreicu4ke4v7ck432suslkznuw6mynkt5mul4y6miziukt5verjjc33u,Unfortunately many in the active military (just as the greater US) are all-in on Trump.  The demographics align.  Young men love Trump.  A close relative who is very decorated and wants political office upon retirement is a huge Trumper.  Big family issue with us😞,2025-07-04T09:53:58.621Z,2025-07-04T09:53:59.537Z,{},0,0,0,did:plc:myobbyeq55464rhkimoj33ct,teresawithoutanh.bsky.social,Teresa,0,0,0,2024-11-13T04:12:57.790Z,,False,,False,"""[]""",2025-07-04T10:10:31.647174Z,Vrai,"[0.0012148607056587934, 0.9987851977348328]","[{""label"": ""admiration"", ""score"": 0.013170554302632809}, {""label"": ""amusement"", ""score"": 0.0011635171249508858}, {""label"": ""anger"", ""score"": 0.00672186492010951}, {""label"": ""annoyance"", ""score"": 0.021176332607865334}, {""label"": ""approval"", ""score"": 0.1883690506219864}, {""label"": ""caring"", ""score"": 0.0070124296471476555}, {""label"": ""confusion"", ""score"": 0.0020890196319669485}, {""label"": ""curiosity"", ""score"": 0.0016563902609050274}, {""label"": ""desire"", ""score"": 0.008618497289717197}, {""label"": ""disappointment"", ""score"": 0.08237297087907791}, {""label"": ""disapproval"", ""score"": 0.02293660305440426}, {""label"": ""disgust"", ""score"": 0.003587526036426425}, {""label"": ""embarrassment"", ""score"": 0.001515558222308755}, {""label"": ""excitement"", ""score"": 0.0014651393285021186}, {""label"": ""fear"", ""score"": 0.0008033043704926968}, {""label"": ""gratitude"", ""score"": 0.00037730002077296376}, {""label"": ""grief"", ""score"": 0.0011208838550373912}, {""label"": ""joy"", ""score"": 0.002849321346729994}, {""label"": ""love"", ""score"": 0.6541287899017334}, {""label"": ""nervousness"", ""score"": 0.001005584024824202}, {""label"": ""optimism"", ""score"": 0.008878371678292751}, {""label"": ""pride"", ""score"": 0.0008233009721152484}, {""label"": ""realization"", ""score"": 0.020457223057746887}, {""label"": ""relief"", ""score"": 0.0009845528984442353}, {""label"": ""remorse"", ""score"": 0.003189878771081567}, {""label"": ""sadness"", ""score"": 0.03312912955880165}, {""label"": ""surprise"", ""score"": 0.0007039814372546971}, {""label"": ""neutral"", ""score"": 0.17620708048343658}]",love,0.0,Ce tweet a un score de fiabilité de 0.0%.
at://did:plc:tlzmmj7qxhrkhx63enh2a2lr/app.bsky.feed.post/3lt4xvj3evs2q,https://bsky.app/profile/ssmcc.bsky.social/post/3lt4xvj3evs2q,bafyreicf4rebyqmds6rlmkl2ma4yfwxe6n5eva62iejytvarabyghk5sve,When the SSA begins sending political spam.,2025-07-04T09:53:22.765Z,2025-07-04T09:53:25.340Z,"""images=[Image(alt='', image=BlobRef(mime_type='image/jpeg', size=359558, ref=IpldLink(link='bafkreihzi5xewyahi7vriohyk3mxuyfws26h3qlz3ewgmdowwjzmbkecr4'), py_type='blob'), aspect_ratio=AspectRatio(height=1398, width=1080, py_type='app.bsky.embed.defs#aspectRatio'), py_type='app.bsky.embed.images#image')] py_type='app.bsky.embed.images'""",0,0,0,did:plc:tlzmmj7qxhrkhx63enh2a2lr,ssmcc.bsky.social,Susan McCreadie,0,0,0,2024-11-27T18:32:45.145Z,,False,,False,"""[]""",2025-07-04T10:10:31.647984Z,Faux,"[0.9982910752296448, 0.0017088960157707334]","[{""label"": ""admiration"", ""score"": 0.0006851876969449222}, {""label"": ""amusement"", ""score"": 0.0025693411007523537}, {""label"": ""anger"", ""score"": 0.005263091530650854}, {""label"": ""annoyance"", ""score"": 0.048089344054460526}, {""label"": ""approval"", ""score"": 0.014821353368461132}, {""label"": ""caring"", ""score"": 0.0008059576503001153}, {""label"": ""confusion"", ""score"": 0.0018142805201932788}, {""label"": ""curiosity"", ""score"": 0.000874261895660311}, {""label"": ""desire"", ""score"": 0.0009145252406597137}, {""label"": ""disappointment"", ""score"": 0.005650349427014589}, {""label"": ""disapproval"", ""score"": 0.005801561754196882}, {""label"": ""disgust"", ""score"": 0.003963536582887173}, {""label"": ""embarrassment"", ""score"": 0.001541652251034975}, {""label"": ""excitement"", ""score"": 0.0007100201328285038}, {""label"": ""fear"", ""score"": 0.0009906772756949067}, {""label"": ""gratitude"", ""score"": 0.0003005670732818544}, {""label"": ""grief"", ""score"": 0.0002725906379055232}, {""label"": ""joy"", ""score"": 0.0007153326296247542}, {""label"": ""love"", ""score"": 0.00040117898606695235}, {""label"": ""nervousness"", ""score"": 0.00034699810203164816}, {""label"": ""optimism"", ""score"": 0.0025833637919276953}, {""label"": ""pride"", ""score"": 0.00021691415167879313}, {""label"": ""realization"", ""score"": 0.019001390784978867}, {""label"": ""relief"", ""score"": 0.0002835522755049169}, {""label"": ""remorse"", ""score"": 0.00026449316646903753}, {""label"": ""sadness"", ""score"": 0.0017636511474847794}, {""label"": ""surprise"", ""score"": 0.000911253853701055}, {""label"": ""neutral"", ""score"": 0.909527063369751}]",neutral,0.0,Ce tweet a un score de fiabilité de 0.0%.
at://did:plc:5q5aphkryddfhrwdtbnf6nlk/app.bsky.feed.post/3lt4xuorw5k2r,https://bsky.app/profile/drbenwhitham.bsky.social/post/3lt4xuorw5k2r,bafyreigcukmir6iudgqflwhupquqyko4ntpmgdaj53yisg6uajqrhnl54u,And it's not only on Gaza they are so far to the right in foreign policy. There's also the deliberate and dogged loyalty to the most prominent and powerful far-right political leader in the world www.bbc.co.uk/news/article...,2025-07-04T09:52:55.206Z,2025-07-04T09:52:59.439Z,"""external=External(description='The prime minister says he found common ground with President Trump as both', title='I understand what Donald Trump cares about, says Keir Starmer', uri='https://www.bbc.co.uk/news/articles/cq8ze23vx4po', thumb=BlobRef(mime_type='image/jpeg', size=692643, ref=IpldLink(link='bafkreictzehjv5eat4ryaz2g62daujakblzerxg4a7rz47xx3skmqyoh6e'), py_type='blob'), py_type='app.bsky.embed.external#external') py_type='app.bsky.embed.external'""",1,0,0,did:plc:5q5aphkryddfhrwdtbnf6nlk,drbenwhitham.bsky.social,Ben Whitham,0,0,0,2023-09-07T12:39:45.638Z,,False,,False,"""[]""",2025-07-04T10:10:31.648085Z,Vrai,"[0.004067063797265291, 0.9959329962730408]","[{""label"": ""admiration"", ""score"": 0.03812398016452789}, {""label"": ""amusement"", ""score"": 0.000470711529487744}, {""label"": ""anger"", ""score"": 0.0008787370752543211}, {""label"": ""annoyance"", ""score"": 0.007113661617040634}, {""label"": ""approval"", ""score"": 0.2425261288881302}, {""label"": ""caring"", ""score"": 0.0013089491985738277}, {""label"": ""confusion"", ""score"": 0.0020126020535826683}, {""label"": ""curiosity"", ""score"": 0.0007471260032616556}, {""label"": ""desire"", ""score"": 0.0008538108668290079}, {""label"": ""disappointment"", ""score"": 0.005602420307695866}, {""label"": ""disapproval"", ""score"": 0.015916867181658745}, {""label"": ""disgust"", ""score"": 0.0009269264410249889}, {""label"": ""embarrassment"", ""score"": 0.0003249680157750845}, {""label"": ""excitement"", ""score"": 0.0008056171936914325}, {""label"": ""fear"", ""score"": 0.00032393180299550295}, {""label"": ""gratitude"", ""score"": 0.001560328179039061}, {""label"": ""grief"", ""score"": 0.0002568824857007712}, {""label"": ""joy"", ""score"": 0.00102051196154207}, {""label"": ""love"", ""score"": 0.001153572229668498}, {""label"": ""nervousness"", ""score"": 0.00017000494699459523}, {""label"": ""optimism"", ""score"": 0.0050237239338457584}, {""label"": ""pride"", ""score"": 0.0011117825051769614}, {""label"": ""realization"", ""score"": 0.03573053702712059}, {""label"": ""relief"", ""score"": 0.0008946966263465583}, {""label"": ""remorse"", ""score"": 0.0002789158606901765}, {""label"": ""sadness"", ""score"": 0.0009421284776180983}, {""label"": ""surprise"", ""score"": 0.0005998413544148207}, {""label"": ""neutral"", ""score"": 0.7658967971801758}]",neutral,0.36363636363636365,Ce tweet a un score de fiabilité de 0.4%.
at://did:plc:lvjdq3atbtjluzztw6vejwsx/app.bsky.feed.post/3lt4xuggng22x,https://bsky.app/profile/kawulf.bsky.social/post/3lt4xuggng22x,bafyreiaow5xcfb55p6n23jtruktl7wx4htxumxl457wxgdghiful4nvc7e,"This text, the whole thing, still blows me away. It's profound.  The prose soars and the political ambition sings. And in places it's mean and small.  It's always the measure of us, what we intend to do with it.  #July4th",2025-07-04T09:52:46.412Z,2025-07-04T09:52:49.036Z,"""images=[Image(alt='Picture of a tattered copy of the Declaration of Independence (Gill copy, printed in Boston).  Collections of the John Carter Brown Library.', image=BlobRef(mime_type='image/jpeg', size=987448, ref=IpldLink(link='bafkreibvse7rz6n4h4exqwwynf5aeufshh6swyaueoeihwwwhcrnnoyqiq'), py_type='blob'), aspect_ratio=AspectRatio(height=1384, width=1106, py_type='app.bsky.embed.defs#aspectRatio'), py_type='app.bsky.embed.images#image')] py_type='app.bsky.embed.images'""",7,1,1,did:plc:lvjdq3atbtjluzztw6vejwsx,kawulf.bsky.social,Karin Wulf,0,0,0,2023-08-16T16:19:31.235Z,,False,,False,"""[]""",2025-07-04T10:10:31.649118Z,Vrai,"[0.0014309331309050322, 0.9985690116882324]","[{""label"": ""admiration"", ""score"": 0.8247660994529724}, {""label"": ""amusement"", ""score"": 0.0009905092883855104}, {""label"": ""anger"", ""score"": 0.0010886219097301364}, {""label"": ""annoyance"", ""score"": 0.004297586157917976}, {""label"": ""approval"", ""score"": 0.10069487243890762}, {""label"": ""caring"", ""score"": 0.001618951209820807}, {""label"": ""confusion"", ""score"": 0.0018792651826515794}, {""label"": ""curiosity"", ""score"": 0.003555075731128454}, {""label"": ""desire"", ""score"": 0.00970849022269249}, {""label"": ""disappointment"", ""score"": 0.003689549630507827}, {""label"": ""disapproval"", ""score"": 0.004766767844557762}, {""label"": ""disgust"", ""score"": 0.0009546517394483089}, {""label"": ""embarrassment"", ""score"": 0.00032980888499878347}, {""label"": ""excitement"", ""score"": 0.030567806214094162}, {""label"": ""fear"", ""score"": 0.0007376913563348353}, {""label"": ""gratitude"", ""score"": 0.0022702536080032587}, {""label"": ""grief"", ""score"": 0.0005259033059701324}, {""label"": ""joy"", ""score"": 0.005187542177736759}, {""label"": ""love"", ""score"": 0.0040775202214717865}, {""label"": ""nervousness"", ""score"": 0.00027991540264338255}, {""label"": ""optimism"", ""score"": 0.037318773567676544}, {""label"": ""pride"", ""score"": 0.007254558615386486}, {""label"": ""realization"", ""score"": 0.01696418598294258}, {""label"": ""relief"", ""score"": 0.0011888151057064533}, {""label"": ""remorse"", ""score"": 0.00023597781546413898}, {""label"": ""sadness"", ""score"": 0.0008749331464059651}, {""label"": ""surprise"", ""score"": 0.03027823194861412}, {""label"": ""neutral"", ""score"": 0.06818085163831711}]",admiration,9.849802371541502,Ce tweet a un score de fiabilité de 9.8%.
at://did:plc:ypujpqt552rggxbemnfnspao/app.bsky.feed.post/3lt4xucc3a62w,https://bsky.app/profile/moneyisspeech.bsky.social/post/3lt4xucc3a62w,bafyreibjgc2pifhtfgrpp2eplq2bjcxqocykuim34bysc7rn3kpy4xkeju,"McCain was a war hero, who refused early release from war captivity.  Murkowski is a political self-serving coward.  As are most all Republicans these days.  Justice John Roberts fears to speak out and defend the Constitution against Trump.",2025-07-04T09:52:42.105Z,2025-07-04T09:52:43.239Z,{},0,0,0,did:plc:ypujpqt552rggxbemnfnspao,moneyisspeech.bsky.social,,0,0,0,2024-11-14T13:34:52.825Z,,False,,False,"""[]""",2025-07-04T10:10:31.649744Z,Vrai,"[0.035232994705438614, 0.9647670388221741]","[{""label"": ""admiration"", ""score"": 0.0029474738985300064}, {""label"": ""amusement"", ""score"": 0.0006103710038587451}, {""label"": ""anger"", ""score"": 0.008938039653003216}, {""label"": ""annoyance"", ""score"": 0.03945181891322136}, {""label"": ""approval"", ""score"": 0.043001607060432434}, {""label"": ""caring"", ""score"": 0.002443537814542651}, {""label"": ""confusion"", ""score"": 0.0010204663267359138}, {""label"": ""curiosity"", ""score"": 0.0005562977748923004}, {""label"": ""desire"", ""score"": 0.001167898764833808}, {""label"": ""disappointment"", ""score"": 0.01229711901396513}, {""label"": ""disapproval"", ""score"": 0.01680448092520237}, {""label"": ""disgust"", ""score"": 0.005305210128426552}, {""label"": ""embarrassment"", ""score"": 0.0015843085711821914}, {""label"": ""excitement"", ""score"": 0.0006068465299904346}, {""label"": ""fear"", ""score"": 0.006738823838531971}, {""label"": ""gratitude"", ""score"": 0.0005770268035121262}, {""label"": ""grief"", ""score"": 0.0006880445871502161}, {""label"": ""joy"", ""score"": 0.0006091377581469715}, {""label"": ""love"", ""score"": 0.0004727048217318952}, {""label"": ""nervousness"", ""score"": 0.0010016001760959625}, {""label"": ""optimism"", ""score"": 0.0032326318323612213}, {""label"": ""pride"", ""score"": 0.0006412663497030735}, {""label"": ""realization"", ""score"": 0.01502976194024086}, {""label"": ""relief"", ""score"": 0.0006695890915580094}, {""label"": ""remorse"", ""score"": 0.00039971197838895023}, {""label"": ""sadness"", ""score"": 0.006291401572525501}, {""label"": ""surprise"", ""score"": 0.0005964544834569097}, {""label"": ""neutral"", ""score"": 0.8823451399803162}]",neutral,0.0,Ce tweet a un score de fiabilité de 0.0%.
at://did:plc:pet5rgqspdxlihg6fchzkvbx/app.bsky.feed.post/3lt4xuaxmtc2a,https://bsky.app/profile/1xfrosty.bsky.social/post/3lt4xuaxmtc2a,bafyreidvn37bfadt2pacyirou2dz36gdocawuumaavjiomg6yr7j4k4rfq,"How can this man be allowed anywhere near a political party. I know that politicians across the political spectrum lie, but this is on another level.  hopenothate.org.uk/2025/07/03/w...",2025-07-04T09:52:40.713Z,2025-07-04T09:52:44.938Z,"""external=External(description='Reform UK\u2019s new vice chairman, Paul Nuttall, has an interesting and illustrious past.Not only did he serve as UKIP leader (from November 2016 to June 2017) and as a MEP (from July 2009 to July 2019), ...', title='Who is Paul Nuttall? Reform\u2019s new vice chairman has a history of dodgy claims and dubious beliefs', uri='https://hopenothate.org.uk/2025/07/03/who-is-paul-nuttall-reforms-new-vice-chairman-has-a-history-of-dodgy-claims-and-dubious-beliefs/', thumb=BlobRef(mime_type='image/jpeg', size=545556, ref=IpldLink(link='bafkreiddj5iqpjtlpddwdx4eh6eq7xdqthdxcdosm7fad5x74xpmqjq46u'), py_type='blob'), py_type='app.bsky.embed.external#external') py_type='app.bsky.embed.external'""",0,0,0,did:plc:pet5rgqspdxlihg6fchzkvbx,1xfrosty.bsky.social,Frosty,0,0,0,2024-09-17T09:47:12.110Z,,False,,False,"""[]""",2025-07-04T10:10:31.649912Z,Vrai,"[0.011299665085971355, 0.9887003302574158]","[{""label"": ""admiration"", ""score"": 0.001148706884123385}, {""label"": ""amusement"", ""score"": 0.0011267103254795074}, {""label"": ""anger"", ""score"": 0.022336173802614212}, {""label"": ""annoyance"", ""score"": 0.22270983457565308}, {""label"": ""approval"", ""score"": 0.01007348857820034}, {""label"": ""caring"", ""score"": 0.0016289823688566685}, {""label"": ""confusion"", ""score"": 0.24879762530326843}, {""label"": ""curiosity"", ""score"": 0.20078615844249725}, {""label"": ""desire"", ""score"": 0.0013112275628373027}, {""label"": ""disappointment"", ""score"": 0.03165674954652786}, {""label"": ""disapproval"", ""score"": 0.15731003880500793}, {""label"": ""disgust"", ""score"": 0.004735548980534077}, {""label"": ""embarrassment"", ""score"": 0.00391504867002368}, {""label"": ""excitement"", ""score"": 0.0014432959724217653}, {""label"": ""fear"", ""score"": 0.0016666115261614323}, {""label"": ""gratitude"", ""score"": 0.0003662562812678516}, {""label"": ""grief"", ""score"": 0.0005019945092499256}, {""label"": ""joy"", ""score"": 0.0007849628455005586}, {""label"": ""love"", ""score"": 0.0004902277723886073}, {""label"": ""nervousness"", ""score"": 0.0016464986838400364}, {""label"": ""optimism"", ""score"": 0.0029169549234211445}, {""label"": ""pride"", ""score"": 0.0001497240155003965}, {""label"": ""realization"", ""score"": 0.011316394433379173}, {""label"": ""relief"", ""score"": 0.00029012738377787173}, {""label"": ""remorse"", ""score"": 0.0004533961764536798}, {""label"": ""sadness"", ""score"": 0.002637852681800723}, {""label"": ""surprise"", ""score"": 0.010869518853724003}, {""label"": ""neutral"", ""score"": 0.39313215017318726}]",neutral,0.0,Ce tweet a un score de fiabilité de 0.0%.
at://did:plc:xfapj26v3moozryh63fgcyro/app.bsky.feed.post/3lt4xu7ku7k2i,https://bsky.app/profile/hippymama.bsky.social/post/3lt4xu7ku7k2i,bafyreiclfrwswzboudztxbqqsvvozadjbbceuo3opkh4sovoi6bq5vxjuq,"Republicans you let a draft dodging coward smear our war heroes.  You watched him call for political violence. You stood silent as he turned Americans against each other and fed them poison dressed in patriotism. You didn't lose your soul. You handed it over, smiling.",2025-07-04T09:52:39.247Z,2025-07-04T09:52:39.434Z,{},4,1,0,did:plc:xfapj26v3moozryh63fgcyro,hippymama.bsky.social,Eddie Esielionis,0,0,0,2024-12-14T13:09:39.943Z,,False,,False,"""[]""",2025-07-04T10:10:31.649975Z,Vrai,"[0.0033269026316702366, 0.9966731071472168]","[{""label"": ""admiration"", ""score"": 0.006668899208307266}, {""label"": ""amusement"", ""score"": 0.012152240611612797}, {""label"": ""anger"", ""score"": 0.008678295649588108}, {""label"": ""annoyance"", ""score"": 0.0405980609357357}, {""label"": ""approval"", ""score"": 0.02334214188158512}, {""label"": ""caring"", ""score"": 0.006572883576154709}, {""label"": ""confusion"", ""score"": 0.0005197827704250813}, {""label"": ""curiosity"", ""score"": 0.0003562362981028855}, {""label"": ""desire"", ""score"": 0.0011448555160313845}, {""label"": ""disappointment"", ""score"": 0.006209905259311199}, {""label"": ""disapproval"", ""score"": 0.009679093956947327}, {""label"": ""disgust"", ""score"": 0.002242104383185506}, {""label"": ""embarrassment"", ""score"": 0.0013284423621371388}, {""label"": ""excitement"", ""score"": 0.0015823368448764086}, {""label"": ""fear"", ""score"": 0.0008424407569691539}, {""label"": ""gratitude"", ""score"": 0.0012093200348317623}, {""label"": ""grief"", ""score"": 0.0008420956437475979}, {""label"": ""joy"", ""score"": 0.030433744192123413}, {""label"": ""love"", ""score"": 0.00097748264670372}, {""label"": ""nervousness"", ""score"": 0.0005431861500255764}, {""label"": ""optimism"", ""score"": 0.0025246005970984697}, {""label"": ""pride"", ""score"": 0.0023149840999394655}, {""label"": ""realization"", ""score"": 0.008774470537900925}, {""label"": ""relief"", ""score"": 0.0033415518701076508}, {""label"": ""remorse"", ""score"": 0.0004805243224836886}, {""label"": ""sadness"", ""score"": 0.004069111775606871}, {""label"": ""surprise"", ""score"": 0.0005256066215224564}, {""label"": ""neutral"", ""score"": 0.8583073019981384}]",neutral,2.7588932806324107,Ce tweet a un score de fiabilité de 2.8%.
at://did:plc:lf67ibjtgdis7zvcqk6pcofq/app.bsky.feed.post/3lt4xtyst4s22,https://bsky.app/profile/heresiarch.bsky.social/post/3lt4xtyst4s22,bafyreighdompi23nz2zkzdyip6hxmkdc66x7ce5hlllefv3elq62yj55ne,I was quite ignorant of indigeneity’s political roots prior to reading this new yorker piece: www.newyorker.com/magazine/202...,2025-07-04T09:52:32.166Z,2025-07-04T09:52:36.739Z,"""external=External(description='Many groups who identify as Indigenous don\u2019t claim to be first peoples; many who did come first don\u2019t claim to be Indigenous. Can the concept escape its colonial past?', title='It\u2019s Time to Rethink the Idea of the \u201cIndigenous\u201d', uri='https://www.newyorker.com/magazine/2023/02/27/its-time-to-rethink-the-idea-of-the-indigenous', thumb=BlobRef(mime_type='image/jpeg', size=399554, ref=IpldLink(link='bafkreiar6hybywf65edrsztmysypzuviavdqxctux2cqatmyayx2yjouqy'), py_type='blob'), py_type='app.bsky.embed.external#external') py_type='app.bsky.embed.external'""",0,0,0,did:plc:lf67ibjtgdis7zvcqk6pcofq,heresiarch.bsky.social,heresiarch,0,0,0,2023-07-11T10:14:31.902Z,,False,,False,"""[]""",2025-07-04T10:10:31.650095Z,Vrai,"[0.0002359753561904654, 0.9997640252113342]","[{""label"": ""admiration"", ""score"": 0.001649021520279348}, {""label"": ""amusement"", ""score"": 0.0018301098607480526}, {""label"": ""anger"", ""score"": 0.001594866975210607}, {""label"": ""annoyance"", ""score"": 0.02978019416332245}, {""label"": ""approval"", ""score"": 0.026840386912226677}, {""label"": ""caring"", ""score"": 0.00041775195859372616}, {""label"": ""confusion"", ""score"": 0.03432721272110939}, {""label"": ""curiosity"", ""score"": 0.0025443993508815765}, {""label"": ""desire"", ""score"": 0.0005109225166961551}, {""label"": ""disappointment"", ""score"": 0.024495139718055725}, {""label"": ""disapproval"", ""score"": 0.07778657227754593}, {""label"": ""disgust"", ""score"": 0.0034031947143375874}, {""label"": ""embarrassment"", ""score"": 0.004670824855566025}, {""label"": ""excitement"", ""score"": 0.0006520324386656284}, {""label"": ""fear"", ""score"": 0.0008239794988185167}, {""label"": ""gratitude"", ""score"": 0.0009989527752622962}, {""label"": ""grief"", ""score"": 0.0004860533808823675}, {""label"": ""joy"", ""score"": 0.0007645283476449549}, {""label"": ""love"", ""score"": 0.00048203644109889865}, {""label"": ""nervousness"", ""score"": 0.0005979722482152283}, {""label"": ""optimism"", ""score"": 0.0026602635625749826}, {""label"": ""pride"", ""score"": 0.00038614292861893773}, {""label"": ""realization"", ""score"": 0.17459730803966522}, {""label"": ""relief"", ""score"": 0.0007494838791899383}, {""label"": ""remorse"", ""score"": 0.0008258986053988338}, {""label"": ""sadness"", ""score"": 0.002098166150972247}, {""label"": ""surprise"", ""score"": 0.006299067288637161}, {""label"": ""neutral"", ""score"": 0.7231114506721497}]",neutral,0.0,Ce tweet a un score de fiabilité de 0.0%.
at://did:plc:2bs4vc4rjzmbvvi4y7hgjgdd/app.bsky.feed.post/3lt4xtmrh3s2f,https://bsky.app/profile/sagethesimmer.bsky.social/post/3lt4xtmrh3s2f,bafyreietdkwz6faqs6ckgi334atzzjbz3d47rcojp5acqew2wly26cko6i,"celebrating the 4th of July in the current political climate in the USA is crazy, like you’re still proud of a country that is ran by someone who doesn’t care about you at all?? someone who cut medical care aid, someone who is deporting & torturing innocent people & many more horrible things??",2025-07-04T09:52:19.539Z,2025-07-04T09:52:20.837Z,{},3,0,0,did:plc:2bs4vc4rjzmbvvi4y7hgjgdd,sagethesimmer.bsky.social,Sage ✾,0,0,0,2024-10-18T19:46:29.415Z,,False,,False,"""[]""",2025-07-04T10:10:31.650515Z,Faux,"[0.9800365567207336, 0.019963493570685387]","[{""label"": ""admiration"", ""score"": 0.015290121547877789}, {""label"": ""amusement"", ""score"": 0.006014036480337381}, {""label"": ""anger"", ""score"": 0.06258932501077652}, {""label"": ""annoyance"", ""score"": 0.08580903708934784}, {""label"": ""approval"", ""score"": 0.009098350070416927}, {""label"": ""caring"", ""score"": 0.003719612490385771}, {""label"": ""confusion"", ""score"": 0.06887425482273102}, {""label"": ""curiosity"", ""score"": 0.2443891316652298}, {""label"": ""desire"", ""score"": 0.0032705708872526884}, {""label"": ""disappointment"", ""score"": 0.015468060970306396}, {""label"": ""disapproval"", ""score"": 0.012558821588754654}, {""label"": ""disgust"", ""score"": 0.03026491403579712}, {""label"": ""embarrassment"", ""score"": 0.009518497623503208}, {""label"": ""excitement"", ""score"": 0.03125814348459244}, {""label"": ""fear"", ""score"": 0.45671695470809937}, {""label"": ""gratitude"", ""score"": 0.0004032260039821267}, {""label"": ""grief"", ""score"": 0.004274783190339804}, {""label"": ""joy"", ""score"": 0.017299089580774307}, {""label"": ""love"", ""score"": 0.0034091074485331774}, {""label"": ""nervousness"", ""score"": 0.03980938717722893}, {""label"": ""optimism"", ""score"": 0.004112942144274712}, {""label"": ""pride"", ""score"": 0.0017202220624312758}, {""label"": ""realization"", ""score"": 0.012971497140824795}, {""label"": ""relief"", ""score"": 0.002054462907835841}, {""label"": ""remorse"", ""score"": 0.0005622896132990718}, {""label"": ""sadness"", ""score"": 0.017902541905641556}, {""label"": ""surprise"", ""score"": 0.06038816645741463}, {""label"": ""neutral"", ""score"": 0.08385312557220459}]",fear,1.090909090909091,Ce tweet a un score de fiabilité de 1.1%.
at://did:plc:yofni6g343sqlh7wvpbqgbnj/app.bsky.feed.post/3lt4xsv4v522w,https://bsky.app/profile/margaretursula.bsky.social/post/3lt4xsv4v522w,bafyreibbnu2jn7hsqpjocmt3kqibtelcrp66o5bc5c4sz2alof37qyo44m,Kill another green law? The EU wants to continue protecting polluters spreading greenwashing lies. Finally political momentum is on our side to stop this. Sign to demand the anti-greenwashing law. action.wemove.eu/sign/2025-07...,2025-07-04T09:51:54.746Z,2025-07-04T09:51:57.940Z,"""external=External(description='Kill another green law? The EU wants to continue protecting polluters spreading greenwashing lies. Finally political momentum is on our side to stop this. Sign to demand the anti-greenwashing law.', title='No more \u201cgreen\u201d lies! Don\u2019t let the EU kill the anti-greenwashing law.', uri='https://action.wemove.eu/sign/2025-07-antigreenwashing-directive-petition-EN?variation=119&akid=s6344320..AWdbsU', thumb=BlobRef(mime_type='image/jpeg', size=286343, ref=IpldLink(link='bafkreidbji46qkhknenbspuy5l3mwbky6g5myk42ddww3mwfedc5azvluu'), py_type='blob'), py_type='app.bsky.embed.external#external') py_type='app.bsky.embed.external'""",0,0,0,did:plc:yofni6g343sqlh7wvpbqgbnj,margaretursula.bsky.social,,0,0,0,2024-11-26T19:10:33.745Z,,False,,False,"""[]""",2025-07-04T10:10:31.650667Z,Vrai,"[0.0394713468849659, 0.9605286717414856]","[{""label"": ""admiration"", ""score"": 0.0016839979216456413}, {""label"": ""amusement"", ""score"": 0.0004929915885441005}, {""label"": ""anger"", ""score"": 0.002944828011095524}, {""label"": ""annoyance"", ""score"": 0.018479641526937485}, {""label"": ""approval"", ""score"": 0.1468077301979065}, {""label"": ""caring"", ""score"": 0.0038647360634058714}, {""label"": ""confusion"", ""score"": 0.03288692981004715}, {""label"": ""curiosity"", ""score"": 0.0952862799167633}, {""label"": ""desire"", ""score"": 0.012852080166339874}, {""label"": ""disappointment"", ""score"": 0.004153320100158453}, {""label"": ""disapproval"", ""score"": 0.012715266086161137}, {""label"": ""disgust"", ""score"": 0.001028468948788941}, {""label"": ""embarrassment"", ""score"": 0.00031061909976415336}, {""label"": ""excitement"", ""score"": 0.0015789128374308348}, {""label"": ""fear"", ""score"": 0.0007361075258813798}, {""label"": ""gratitude"", ""score"": 0.0002150461805285886}, {""label"": ""grief"", ""score"": 0.00022939361224416643}, {""label"": ""joy"", ""score"": 0.0006083790794946253}, {""label"": ""love"", ""score"": 0.0009232826996594667}, {""label"": ""nervousness"", ""score"": 0.0004140225937590003}, {""label"": ""optimism"", ""score"": 0.018010180443525314}, {""label"": ""pride"", ""score"": 0.0001908539270516485}, {""label"": ""realization"", ""score"": 0.010561616159975529}, {""label"": ""relief"", ""score"": 0.0003708678123075515}, {""label"": ""remorse"", ""score"": 0.00024312899040523916}, {""label"": ""sadness"", ""score"": 0.0009736286010593176}, {""label"": ""surprise"", ""score"": 0.0009408761980012059}, {""label"": ""neutral"", ""score"": 0.6617394685745239}]",neutral,0.0,Ce tweet a un score de fiabilité de 0.0%.
at://did:plc:jihiql7nychcdv5vxryfs2pe/app.bsky.feed.post/3lt4xsnucqs2t,https://bsky.app/profile/essaywells.bsky.social/post/3lt4xsnucqs2t,bafyreiccn2gnyupqxutzpipll24uemfdo2ai6htx5npc5mmqxbceerl3ya,"In this case because the political term ""fascism"" comes from the Latin fasces, a bundle of sticks representing unity and authority, so as metaphors go it might be a little bit deprecated at the moment.",2025-07-04T09:51:47.127Z,2025-07-04T09:51:47.935Z,{},2,0,0,did:plc:jihiql7nychcdv5vxryfs2pe,essaywells.bsky.social,EssayWells,0,0,0,2023-10-03T10:22:04.154Z,,False,,False,"""[]""",2025-07-04T10:10:31.650732Z,Faux,"[0.9404112100601196, 0.059588853269815445]","[{""label"": ""admiration"", ""score"": 0.0013021592749282718}, {""label"": ""amusement"", ""score"": 0.0016296006506308913}, {""label"": ""anger"", ""score"": 0.0006818215479142964}, {""label"": ""annoyance"", ""score"": 0.006441401317715645}, {""label"": ""approval"", ""score"": 0.045498088002204895}, {""label"": ""caring"", ""score"": 0.0008486349252052605}, {""label"": ""confusion"", ""score"": 0.09764979779720306}, {""label"": ""curiosity"", ""score"": 0.003514977404847741}, {""label"": ""desire"", ""score"": 0.001293493784032762}, {""label"": ""disappointment"", ""score"": 0.0049696555361151695}, {""label"": ""disapproval"", ""score"": 0.019482998177409172}, {""label"": ""disgust"", ""score"": 0.001553863170556724}, {""label"": ""embarrassment"", ""score"": 0.0007606655126437545}, {""label"": ""excitement"", ""score"": 0.0006414958625100553}, {""label"": ""fear"", ""score"": 0.0009236966143362224}, {""label"": ""gratitude"", ""score"": 0.0011185064213350415}, {""label"": ""grief"", ""score"": 0.00029634987004101276}, {""label"": ""joy"", ""score"": 0.0010552557650953531}, {""label"": ""love"", ""score"": 0.0011183001333847642}, {""label"": ""nervousness"", ""score"": 0.0005962498253211379}, {""label"": ""optimism"", ""score"": 0.008885248564183712}, {""label"": ""pride"", ""score"": 0.00025477504823356867}, {""label"": ""realization"", ""score"": 0.08430641144514084}, {""label"": ""relief"", ""score"": 0.0005284231738187373}, {""label"": ""remorse"", ""score"": 0.0005675610154867172}, {""label"": ""sadness"", ""score"": 0.0012899190187454224}, {""label"": ""surprise"", ""score"": 0.0011923356214538217}, {""label"": ""neutral"", ""score"": 0.7992700934410095}]",neutral,0.7272727272727273,Ce tweet a un score de fiabilité de 0.7%.
at://did:plc:nscpdzepvrn6m3cbocssgaq2/app.bsky.feed.post/3lt4xs5e4fs2r,https://bsky.app/profile/sandyernestallen.bsky.social/post/3lt4xs5e4fs2r,bafyreid2scibyzj7ldjb6gqec747ox3k4qdg6kmbufatm4h73cbrkp7l6u,"If some cis white guy hates trans people? No problem, give him a byline. Let him author a racist hit piece ...   If a trans person has an opinion about our very lives and futures? We're political.  I just hope ""liberal"" readers start waking up ...",2025-07-04T09:51:29.820Z,2025-07-04T09:51:30.337Z,{},3,0,1,did:plc:nscpdzepvrn6m3cbocssgaq2,sandyernestallen.bsky.social,Sandy Ernest Allen (he/him),0,0,0,2024-11-27T10:55:09.745Z,,False,,False,"""[]""",2025-07-04T10:10:31.651238Z,Vrai,"[0.04472314193844795, 0.9552768468856812]","[{""label"": ""admiration"", ""score"": 0.006697772070765495}, {""label"": ""amusement"", ""score"": 0.0046551525592803955}, {""label"": ""anger"", ""score"": 0.0037146396934986115}, {""label"": ""annoyance"", ""score"": 0.0072446851991117}, {""label"": ""approval"", ""score"": 0.04758709296584129}, {""label"": ""caring"", ""score"": 0.022696519270539284}, {""label"": ""confusion"", ""score"": 0.030758053064346313}, {""label"": ""curiosity"", ""score"": 0.1013149619102478}, {""label"": ""desire"", ""score"": 0.09337972104549408}, {""label"": ""disappointment"", ""score"": 0.004672998562455177}, {""label"": ""disapproval"", ""score"": 0.007388980593532324}, {""label"": ""disgust"", ""score"": 0.0013796521816402674}, {""label"": ""embarrassment"", ""score"": 0.0004953495808877051}, {""label"": ""excitement"", ""score"": 0.004927964881062508}, {""label"": ""fear"", ""score"": 0.002253160113468766}, {""label"": ""gratitude"", ""score"": 0.002432701177895069}, {""label"": ""grief"", ""score"": 0.0005477856611832976}, {""label"": ""joy"", ""score"": 0.003949705511331558}, {""label"": ""love"", ""score"": 0.006935961544513702}, {""label"": ""nervousness"", ""score"": 0.0009572341223247349}, {""label"": ""optimism"", ""score"": 0.8805282711982727}, {""label"": ""pride"", ""score"": 0.000766393612138927}, {""label"": ""realization"", ""score"": 0.009009318426251411}, {""label"": ""relief"", ""score"": 0.000670510926283896}, {""label"": ""remorse"", ""score"": 0.0028990679420530796}, {""label"": ""sadness"", ""score"": 0.0015079732984304428}, {""label"": ""surprise"", ""score"": 0.0038068077992647886}, {""label"": ""neutral"", ""score"": 0.13932351768016815}]",optimism,7.090909090909091,Ce tweet a un score de fiabilité de 7.1%.
at://did:plc:pbeobz337qn7fys4xvuwwadw/app.bsky.feed.post/3lt4xrinhdc2d,https://bsky.app/profile/justicetymes.bsky.social/post/3lt4xrinhdc2d,bafyreigb6cnbqqnxmbgzl3f4ubdxmyaurvtpnnqwq2eragtz5oximuyvcm,"Antifa, short for ""anti-fascist,"" is a decentralized, left-wing, anti-fascist, and anti-racist political movement that primarily operates in the United States and has historical roots in similar movements in Europe. Let's just REFRESH OUR MINDS, shall we-- So ICE = Fascism",2025-07-04T09:51:08.103Z,2025-07-04T09:51:14.439Z,"""media=Main(images=[Image(alt='', image=BlobRef(mime_type='image/jpeg', size=344362, ref=IpldLink(link='bafkreihmtxawjp3aje6eu7zm3cw5rrh4pgqn5hfqxwvyastitmkkbymx6e'), py_type='blob'), aspect_ratio=AspectRatio(height=706, width=1142, py_type='app.bsky.embed.defs#aspectRatio'), py_type='app.bsky.embed.images#image'), Image(alt='', image=BlobRef(mime_type='image/jpeg', size=422554, ref=IpldLink(link='bafkreignez74dccgvu5rt7icv7wmhy3dwdyagh2wklgdjkpeok7z2u2pdu'), py_type='blob'), aspect_ratio=AspectRatio(height=782, width=1092, py_type='app.bsky.embed.defs#aspectRatio'), py_type='app.bsky.embed.images#image'), Image(alt='', image=BlobRef(mime_type='image/jpeg', size=336234, ref=IpldLink(link='bafkreidj3kghlbtjs6z4i7zxsq4sv4pdjpoobmceyuqzb5fuj3rhle4lpe'), py_type='blob'), aspect_ratio=AspectRatio(height=717, width=1117, py_type='app.bsky.embed.defs#aspectRatio'), py_type='app.bsky.embed.images#image'), Image(alt='', image=BlobRef(mime_type='image/jpeg', size=221400, ref=IpldLink(link='bafkreibaakjduwrowozkrl4y4mifrnyezld3fg37hyntxfyatcdcaqjori'), py_type='blob'), aspect_ratio=AspectRatio(height=412, width=1107, py_type='app.bsky.embed.defs#aspectRatio'), py_type='app.bsky.embed.images#image')], py_type='app.bsky.embed.images') record=Main(record=Main(cid='bafyreibc7naaxuuwptvhcphiqte2dhdm6quxhooi4njht4r4bjd5425o2y', uri='at://did:plc:uo2fna47c4v6zcnklxfhcvjb/app.bsky.feed.post/3lt42kenlhc23', py_type='com.atproto.repo.strongRef'), py_type='app.bsky.embed.record') py_type='app.bsky.embed.recordWithMedia'""",0,0,0,did:plc:pbeobz337qn7fys4xvuwwadw,justicetymes.bsky.social,Keirson Sidney ,0,0,0,2024-11-16T15:23:44.987Z,,False,,False,"""[]""",2025-07-04T10:10:31.651887Z,Vrai,"[0.002020378829911351, 0.9979797005653381]","[{""label"": ""admiration"", ""score"": 0.003102980088442564}, {""label"": ""amusement"", ""score"": 0.005461002700030804}, {""label"": ""anger"", ""score"": 0.001734781893901527}, {""label"": ""annoyance"", ""score"": 0.00976627692580223}, {""label"": ""approval"", ""score"": 0.07649032026529312}, {""label"": ""caring"", ""score"": 0.001845192164182663}, {""label"": ""confusion"", ""score"": 0.003347189398482442}, {""label"": ""curiosity"", ""score"": 0.0036515584215521812}, {""label"": ""desire"", ""score"": 0.004065238405019045}, {""label"": ""disappointment"", ""score"": 0.0012921829475089908}, {""label"": ""disapproval"", ""score"": 0.0016240435652434826}, {""label"": ""disgust"", ""score"": 0.000727507343981415}, {""label"": ""embarrassment"", ""score"": 0.00034133755252696574}, {""label"": ""excitement"", ""score"": 0.010935223661363125}, {""label"": ""fear"", ""score"": 0.0005966537282802165}, {""label"": ""gratitude"", ""score"": 0.000391370733268559}, {""label"": ""grief"", ""score"": 0.0001756582933012396}, {""label"": ""joy"", ""score"": 0.008561722002923489}, {""label"": ""love"", ""score"": 0.0006412889924831688}, {""label"": ""nervousness"", ""score"": 0.00044568211887963116}, {""label"": ""optimism"", ""score"": 0.014849072322249413}, {""label"": ""pride"", ""score"": 0.0007563261315226555}, {""label"": ""realization"", ""score"": 0.011534866876900196}, {""label"": ""relief"", ""score"": 0.0011089900508522987}, {""label"": ""remorse"", ""score"": 0.00016275876259896904}, {""label"": ""sadness"", ""score"": 0.00045380869414657354}, {""label"": ""surprise"", ""score"": 0.0010598849039524794}, {""label"": ""neutral"", ""score"": 0.8933326601982117}]",neutral,0.0,Ce tweet a un score de fiabilité de 0.0%.
at://did:plc:gd7f42te2tvaorf6m3u63y35/app.bsky.feed.post/3lt4xrakcec2d,https://bsky.app/profile/liverpoolfrencie.bsky.social/post/3lt4xrakcec2d,bafyreihbp6435h26nefdouqntkl33vjz66om6w5na4o7ey4d24sb6uzjsi,Kill another green law? The EU wants to continue protecting polluters spreading greenwashing lies. Finally political momentum is on our side to stop this. Sign to demand the anti-greenwashing law. action.wemove.eu/sign/2025-07...,2025-07-04T09:50:59.613Z,2025-07-04T09:51:03.537Z,"""external=External(description='Kill another green law? The EU wants to continue protecting polluters spreading greenwashing lies. Finally political momentum is on our side to stop this. Sign to demand the anti-greenwashing law.', title='No more \u201cgreen\u201d lies! Don\u2019t let the EU kill the anti-greenwashing law.', uri='https://action.wemove.eu/sign/2025-07-antigreenwashing-directive-petition-EN?variation=119&akid=s6344310..RrNPCu', thumb=BlobRef(mime_type='image/jpeg', size=765971, ref=IpldLink(link='bafkreifmqfrltgdfdvn2bwqtv7wo6jh2be457gd7cxx4hilt6cj6xtu6iu'), py_type='blob'), py_type='app.bsky.embed.external#external') py_type='app.bsky.embed.external'""",0,0,0,did:plc:gd7f42te2tvaorf6m3u63y35,liverpoolfrencie.bsky.social,liverpoolfrenchie,0,0,0,2025-02-05T15:08:15.745Z,,False,,False,"""[]""",2025-07-04T10:10:31.652026Z,Vrai,"[0.0394713468849659, 0.9605286717414856]","[{""label"": ""admiration"", ""score"": 0.0016839979216456413}, {""label"": ""amusement"", ""score"": 0.0004929915885441005}, {""label"": ""anger"", ""score"": 0.002944828011095524}, {""label"": ""annoyance"", ""score"": 0.018479641526937485}, {""label"": ""approval"", ""score"": 0.1468077301979065}, {""label"": ""caring"", ""score"": 0.0038647360634058714}, {""label"": ""confusion"", ""score"": 0.03288692981004715}, {""label"": ""curiosity"", ""score"": 0.0952862799167633}, {""label"": ""desire"", ""score"": 0.012852080166339874}, {""label"": ""disappointment"", ""score"": 0.004153320100158453}, {""label"": ""disapproval"", ""score"": 0.012715266086161137}, {""label"": ""disgust"", ""score"": 0.001028468948788941}, {""label"": ""embarrassment"", ""score"": 0.00031061909976415336}, {""label"": ""excitement"", ""score"": 0.0015789128374308348}, {""label"": ""fear"", ""score"": 0.0007361075258813798}, {""label"": ""gratitude"", ""score"": 0.0002150461805285886}, {""label"": ""grief"", ""score"": 0.00022939361224416643}, {""label"": ""joy"", ""score"": 0.0006083790794946253}, {""label"": ""love"", ""score"": 0.0009232826996594667}, {""label"": ""nervousness"", ""score"": 0.0004140225937590003}, {""label"": ""optimism"", ""score"": 0.018010180443525314}, {""label"": ""pride"", ""score"": 0.0001908539270516485}, {""label"": ""realization"", ""score"": 0.010561616159975529}, {""label"": ""relief"", ""score"": 0.0003708678123075515}, {""label"": ""remorse"", ""score"": 0.00024312899040523916}, {""label"": ""sadness"", ""score"": 0.0009736286010593176}, {""label"": ""surprise"", ""score"": 0.0009408761980012059}, {""label"": ""neutral"", ""score"": 0.6617394685745239}]",neutral,0.0,Ce tweet a un score de fiabilité de 0.0%.
at://did:plc:d7wy5hj5m4dpk4v5gb7skvpb/app.bsky.feed.post/3lt4xqssutk22,https://bsky.app/profile/mogo-uk.bsky.social/post/3lt4xqssutk22,bafyreibeiqozhoaw37tknt2whkpmdcglfxygjazagyaj3bukxzdm6vtlwq,"Absolutely agree. The House of Lords needs to be dissolved and reconstituted via elected posts and (in my opinion) some specialists in law, with relevant skills to assist the primary elected members in difficult and complex issues. No permanent members and no political appointments.",2025-07-04T09:50:45.215Z,2025-07-04T09:50:46.338Z,{},0,0,1,did:plc:d7wy5hj5m4dpk4v5gb7skvpb,mogo-uk.bsky.social,Martyn H,0,0,0,2024-08-06T13:34:19.774Z,,False,,False,"""[]""",2025-07-04T10:10:31.652117Z,Vrai,"[0.055921997874975204, 0.9440780282020569]","[{""label"": ""admiration"", ""score"": 0.01645578444004059}, {""label"": ""amusement"", ""score"": 0.001781362690962851}, {""label"": ""anger"", ""score"": 0.0015452022198587656}, {""label"": ""annoyance"", ""score"": 0.008274695836007595}, {""label"": ""approval"", ""score"": 0.9002273082733154}, {""label"": ""caring"", ""score"": 0.00516284815967083}, {""label"": ""confusion"", ""score"": 0.0050460342317819595}, {""label"": ""curiosity"", ""score"": 0.004868634510785341}, {""label"": ""desire"", ""score"": 0.0038108157459646463}, {""label"": ""disappointment"", ""score"": 0.0022152068559080362}, {""label"": ""disapproval"", ""score"": 0.010519994422793388}, {""label"": ""disgust"", ""score"": 0.0020562626887112856}, {""label"": ""embarrassment"", ""score"": 0.0005410487065091729}, {""label"": ""excitement"", ""score"": 0.003204514505341649}, {""label"": ""fear"", ""score"": 0.0010058378102257848}, {""label"": ""gratitude"", ""score"": 0.00381517899222672}, {""label"": ""grief"", ""score"": 0.00031421834137290716}, {""label"": ""joy"", ""score"": 0.002768547274172306}, {""label"": ""love"", ""score"": 0.004765184596180916}, {""label"": ""nervousness"", ""score"": 0.0004398754390422255}, {""label"": ""optimism"", ""score"": 0.02138332650065422}, {""label"": ""pride"", ""score"": 0.0009279806981794536}, {""label"": ""realization"", ""score"": 0.01620515249669552}, {""label"": ""relief"", ""score"": 0.0021880080457776785}, {""label"": ""remorse"", ""score"": 0.0007297052652575076}, {""label"": ""sadness"", ""score"": 0.0012507037026807666}, {""label"": ""surprise"", ""score"": 0.0009531748364679515}, {""label"": ""neutral"", ""score"": 0.0805085077881813}]",approval,6.0,Ce tweet a un score de fiabilité de 6.0%.
at://did:plc:xt2xodpw7wscnfn2v2ittlc5/app.bsky.feed.post/3lt4xpsyjwc2v,https://bsky.app/profile/jelgerg.bsky.social/post/3lt4xpsyjwc2v,bafyreidvmzolr7rfra75nfpnuwskhbztssg247nqz7nue5quzl5dy5scna,"I can see my message may be too short - but the elephant in the room is that most active opposition forces are indeed spinoffs from UNM, some acting as true spoilers, and that also UNM is a genuine spoiler for a good step forward in sincere political engagement with society.",2025-07-04T09:50:11.844Z,2025-07-04T09:50:13.434Z,{},2,0,1,did:plc:xt2xodpw7wscnfn2v2ittlc5,jelgerg.bsky.social,Jelger Groeneveld,0,0,0,2024-09-23T22:04:54.607Z,,False,,False,"""[]""",2025-07-04T10:10:31.652176Z,Faux,"[0.9771820902824402, 0.02281791903078556]","[{""label"": ""admiration"", ""score"": 0.00797373615205288}, {""label"": ""amusement"", ""score"": 0.0004882195498794317}, {""label"": ""anger"", ""score"": 0.0007392135448753834}, {""label"": ""annoyance"", ""score"": 0.011625578626990318}, {""label"": ""approval"", ""score"": 0.2447708398103714}, {""label"": ""caring"", ""score"": 0.0010728769702836871}, {""label"": ""confusion"", ""score"": 0.005466365721076727}, {""label"": ""curiosity"", ""score"": 0.0007452956633642316}, {""label"": ""desire"", ""score"": 0.0017616215627640486}, {""label"": ""disappointment"", ""score"": 0.014613176696002483}, {""label"": ""disapproval"", ""score"": 0.018955031409859657}, {""label"": ""disgust"", ""score"": 0.0014478375669568777}, {""label"": ""embarrassment"", ""score"": 0.0007786189089529216}, {""label"": ""excitement"", ""score"": 0.000749837199691683}, {""label"": ""fear"", ""score"": 0.000657144992146641}, {""label"": ""gratitude"", ""score"": 0.001123099005781114}, {""label"": ""grief"", ""score"": 0.00027389946626499295}, {""label"": ""joy"", ""score"": 0.000690563814714551}, {""label"": ""love"", ""score"": 0.0007997992797754705}, {""label"": ""nervousness"", ""score"": 0.00048772088484838605}, {""label"": ""optimism"", ""score"": 0.015525023452937603}, {""label"": ""pride"", ""score"": 0.0008369017159566283}, {""label"": ""realization"", ""score"": 0.10464506596326828}, {""label"": ""relief"", ""score"": 0.001014981884509325}, {""label"": ""remorse"", ""score"": 0.0005269512766972184}, {""label"": ""sadness"", ""score"": 0.0014577751280739903}, {""label"": ""surprise"", ""score"": 0.0006045211921446025}, {""label"": ""neutral"", ""score"": 0.6856721043586731}]",neutral,6.7272727272727275,Ce tweet a un score de fiabilité de 6.7%.
at://did:plc:tq7zh6b5uggrvnioqbofzfn4/app.bsky.feed.post/3lt4xppc6ss2k,https://bsky.app/profile/gennerveevy.bsky.social/post/3lt4xppc6ss2k,bafyreic7f4c53b2ei5wv5bu3nhhah7nqrx27k72yyxipoca7ohzf6dozzq,"The trailers felt misleading. Most of that was in the last 15 minutes. To be fair, it’s a scene-setting movie introducing a new team. Julia-Louis Dreyfus was a very good ‘political animal’ character.❤️",2025-07-04T09:50:00.792Z,2025-07-04T09:50:08.821Z,{},0,0,0,did:plc:tq7zh6b5uggrvnioqbofzfn4,gennerveevy.bsky.social,Geneviève Doyle,0,0,0,2023-04-15T09:16:42.686Z,,False,,False,"""[]""",2025-07-04T10:10:31.652235Z,Vrai,"[0.0024710502475500107, 0.9975289702415466]","[{""label"": ""admiration"", ""score"": 0.400772362947464}, {""label"": ""amusement"", ""score"": 0.002870684489607811}, {""label"": ""anger"", ""score"": 0.010007767006754875}, {""label"": ""annoyance"", ""score"": 0.1067773625254631}, {""label"": ""approval"", ""score"": 0.12414099276065826}, {""label"": ""caring"", ""score"": 0.0026291708927601576}, {""label"": ""confusion"", ""score"": 0.005908135790377855}, {""label"": ""curiosity"", ""score"": 0.0014824549434706569}, {""label"": ""desire"", ""score"": 0.0022285818122327328}, {""label"": ""disappointment"", ""score"": 0.42642083764076233}, {""label"": ""disapproval"", ""score"": 0.10614537447690964}, {""label"": ""disgust"", ""score"": 0.014789587818086147}, {""label"": ""embarrassment"", ""score"": 0.010010938160121441}, {""label"": ""excitement"", ""score"": 0.0011507566086947918}, {""label"": ""fear"", ""score"": 0.001073766965419054}, {""label"": ""gratitude"", ""score"": 0.0034362711012363434}, {""label"": ""grief"", ""score"": 0.0020151513163000345}, {""label"": ""joy"", ""score"": 0.001747930538840592}, {""label"": ""love"", ""score"": 0.04234836623072624}, {""label"": ""nervousness"", ""score"": 0.0013549977447837591}, {""label"": ""optimism"", ""score"": 0.015086106024682522}, {""label"": ""pride"", ""score"": 0.004499281756579876}, {""label"": ""realization"", ""score"": 0.0964764878153801}, {""label"": ""relief"", ""score"": 0.0027816258370876312}, {""label"": ""remorse"", ""score"": 0.005183881614357233}, {""label"": ""sadness"", ""score"": 0.016355203464627266}, {""label"": ""surprise"", ""score"": 0.003974179271608591}, {""label"": ""neutral"", ""score"": 0.07391094416379929}]",disappointment,0.0,Ce tweet a un score de fiabilité de 0.0%.
at://did:plc:moyewwew4ilieniew4vvyuyy/app.bsky.feed.post/3lt4xpaswls2w,https://bsky.app/profile/chrisheart.bsky.social/post/3lt4xpaswls2w,bafyreigc62eax7nztn6wmuxfnbd7curyqmxitdoc7gphf5krtxf6osmseq,Kill another green law? The EU wants to continue protecting polluters spreading greenwashing lies. Finally political momentum is on our side to stop this. Sign to demand the anti-greenwashing law. action.wemove.eu/sign/2025-07...,2025-07-04T09:49:52.788Z,2025-07-04T09:49:55.939Z,"""external=External(description='Kill another green law? The EU wants to continue protecting polluters spreading greenwashing lies. Finally political momentum is on our side to stop this. Sign to demand the anti-greenwashing law.', title='No more \u201cgreen\u201d lies! Don\u2019t let the EU kill the anti-greenwashing law.', uri='https://action.wemove.eu/sign/2025-07-antigreenwashing-directive-petition-EN?variation=119&akid=s6344301..b16ihA', thumb=BlobRef(mime_type='image/jpeg', size=847141, ref=IpldLink(link='bafkreiepvr75p6ii4gq2sco4fsj4xkwrdhcseqgipijpvfxyh7kiavrgta'), py_type='blob'), py_type='app.bsky.embed.external#external') py_type='app.bsky.embed.external'""",0,0,0,did:plc:moyewwew4ilieniew4vvyuyy,chrisheart.bsky.social,Chris,0,0,0,2024-11-20T12:52:05.370Z,,False,,False,"""[]""",2025-07-04T10:10:31.652362Z,Vrai,"[0.0394713468849659, 0.9605286717414856]","[{""label"": ""admiration"", ""score"": 0.0016839979216456413}, {""label"": ""amusement"", ""score"": 0.0004929915885441005}, {""label"": ""anger"", ""score"": 0.002944828011095524}, {""label"": ""annoyance"", ""score"": 0.018479641526937485}, {""label"": ""approval"", ""score"": 0.1468077301979065}, {""label"": ""caring"", ""score"": 0.0038647360634058714}, {""label"": ""confusion"", ""score"": 0.03288692981004715}, {""label"": ""curiosity"", ""score"": 0.0952862799167633}, {""label"": ""desire"", ""score"": 0.012852080166339874}, {""label"": ""disappointment"", ""score"": 0.004153320100158453}, {""label"": ""disapproval"", ""score"": 0.012715266086161137}, {""label"": ""disgust"", ""score"": 0.001028468948788941}, {""label"": ""embarrassment"", ""score"": 0.00031061909976415336}, {""label"": ""excitement"", ""score"": 0.0015789128374308348}, {""label"": ""fear"", ""score"": 0.0007361075258813798}, {""label"": ""gratitude"", ""score"": 0.0002150461805285886}, {""label"": ""grief"", ""score"": 0.00022939361224416643}, {""label"": ""joy"", ""score"": 0.0006083790794946253}, {""label"": ""love"", ""score"": 0.0009232826996594667}, {""label"": ""nervousness"", ""score"": 0.0004140225937590003}, {""label"": ""optimism"", ""score"": 0.018010180443525314}, {""label"": ""pride"", ""score"": 0.0001908539270516485}, {""label"": ""realization"", ""score"": 0.010561616159975529}, {""label"": ""relief"", ""score"": 0.0003708678123075515}, {""label"": ""remorse"", ""score"": 0.00024312899040523916}, {""label"": ""sadness"", ""score"": 0.0009736286010593176}, {""label"": ""surprise"", ""score"": 0.0009408761980012059}, {""label"": ""neutral"", ""score"": 0.6617394685745239}]",neutral,0.0,Ce tweet a un score de fiabilité de 0.0%.
at://did:plc:mmynpqczgor2jre3belx6rcs/app.bsky.feed.post/3lt4xopahl22f,https://bsky.app/profile/relfyoftheboro.bsky.social/post/3lt4xopahl22f,bafyreia32tgd6x6qpykcxojcfr2j4ttfmu6lewojwtjo7mjclnfy3x5uei,You've pretty much described all political reporting in this country Vic. Its all a big pantomime to these hacks. None of the changes impact them or their peers so it's reported like some Shakespearian drama. Rather than the reality that some people will likely die as a result of the reforms.,2025-07-04T09:49:34.356Z,2025-07-04T09:49:32.635Z,{},0,0,1,did:plc:mmynpqczgor2jre3belx6rcs,relfyoftheboro.bsky.social,Paul Relf 🖖🏻,0,0,0,2023-09-20T09:11:08.851Z,,False,,False,"""[]""",2025-07-04T10:10:31.652422Z,Vrai,"[0.006478379480540752, 0.9935216307640076]","[{""label"": ""admiration"", ""score"": 0.009551480412483215}, {""label"": ""amusement"", ""score"": 0.0006685213884338737}, {""label"": ""anger"", ""score"": 0.0007337259594351053}, {""label"": ""annoyance"", ""score"": 0.008556392975151539}, {""label"": ""approval"", ""score"": 0.24465949833393097}, {""label"": ""caring"", ""score"": 0.0013885906664654613}, {""label"": ""confusion"", ""score"": 0.002360723912715912}, {""label"": ""curiosity"", ""score"": 0.0006542241899296641}, {""label"": ""desire"", ""score"": 0.001090344274416566}, {""label"": ""disappointment"", ""score"": 0.011615035124123096}, {""label"": ""disapproval"", ""score"": 0.020460868254303932}, {""label"": ""disgust"", ""score"": 0.0014063655398786068}, {""label"": ""embarrassment"", ""score"": 0.0004712370573543012}, {""label"": ""excitement"", ""score"": 0.00042309629498049617}, {""label"": ""fear"", ""score"": 0.0007791693205945194}, {""label"": ""gratitude"", ""score"": 0.0012641497887670994}, {""label"": ""grief"", ""score"": 0.0004090994189027697}, {""label"": ""joy"", ""score"": 0.0005755876773037016}, {""label"": ""love"", ""score"": 0.0009295381023548543}, {""label"": ""nervousness"", ""score"": 0.0003519861784297973}, {""label"": ""optimism"", ""score"": 0.00911069568246603}, {""label"": ""pride"", ""score"": 0.0005124273593537509}, {""label"": ""realization"", ""score"": 0.051203615963459015}, {""label"": ""relief"", ""score"": 0.0010011055273935199}, {""label"": ""remorse"", ""score"": 0.00048134109238162637}, {""label"": ""sadness"", ""score"": 0.0030832141637802124}, {""label"": ""surprise"", ""score"": 0.0005185703048482537}, {""label"": ""neutral"", ""score"": 0.7287707328796387}]",neutral,6.0,Ce tweet a un score de fiabilité de 6.0%.
at://did:plc:kvu2rktr7yvet2zjot227sja/app.bsky.feed.post/3lt4xnvaw722u,https://bsky.app/profile/pukolis.bsky.social/post/3lt4xnvaw722u,bafyreidvid2fol2qihekbmqpsiydpwkwkhxxqpncaac5x27mfklh5o6nuu,"If you're suggesting bombing civilian targets that would only be a boon to putin. Ukraine cares about its people, putin only sees them as a resource. If he can catalyze political support by having his people killed by air raids, he'd take that as a opportunity.",2025-07-04T09:49:07.107Z,2025-07-04T09:49:09.838Z,{},0,0,0,did:plc:kvu2rktr7yvet2zjot227sja,pukolis.bsky.social,,0,0,0,2024-12-04T20:19:33.246Z,,False,,False,"""[]""",2025-07-04T10:10:31.652484Z,Vrai,"[0.004384900443255901, 0.9956151247024536]","[{""label"": ""admiration"", ""score"": 0.005537104327231646}, {""label"": ""amusement"", ""score"": 0.0008075583027675748}, {""label"": ""anger"", ""score"": 0.003235343610867858}, {""label"": ""annoyance"", ""score"": 0.01758291944861412}, {""label"": ""approval"", ""score"": 0.0695435181260109}, {""label"": ""caring"", ""score"": 0.3521679937839508}, {""label"": ""confusion"", ""score"": 0.0008682621992193162}, {""label"": ""curiosity"", ""score"": 0.0009260437800548971}, {""label"": ""desire"", ""score"": 0.011116549372673035}, {""label"": ""disappointment"", ""score"": 0.006353652570396662}, {""label"": ""disapproval"", ""score"": 0.01662706770002842}, {""label"": ""disgust"", ""score"": 0.001893852953799069}, {""label"": ""embarrassment"", ""score"": 0.0007155654602684081}, {""label"": ""excitement"", ""score"": 0.0006379951955750585}, {""label"": ""fear"", ""score"": 0.001815318944863975}, {""label"": ""gratitude"", ""score"": 0.0028242263942956924}, {""label"": ""grief"", ""score"": 0.0018220397178083658}, {""label"": ""joy"", ""score"": 0.0019435228314250708}, {""label"": ""love"", ""score"": 0.0033553566318005323}, {""label"": ""nervousness"", ""score"": 0.00162514578551054}, {""label"": ""optimism"", ""score"": 0.013965129852294922}, {""label"": ""pride"", ""score"": 0.0010769724613055587}, {""label"": ""realization"", ""score"": 0.013027121312916279}, {""label"": ""relief"", ""score"": 0.003954041283577681}, {""label"": ""remorse"", ""score"": 0.0031475049909204245}, {""label"": ""sadness"", ""score"": 0.010653747245669365}, {""label"": ""surprise"", ""score"": 0.00023801963834557682}, {""label"": ""neutral"", ""score"": 0.7165839076042175}]",neutral,0.0,Ce tweet a un score de fiabilité de 0.0%.
at://did:plc:55oreg7wddaaiek7hvibjupw/app.bsky.feed.post/3lt4xnsznwc2e,https://bsky.app/profile/tonyvan.bsky.social/post/3lt4xnsznwc2e,bafyreibi2dmhfpfteemccjrpke3vgwjs5ylxrijmexs6gt7uus2g7lccgi,Kill another green law? The EU wants to continue protecting polluters spreading greenwashing lies. Finally political momentum is on our side to stop this. Sign to demand the anti-greenwashing law. action.wemove.eu/sign/2025-07...,2025-07-04T09:49:04.771Z,2025-07-04T09:49:07.737Z,"""external=External(description='Kill another green law? The EU wants to continue protecting polluters spreading greenwashing lies. Finally political momentum is on our side to stop this. Sign to demand the anti-greenwashing law.', title='No more \u201cgreen\u201d lies! Don\u2019t let the EU kill the anti-greenwashing law.', uri='https://action.wemove.eu/sign/2025-07-antigreenwashing-directive-petition-EN?akid=s6344292..Qmq1uw', thumb=BlobRef(mime_type='image/jpeg', size=771293, ref=IpldLink(link='bafkreigmjqix6gvjowdabvrvdq4jfawpc5ua3cta3qhmlfkw3hkcj6scty'), py_type='blob'), py_type='app.bsky.embed.external#external') py_type='app.bsky.embed.external'""",0,0,0,did:plc:55oreg7wddaaiek7hvibjupw,tonyvan.bsky.social,Blueboyo80,0,0,0,2024-08-16T06:35:34.186Z,,False,,False,"""[]""",2025-07-04T10:10:31.652724Z,Vrai,"[0.0394713468849659, 0.9605286717414856]","[{""label"": ""admiration"", ""score"": 0.0016839979216456413}, {""label"": ""amusement"", ""score"": 0.0004929915885441005}, {""label"": ""anger"", ""score"": 0.002944828011095524}, {""label"": ""annoyance"", ""score"": 0.018479641526937485}, {""label"": ""approval"", ""score"": 0.1468077301979065}, {""label"": ""caring"", ""score"": 0.0038647360634058714}, {""label"": ""confusion"", ""score"": 0.03288692981004715}, {""label"": ""curiosity"", ""score"": 0.0952862799167633}, {""label"": ""desire"", ""score"": 0.012852080166339874}, {""label"": ""disappointment"", ""score"": 0.004153320100158453}, {""label"": ""disapproval"", ""score"": 0.012715266086161137}, {""label"": ""disgust"", ""score"": 0.001028468948788941}, {""label"": ""embarrassment"", ""score"": 0.00031061909976415336}, {""label"": ""excitement"", ""score"": 0.0015789128374308348}, {""label"": ""fear"", ""score"": 0.0007361075258813798}, {""label"": ""gratitude"", ""score"": 0.0002150461805285886}, {""label"": ""grief"", ""score"": 0.00022939361224416643}, {""label"": ""joy"", ""score"": 0.0006083790794946253}, {""label"": ""love"", ""score"": 0.0009232826996594667}, {""label"": ""nervousness"", ""score"": 0.0004140225937590003}, {""label"": ""optimism"", ""score"": 0.018010180443525314}, {""label"": ""pride"", ""score"": 0.0001908539270516485}, {""label"": ""realization"", ""score"": 0.010561616159975529}, {""label"": ""relief"", ""score"": 0.0003708678123075515}, {""label"": ""remorse"", ""score"": 0.00024312899040523916}, {""label"": ""sadness"", ""score"": 0.0009736286010593176}, {""label"": ""surprise"", ""score"": 0.0009408761980012059}, {""label"": ""neutral"", ""score"": 0.6617394685745239}]",neutral,0.0,Ce tweet a un score de fiabilité de 0.0%.
at://did:plc:cwluqfstzkua226lu4w4loj2/app.bsky.feed.post/3lt4xmztab22m,https://bsky.app/profile/goblinfanatic.bsky.social/post/3lt4xmztab22m,bafyreif67uvypuaguxdolhqg4emyvm4pyxnsobkatscop3wzudda237ofi,"Agreed. I don't hate Corbyn, hell I agree with the vast majority of what he says, but he is political poison.",2025-07-04T09:48:38.348Z,2025-07-04T09:48:39.338Z,{},1,0,0,did:plc:cwluqfstzkua226lu4w4loj2,goblinfanatic.bsky.social,,0,0,0,2024-11-13T23:32:56.875Z,,False,,False,"""[]""",2025-07-04T10:10:31.652814Z,Vrai,"[0.0007711451617069542, 0.999228835105896]","[{""label"": ""admiration"", ""score"": 0.030301040038466454}, {""label"": ""amusement"", ""score"": 0.0028871006797999144}, {""label"": ""anger"", ""score"": 0.010346041060984135}, {""label"": ""annoyance"", ""score"": 0.044897183775901794}, {""label"": ""approval"", ""score"": 0.9191933274269104}, {""label"": ""caring"", ""score"": 0.007868200540542603}, {""label"": ""confusion"", ""score"": 0.0034514761064201593}, {""label"": ""curiosity"", ""score"": 0.0032391424756497145}, {""label"": ""desire"", ""score"": 0.0026585019659250975}, {""label"": ""disappointment"", ""score"": 0.0059857722371816635}, {""label"": ""disapproval"", ""score"": 0.027572795748710632}, {""label"": ""disgust"", ""score"": 0.006110591813921928}, {""label"": ""embarrassment"", ""score"": 0.0017024597618728876}, {""label"": ""excitement"", ""score"": 0.0027131258975714445}, {""label"": ""fear"", ""score"": 0.001545167644508183}, {""label"": ""gratitude"", ""score"": 0.004399370867758989}, {""label"": ""grief"", ""score"": 0.000618515070527792}, {""label"": ""joy"", ""score"": 0.005018104333430529}, {""label"": ""love"", ""score"": 0.009364104829728603}, {""label"": ""nervousness"", ""score"": 0.000801631307695061}, {""label"": ""optimism"", ""score"": 0.007357947062700987}, {""label"": ""pride"", ""score"": 0.0021425376180559397}, {""label"": ""realization"", ""score"": 0.01643018051981926}, {""label"": ""relief"", ""score"": 0.003709347452968359}, {""label"": ""remorse"", ""score"": 0.0015000448329374194}, {""label"": ""sadness"", ""score"": 0.0038659116253256798}, {""label"": ""surprise"", ""score"": 0.0006794387591071427}, {""label"": ""neutral"", ""score"": 0.04010290279984474}]",approval,0.36363636363636365,Ce tweet a un score de fiabilité de 0.4%.
at://did:plc:gh6yqcahunolrf7lllw5loqb/app.bsky.feed.post/3lt4xmvwg4k2y,https://bsky.app/profile/anzac69.bsky.social/post/3lt4xmvwg4k2y,bafyreiga2lk24w5kuplhjrmdlsraltira5z6bjf4qc7lnl5hb6keof566q,Tax the super rich! But I suspect that won't happen whilst we are trapped in our rigged 2 party political system; electoral reform NOW! #PRnow Only a Belarusian Dictator and England use the rigged First Past The Post electoral system...,2025-07-04T09:48:34.257Z,2025-07-04T09:48:33.936Z,{},0,0,0,did:plc:gh6yqcahunolrf7lllw5loqb,anzac69.bsky.social,ANZAC,0,0,0,2024-08-12T20:57:10.776Z,,False,,False,"""[]""",2025-07-04T10:10:31.652887Z,Vrai,"[0.007616296876221895, 0.9923837780952454]","[{""label"": ""admiration"", ""score"": 0.000771428516600281}, {""label"": ""amusement"", ""score"": 0.0014388010604307055}, {""label"": ""anger"", ""score"": 0.0022501798812299967}, {""label"": ""annoyance"", ""score"": 0.036273591220378876}, {""label"": ""approval"", ""score"": 0.05679372698068619}, {""label"": ""caring"", ""score"": 0.0019142337841913104}, {""label"": ""confusion"", ""score"": 0.03240843489766121}, {""label"": ""curiosity"", ""score"": 0.002126345643773675}, {""label"": ""desire"", ""score"": 0.00426580710336566}, {""label"": ""disappointment"", ""score"": 0.042828936129808426}, {""label"": ""disapproval"", ""score"": 0.30713939666748047}, {""label"": ""disgust"", ""score"": 0.001964423106983304}, {""label"": ""embarrassment"", ""score"": 0.001679430017247796}, {""label"": ""excitement"", ""score"": 0.0007692391518503428}, {""label"": ""fear"", ""score"": 0.0008352473378181458}, {""label"": ""gratitude"", ""score"": 0.0006428315537050366}, {""label"": ""grief"", ""score"": 0.0004083485691808164}, {""label"": ""joy"", ""score"": 0.0011372902663424611}, {""label"": ""love"", ""score"": 0.0008468682644888759}, {""label"": ""nervousness"", ""score"": 0.0007988380966708064}, {""label"": ""optimism"", ""score"": 0.04343720152974129}, {""label"": ""pride"", ""score"": 0.0003386096504982561}, {""label"": ""realization"", ""score"": 0.08141551911830902}, {""label"": ""relief"", ""score"": 0.000967907253652811}, {""label"": ""remorse"", ""score"": 0.0009953504195436835}, {""label"": ""sadness"", ""score"": 0.0025609026197344065}, {""label"": ""surprise"", ""score"": 0.0020362194627523422}, {""label"": ""neutral"", ""score"": 0.6121563911437988}]",neutral,0.0,Ce tweet a un score de fiabilité de 0.0%.
at://did:plc:ahh2xmmeljrhaq6f6jixc5r7/app.bsky.feed.post/3lt4xkz5zg22m,https://bsky.app/profile/remysmom7.bsky.social/post/3lt4xkz5zg22m,bafyreiapgzupygwfqtzke6ag2wrrhkpjqkuofmk6slipj3zqlqx3iihqoi,"It’s actually not, but I’m not giving her/her heinous behavior any kind of pass. The repugs are collectively deplorable sycophants who ALWAYS kowtow to 47 despite their various feeble protestations to the contrary. They’ve become a political plague destroying democracy in a death of 1,000 cuts.",2025-07-04T09:47:30.544Z,2025-07-04T09:47:32.636Z,{},0,0,0,did:plc:ahh2xmmeljrhaq6f6jixc5r7,remysmom7.bsky.social,Jackie Kerr,0,0,0,2023-07-03T19:38:42.685Z,,False,,False,"""[]""",2025-07-04T10:10:31.653129Z,Vrai,"[0.12020762264728546, 0.879792332649231]","[{""label"": ""admiration"", ""score"": 0.0012907234486192465}, {""label"": ""amusement"", ""score"": 0.001160714658908546}, {""label"": ""anger"", ""score"": 0.055792953819036484}, {""label"": ""annoyance"", ""score"": 0.32731905579566956}, {""label"": ""approval"", ""score"": 0.018830429762601852}, {""label"": ""caring"", ""score"": 0.0018780563259497285}, {""label"": ""confusion"", ""score"": 0.0014591951621696353}, {""label"": ""curiosity"", ""score"": 0.0006252179737202823}, {""label"": ""desire"", ""score"": 0.001378243207000196}, {""label"": ""disappointment"", ""score"": 0.06556477397680283}, {""label"": ""disapproval"", ""score"": 0.3824748396873474}, {""label"": ""disgust"", ""score"": 0.06706196814775467}, {""label"": ""embarrassment"", ""score"": 0.005826236680150032}, {""label"": ""excitement"", ""score"": 0.0005670632817782462}, {""label"": ""fear"", ""score"": 0.0021719587966799736}, {""label"": ""gratitude"", ""score"": 0.001295841415412724}, {""label"": ""grief"", ""score"": 0.0005581052973866463}, {""label"": ""joy"", ""score"": 0.0006486696656793356}, {""label"": ""love"", ""score"": 0.0006627574912272394}, {""label"": ""nervousness"", ""score"": 0.0006888316129334271}, {""label"": ""optimism"", ""score"": 0.002509766723960638}, {""label"": ""pride"", ""score"": 0.000389417284168303}, {""label"": ""realization"", ""score"": 0.010742061771452427}, {""label"": ""relief"", ""score"": 0.0005795534234493971}, {""label"": ""remorse"", ""score"": 0.0011497358791530132}, {""label"": ""sadness"", ""score"": 0.010987031273543835}, {""label"": ""surprise"", ""score"": 0.000800353882368654}, {""label"": ""neutral"", ""score"": 0.1804863065481186}]",disapproval,0.0,Ce tweet a un score de fiabilité de 0.0%.
at://did:plc:5pcmzdbm4sdzp62vg7g2sc2l/app.bsky.feed.post/3lt4xkoacyc2q,https://bsky.app/profile/hopelesspessimist.bsky.social/post/3lt4xkoacyc2q,bafyreibauedtwwzpvdf5ewprwp7klz3x4xoseoozvevrcmqf6w2e2lhc3m,And? What were HIS personal views and why do we always need to weaponize Crazy people's actions to try to one up the other side?  This is why having political parties is ass and why the founding fathers didnt like them,2025-07-04T09:47:19.085Z,2025-07-04T09:47:20.238Z,{},0,0,0,did:plc:5pcmzdbm4sdzp62vg7g2sc2l,hopelesspessimist.bsky.social,Don't Worryboutit,0,0,0,2025-07-03T21:50:40.934Z,,False,,False,"""[]""",2025-07-04T10:10:31.653320Z,Vrai,"[0.0024749706499278545, 0.9975250363349915]","[{""label"": ""admiration"", ""score"": 0.0016768696950748563}, {""label"": ""amusement"", ""score"": 0.0015953188994899392}, {""label"": ""anger"", ""score"": 0.02175346575677395}, {""label"": ""annoyance"", ""score"": 0.1492435187101364}, {""label"": ""approval"", ""score"": 0.019885314628481865}, {""label"": ""caring"", ""score"": 0.0015411978820338845}, {""label"": ""confusion"", ""score"": 0.23279604315757751}, {""label"": ""curiosity"", ""score"": 0.38487833738327026}, {""label"": ""desire"", ""score"": 0.0011992398649454117}, {""label"": ""disappointment"", ""score"": 0.013262619264423847}, {""label"": ""disapproval"", ""score"": 0.07722986489534378}, {""label"": ""disgust"", ""score"": 0.0075266179628670216}, {""label"": ""embarrassment"", ""score"": 0.0025693962816148996}, {""label"": ""excitement"", ""score"": 0.0009117271983996034}, {""label"": ""fear"", ""score"": 0.0010202198754996061}, {""label"": ""gratitude"", ""score"": 0.0003455268160905689}, {""label"": ""grief"", ""score"": 0.00035013954038731754}, {""label"": ""joy"", ""score"": 0.0005104471347294748}, {""label"": ""love"", ""score"": 0.0008278266759589314}, {""label"": ""nervousness"", ""score"": 0.0006306883879005909}, {""label"": ""optimism"", ""score"": 0.00295223668217659}, {""label"": ""pride"", ""score"": 0.00010099684732267633}, {""label"": ""realization"", ""score"": 0.009530161507427692}, {""label"": ""relief"", ""score"": 0.00018654955783858895}, {""label"": ""remorse"", ""score"": 0.0003411233192309737}, {""label"": ""sadness"", ""score"": 0.0014766929671168327}, {""label"": ""surprise"", ""score"": 0.004493803717195988}, {""label"": ""neutral"", ""score"": 0.35317665338516235}]",curiosity,0.0,Ce tweet a un score de fiabilité de 0.0%.
at://did:plc:oyrjblkkxfjmipuw4j2meqpu/app.bsky.feed.post/3lt4xknfy7k2s,https://bsky.app/profile/frank76.bsky.social/post/3lt4xknfy7k2s,bafyreidrkbltzlxwyvsfmhqsp5i5vpipkhedffryt2kfpvjiila7peyovu,Jeremy Corbyn and Zarah Sultana are co-founding a new political party www.councilestatemedia.uk/p/jeremy-cor...,2025-07-04T09:47:18.223Z,2025-07-04T09:47:23.038Z,"""external=External(description=\""It's about time...\"", title='Jeremy Corbyn and Zarah Sultana are co-founding a new political party', uri='https://www.councilestatemedia.uk/p/jeremy-corbyn-and-zarah-sultana-are?r=1ecank&utm_campaign=post&utm_medium=web&showWelcomeOnShare=false', thumb=BlobRef(mime_type='image/jpeg', size=906916, ref=IpldLink(link='bafkreiegvhav6m7ieopba37bu47pb7o5in3q6n3umlrdr3a6zwcasnoyai'), py_type='blob'), py_type='app.bsky.embed.external#external') py_type='app.bsky.embed.external'""",3,1,0,did:plc:oyrjblkkxfjmipuw4j2meqpu,frank76.bsky.social,Frank,0,0,0,2024-02-19T14:22:45.087Z,,False,,False,"""[]""",2025-07-04T10:10:31.653611Z,Vrai,"[0.001301085576415062, 0.9986988306045532]","[{""label"": ""admiration"", ""score"": 0.0038321763277053833}, {""label"": ""amusement"", ""score"": 0.001810267916880548}, {""label"": ""anger"", ""score"": 0.0009021053556352854}, {""label"": ""annoyance"", ""score"": 0.00444429088383913}, {""label"": ""approval"", ""score"": 0.052456606179475784}, {""label"": ""caring"", ""score"": 0.00081780890468508}, {""label"": ""confusion"", ""score"": 0.0020957402884960175}, {""label"": ""curiosity"", ""score"": 0.000896044890396297}, {""label"": ""desire"", ""score"": 0.0008782063378021121}, {""label"": ""disappointment"", ""score"": 0.0026590139605104923}, {""label"": ""disapproval"", ""score"": 0.004390389192849398}, {""label"": ""disgust"", ""score"": 0.0011834122706204653}, {""label"": ""embarrassment"", ""score"": 0.0004595910431817174}, {""label"": ""excitement"", ""score"": 0.0023640908766537905}, {""label"": ""fear"", ""score"": 0.0007780893356539309}, {""label"": ""gratitude"", ""score"": 0.0005076946690678596}, {""label"": ""grief"", ""score"": 0.000270380696747452}, {""label"": ""joy"", ""score"": 0.002780483104288578}, {""label"": ""love"", ""score"": 0.0012998339952901006}, {""label"": ""nervousness"", ""score"": 0.000300268322462216}, {""label"": ""optimism"", ""score"": 0.002355617703869939}, {""label"": ""pride"", ""score"": 0.0004360127786640078}, {""label"": ""realization"", ""score"": 0.014348509721457958}, {""label"": ""relief"", ""score"": 0.0005614670226350427}, {""label"": ""remorse"", ""score"": 0.0003055064589716494}, {""label"": ""sadness"", ""score"": 0.0014386550756171346}, {""label"": ""surprise"", ""score"": 0.0006138187018223107}, {""label"": ""neutral"", ""score"": 0.942708432674408}]",neutral,2.395256916996048,Ce tweet a un score de fiabilité de 2.4%.
at://did:plc:nscpdzepvrn6m3cbocssgaq2/app.bsky.feed.post/3lt4xke3pc22r,https://bsky.app/profile/sandyernestallen.bsky.social/post/3lt4xke3pc22r,bafyreie5cmcusyjdu2d7j3kcd7kp2bds4mah3pxboksdnudya2bdto4kr4,"just the obvious double standard. my entire life is on the line but if i speak up, i'm ... political. i'm an activist.",2025-07-04T09:47:08.448Z,2025-07-04T09:47:10.138Z,{},3,0,1,did:plc:nscpdzepvrn6m3cbocssgaq2,sandyernestallen.bsky.social,Sandy Ernest Allen (he/him),0,0,0,2024-11-27T10:55:09.745Z,,False,,False,"""[]""",2025-07-04T10:10:31.653731Z,Faux,"[0.8090847134590149, 0.19091525673866272]","[{""label"": ""admiration"", ""score"": 0.004881119355559349}, {""label"": ""amusement"", ""score"": 0.0006253413739614189}, {""label"": ""anger"", ""score"": 0.005379462614655495}, {""label"": ""annoyance"", ""score"": 0.08152256160974503}, {""label"": ""approval"", ""score"": 0.3726232647895813}, {""label"": ""caring"", ""score"": 0.0025083241052925587}, {""label"": ""confusion"", ""score"": 0.001465790905058384}, {""label"": ""curiosity"", ""score"": 0.0006469886866398156}, {""label"": ""desire"", ""score"": 0.003267233492806554}, {""label"": ""disappointment"", ""score"": 0.015118290670216084}, {""label"": ""disapproval"", ""score"": 0.028176214545965195}, {""label"": ""disgust"", ""score"": 0.0021537027787417173}, {""label"": ""embarrassment"", ""score"": 0.001287704100832343}, {""label"": ""excitement"", ""score"": 0.0009098007576540112}, {""label"": ""fear"", ""score"": 0.0004687771725002676}, {""label"": ""gratitude"", ""score"": 0.0007304229075089097}, {""label"": ""grief"", ""score"": 0.0003554149006959051}, {""label"": ""joy"", ""score"": 0.0012852528598159552}, {""label"": ""love"", ""score"": 0.0005410915473476052}, {""label"": ""nervousness"", ""score"": 0.0004603820270858705}, {""label"": ""optimism"", ""score"": 0.013443910516798496}, {""label"": ""pride"", ""score"": 0.0016366807976737618}, {""label"": ""realization"", ""score"": 0.06579553335905075}, {""label"": ""relief"", ""score"": 0.0015268001006916165}, {""label"": ""remorse"", ""score"": 0.0005035856156609952}, {""label"": ""sadness"", ""score"": 0.002258392982184887}, {""label"": ""surprise"", ""score"": 0.0005050108884461224}, {""label"": ""neutral"", ""score"": 0.47354856133461}]",neutral,7.090909090909091,Ce tweet a un score de fiabilité de 7.1%.
at://did:plc:gd7f42te2tvaorf6m3u63y35/app.bsky.feed.post/3lt4xk6cglc2n,https://bsky.app/profile/liverpoolfrencie.bsky.social/post/3lt4xk6cglc2n,bafyreicfhwqm3pdmop7sa6yw4pfteyou4sjf2dycmrudugsoruwsehvdw4,Kill another green law? The EU wants to continue protecting polluters spreading greenwashing lies. Finally political momentum is on our side to stop this. Sign to demand the anti-greenwashing law. action.wemove.eu/sign/2025-07...,2025-07-04T09:47:02.378Z,2025-07-04T09:47:07.236Z,"""external=External(description='Kill another green law? The EU wants to continue protecting polluters spreading greenwashing lies. Finally political momentum is on our side to stop this. Sign to demand the anti-greenwashing law.', title='No more \u201cgreen\u201d lies! Don\u2019t let the EU kill the anti-greenwashing law.', uri='https://action.wemove.eu/sign/2025-07-antigreenwashing-directive-petition-EN?akid=s6344274..KVkATb', thumb=BlobRef(mime_type='image/jpeg', size=765971, ref=IpldLink(link='bafkreifmqfrltgdfdvn2bwqtv7wo6jh2be457gd7cxx4hilt6cj6xtu6iu'), py_type='blob'), py_type='app.bsky.embed.external#external') py_type='app.bsky.embed.external'""",0,0,0,did:plc:gd7f42te2tvaorf6m3u63y35,liverpoolfrencie.bsky.social,liverpoolfrenchie,0,0,0,2025-02-05T15:08:15.745Z,,False,,False,"""[]""",2025-07-04T10:10:31.654090Z,Vrai,"[0.0394713468849659, 0.9605286717414856]","[{""label"": ""admiration"", ""score"": 0.0016839979216456413}, {""label"": ""amusement"", ""score"": 0.0004929915885441005}, {""label"": ""anger"", ""score"": 0.002944828011095524}, {""label"": ""annoyance"", ""score"": 0.018479641526937485}, {""label"": ""approval"", ""score"": 0.1468077301979065}, {""label"": ""caring"", ""score"": 0.0038647360634058714}, {""label"": ""confusion"", ""score"": 0.03288692981004715}, {""label"": ""curiosity"", ""score"": 0.0952862799167633}, {""label"": ""desire"", ""score"": 0.012852080166339874}, {""label"": ""disappointment"", ""score"": 0.004153320100158453}, {""label"": ""disapproval"", ""score"": 0.012715266086161137}, {""label"": ""disgust"", ""score"": 0.001028468948788941}, {""label"": ""embarrassment"", ""score"": 0.00031061909976415336}, {""label"": ""excitement"", ""score"": 0.0015789128374308348}, {""label"": ""fear"", ""score"": 0.0007361075258813798}, {""label"": ""gratitude"", ""score"": 0.0002150461805285886}, {""label"": ""grief"", ""score"": 0.00022939361224416643}, {""label"": ""joy"", ""score"": 0.0006083790794946253}, {""label"": ""love"", ""score"": 0.0009232826996594667}, {""label"": ""nervousness"", ""score"": 0.0004140225937590003}, {""label"": ""optimism"", ""score"": 0.018010180443525314}, {""label"": ""pride"", ""score"": 0.0001908539270516485}, {""label"": ""realization"", ""score"": 0.010561616159975529}, {""label"": ""relief"", ""score"": 0.0003708678123075515}, {""label"": ""remorse"", ""score"": 0.00024312899040523916}, {""label"": ""sadness"", ""score"": 0.0009736286010593176}, {""label"": ""surprise"", ""score"": 0.0009408761980012059}, {""label"": ""neutral"", ""score"": 0.6617394685745239}]",neutral,0.0,Ce tweet a un score de fiabilité de 0.0%.
at://did:plc:kyh7aam2xbolypwlqwb6af6h/app.bsky.feed.post/3lt4xjpigmc2m,https://bsky.app/profile/dawnxianamoon.bsky.social/post/3lt4xjpigmc2m,bafyreihx72bfrgvrrvqpsd5urc3st4byb2frjwgo2lh5jccy2ddvqcer4y,"Indeed. There's a whole strain of thought that the Antichrist is the political leader of a global empire who promises things & breaks his promises too. And demands worship.  That said - I'm not religious anymore, but I used to be really into theology. And Antichrist speculation isn't great theology.",2025-07-04T09:46:46.846Z,2025-07-04T09:46:46.036Z,{},0,0,0,did:plc:kyh7aam2xbolypwlqwb6af6h,dawnxianamoon.bsky.social,Dawn Xiana Moon,0,0,0,2023-05-18T23:13:12.719Z,,False,,False,"""[]""",2025-07-04T10:10:31.654184Z,Vrai,"[0.012585352174937725, 0.9874146580696106]","[{""label"": ""admiration"", ""score"": 0.0035710521042346954}, {""label"": ""amusement"", ""score"": 0.0008510995539836586}, {""label"": ""anger"", ""score"": 0.0031315218657255173}, {""label"": ""annoyance"", ""score"": 0.06757689267396927}, {""label"": ""approval"", ""score"": 0.09269872307777405}, {""label"": ""caring"", ""score"": 0.0006656154291704297}, {""label"": ""confusion"", ""score"": 0.008626359514892101}, {""label"": ""curiosity"", ""score"": 0.0008090416667982936}, {""label"": ""desire"", ""score"": 0.0009715547203086317}, {""label"": ""disappointment"", ""score"": 0.04359680414199829}, {""label"": ""disapproval"", ""score"": 0.3926475942134857}, {""label"": ""disgust"", ""score"": 0.0038919285871088505}, {""label"": ""embarrassment"", ""score"": 0.0016657107044011354}, {""label"": ""excitement"", ""score"": 0.0007665418670512736}, {""label"": ""fear"", ""score"": 0.00048393182805739343}, {""label"": ""gratitude"", ""score"": 0.0007816808065399528}, {""label"": ""grief"", ""score"": 0.00028640730306506157}, {""label"": ""joy"", ""score"": 0.0008664902416057885}, {""label"": ""love"", ""score"": 0.000960109056904912}, {""label"": ""nervousness"", ""score"": 0.000398811767809093}, {""label"": ""optimism"", ""score"": 0.00363975134678185}, {""label"": ""pride"", ""score"": 0.0004977939534001052}, {""label"": ""realization"", ""score"": 0.049767009913921356}, {""label"": ""relief"", ""score"": 0.0008370704599656165}, {""label"": ""remorse"", ""score"": 0.0004135200579185039}, {""label"": ""sadness"", ""score"": 0.001705998438410461}, {""label"": ""surprise"", ""score"": 0.0015906465705484152}, {""label"": ""neutral"", ""score"": 0.454198956489563}]",neutral,0.0,Ce tweet a un score de fiabilité de 0.0%.
at://did:plc:62pekenlfw5l2yjh7olt6vlx/app.bsky.feed.post/3lt4xilz4js24,https://bsky.app/profile/fdsfhhghgd.bsky.social/post/3lt4xilz4js24,bafyreids6iy73vgbhrssbrvvmhfpj5qgy7wyywfcojqz7yvtcfxrht73tq,"According to this scholar, asking for proof of a claim makes you a member of a 1930s german political party.   Low IQ BEHAVIOR!",2025-07-04T09:46:09.643Z,2025-07-04T09:46:10.335Z,{},0,0,0,did:plc:62pekenlfw5l2yjh7olt6vlx,fdsfhhghgd.bsky.social,"""Product of China""",0,0,0,2025-06-27T02:11:33.431Z,,False,,False,"""[]""",2025-07-04T10:10:31.654721Z,Vrai,"[0.005971877370029688, 0.9940280914306641]","[{""label"": ""admiration"", ""score"": 0.0050300005823373795}, {""label"": ""amusement"", ""score"": 0.001735203666612506}, {""label"": ""anger"", ""score"": 0.0020725312642753124}, {""label"": ""annoyance"", ""score"": 0.024558119475841522}, {""label"": ""approval"", ""score"": 0.033683378249406815}, {""label"": ""caring"", ""score"": 0.0005479073151946068}, {""label"": ""confusion"", ""score"": 0.0013541217194870114}, {""label"": ""curiosity"", ""score"": 0.0007976996712386608}, {""label"": ""desire"", ""score"": 0.0006009183125570416}, {""label"": ""disappointment"", ""score"": 0.006997427903115749}, {""label"": ""disapproval"", ""score"": 0.01169580314308405}, {""label"": ""disgust"", ""score"": 0.0027382257394492626}, {""label"": ""embarrassment"", ""score"": 0.0007688917103223503}, {""label"": ""excitement"", ""score"": 0.0006898426217958331}, {""label"": ""fear"", ""score"": 0.00043671386083588004}, {""label"": ""gratitude"", ""score"": 0.000505796866491437}, {""label"": ""grief"", ""score"": 0.00021053127420600504}, {""label"": ""joy"", ""score"": 0.0004997570067644119}, {""label"": ""love"", ""score"": 0.0005955492961220443}, {""label"": ""nervousness"", ""score"": 0.00013000764010939747}, {""label"": ""optimism"", ""score"": 0.002649438101798296}, {""label"": ""pride"", ""score"": 0.00030915133538655937}, {""label"": ""realization"", ""score"": 0.018044432625174522}, {""label"": ""relief"", ""score"": 0.00027774350019171834}, {""label"": ""remorse"", ""score"": 0.00021915473917033523}, {""label"": ""sadness"", ""score"": 0.0011296619195491076}, {""label"": ""surprise"", ""score"": 0.0007000772748142481}, {""label"": ""neutral"", ""score"": 0.9140335917472839}]",neutral,0.0,Ce tweet a un score de fiabilité de 0.0%.
at://did:plc:ejv6vzleknxsww5ofimjr7fb/app.bsky.feed.post/3lt4xihwxik2d,https://bsky.app/profile/hertzahaeon.bsky.social/post/3lt4xihwxik2d,bafyreigcmd5epi5hwhnsremdnxgdhz5xb4myglkfuwh34alpuzt7vru2pi,Kill another green law? The EU wants to continue protecting polluters spreading greenwashing lies. Finally political momentum is on our side to stop this. Sign to demand the anti-greenwashing law. action.wemove.eu/sign/2025-07...,2025-07-04T09:46:05.379Z,2025-07-04T09:46:07.536Z,"""external=External(description='Kill another green law? The EU wants to continue protecting polluters spreading greenwashing lies. Finally political momentum is on our side to stop this. Sign to demand the anti-greenwashing law.', title='No more \u201cgreen\u201d lies! Don\u2019t let the EU kill the anti-greenwashing law.', uri='https://action.wemove.eu/sign/2025-07-antigreenwashing-directive-petition-EN?akid=s6344269..W8aidM', thumb=BlobRef(mime_type='image/jpeg', size=847036, ref=IpldLink(link='bafkreihagc3igr3zpjtcjk2rb763wiii4ehpoom2es44t2bfm56ryvdbey'), py_type='blob'), py_type='app.bsky.embed.external#external') py_type='app.bsky.embed.external'""",0,0,0,did:plc:ejv6vzleknxsww5ofimjr7fb,hertzahaeon.bsky.social,,0,0,0,2023-10-11T20:38:16.790Z,,False,,False,"""[]""",2025-07-04T10:10:31.654897Z,Vrai,"[0.0394713468849659, 0.9605286717414856]","[{""label"": ""admiration"", ""score"": 0.0016839979216456413}, {""label"": ""amusement"", ""score"": 0.0004929915885441005}, {""label"": ""anger"", ""score"": 0.002944828011095524}, {""label"": ""annoyance"", ""score"": 0.018479641526937485}, {""label"": ""approval"", ""score"": 0.1468077301979065}, {""label"": ""caring"", ""score"": 0.0038647360634058714}, {""label"": ""confusion"", ""score"": 0.03288692981004715}, {""label"": ""curiosity"", ""score"": 0.0952862799167633}, {""label"": ""desire"", ""score"": 0.012852080166339874}, {""label"": ""disappointment"", ""score"": 0.004153320100158453}, {""label"": ""disapproval"", ""score"": 0.012715266086161137}, {""label"": ""disgust"", ""score"": 0.001028468948788941}, {""label"": ""embarrassment"", ""score"": 0.00031061909976415336}, {""label"": ""excitement"", ""score"": 0.0015789128374308348}, {""label"": ""fear"", ""score"": 0.0007361075258813798}, {""label"": ""gratitude"", ""score"": 0.0002150461805285886}, {""label"": ""grief"", ""score"": 0.00022939361224416643}, {""label"": ""joy"", ""score"": 0.0006083790794946253}, {""label"": ""love"", ""score"": 0.0009232826996594667}, {""label"": ""nervousness"", ""score"": 0.0004140225937590003}, {""label"": ""optimism"", ""score"": 0.018010180443525314}, {""label"": ""pride"", ""score"": 0.0001908539270516485}, {""label"": ""realization"", ""score"": 0.010561616159975529}, {""label"": ""relief"", ""score"": 0.0003708678123075515}, {""label"": ""remorse"", ""score"": 0.00024312899040523916}, {""label"": ""sadness"", ""score"": 0.0009736286010593176}, {""label"": ""surprise"", ""score"": 0.0009408761980012059}, {""label"": ""neutral"", ""score"": 0.6617394685745239}]",neutral,0.0,Ce tweet a un score de fiabilité de 0.0%.
at://did:plc:nscpdzepvrn6m3cbocssgaq2/app.bsky.feed.post/3lt4xi5rz2k2r,https://bsky.app/profile/sandyernestallen.bsky.social/post/3lt4xi5rz2k2r,bafyreicvgcpawlk6rb3yh7lyfjurio6jzpr5r27jkgvdld254ktpzchzgy,"this really sucks.   at bf news back when when ben smith would give his speeches about what we could and couldn't tweet about and i remember being like to you, ""abortion"" is ""political"" but like ... the things you care about  are somehow fine. huh.",2025-07-04T09:45:54.731Z,2025-07-04T09:45:55.039Z,"""record=Main(cid='bafyreiaravyv4nfiun2xpvgv4kvjqt2m74hdri2pvrxc2ojuf6the4zvpa', uri='at://did:plc:nvfposmpmhegtyvhbs75s3pw/app.bsky.feed.post/3lt44uitxc22x', py_type='com.atproto.repo.strongRef') py_type='app.bsky.embed.record'""",6,2,2,did:plc:nscpdzepvrn6m3cbocssgaq2,sandyernestallen.bsky.social,Sandy Ernest Allen (he/him),0,0,0,2024-11-27T10:55:09.745Z,,False,,False,"""[]""",2025-07-04T10:10:31.655456Z,Vrai,"[0.22405791282653809, 0.7759421467781067]","[{""label"": ""admiration"", ""score"": 0.002619628794491291}, {""label"": ""amusement"", ""score"": 0.0011909225722774863}, {""label"": ""anger"", ""score"": 0.03963656723499298}, {""label"": ""annoyance"", ""score"": 0.46732088923454285}, {""label"": ""approval"", ""score"": 0.0836246982216835}, {""label"": ""caring"", ""score"": 0.01637963019311428}, {""label"": ""confusion"", ""score"": 0.0008811492007225752}, {""label"": ""curiosity"", ""score"": 0.0005967225297354162}, {""label"": ""desire"", ""score"": 0.0026052698958665133}, {""label"": ""disappointment"", ""score"": 0.040100131183862686}, {""label"": ""disapproval"", ""score"": 0.06738286465406418}, {""label"": ""disgust"", ""score"": 0.012344911694526672}, {""label"": ""embarrassment"", ""score"": 0.0019495533779263496}, {""label"": ""excitement"", ""score"": 0.0004707243060693145}, {""label"": ""fear"", ""score"": 0.0006706051644869149}, {""label"": ""gratitude"", ""score"": 0.0008517156820744276}, {""label"": ""grief"", ""score"": 0.0005486656446009874}, {""label"": ""joy"", ""score"": 0.0010980127844959497}, {""label"": ""love"", ""score"": 0.0009311998728662729}, {""label"": ""nervousness"", ""score"": 0.0007598935626447201}, {""label"": ""optimism"", ""score"": 0.006092010997235775}, {""label"": ""pride"", ""score"": 0.0007759191794320941}, {""label"": ""realization"", ""score"": 0.018115008249878883}, {""label"": ""relief"", ""score"": 0.00126740918494761}, {""label"": ""remorse"", ""score"": 0.0006116984877735376}, {""label"": ""sadness"", ""score"": 0.005220113322138786}, {""label"": ""surprise"", ""score"": 0.0004082075320184231}, {""label"": ""neutral"", ""score"": 0.2889251112937927}]",annoyance,16.790513833992094,Ce tweet a un score de fiabilité de 16.8%.
at://did:plc:3eqsf3jsfsuokbdraqvtrupm/app.bsky.feed.post/3lt4xhtquos24,https://bsky.app/profile/jmneel.bsky.social/post/3lt4xhtquos24,bafyreib776igm7hwqwoakmgoc2peo3hkwjxlkliiog7d5qxvprg7uduhai,"Talib, here is the key passage from what you shared. The northern states only wanted to count free people. The southern states wanted to count their slaves fully so the white slave owners would have more political power!",2025-07-04T09:45:44.207Z,2025-07-04T09:45:46.638Z,"""images=[Image(alt='Highlighted in text: Having failed to secure the abolishment of slavery, some delegates from the Northern states sought to make representation dependent on the size of a state\u2019s free population. Southern delegates, on the other hand, threatened to abandon the convention if enslaved individuals were not counted.', image=BlobRef(mime_type='image/jpeg', size=316144, ref=IpldLink(link='bafkreibn7kthumgmkrxb6tfki3tqily7j3yji7kikilkg3febjgkgdjpsa'), py_type='blob'), aspect_ratio=AspectRatio(height=237, width=691, py_type='app.bsky.embed.defs#aspectRatio'), py_type='app.bsky.embed.images#image')] py_type='app.bsky.embed.images'""",0,0,0,did:plc:3eqsf3jsfsuokbdraqvtrupm,jmneel.bsky.social,expat catdad,0,0,0,2025-01-20T23:37:33.645Z,,False,,False,"""[]""",2025-07-04T10:10:31.655899Z,Vrai,"[0.001100617810152471, 0.9988993406295776]","[{""label"": ""admiration"", ""score"": 0.0024489674251526594}, {""label"": ""amusement"", ""score"": 0.0008906543371267617}, {""label"": ""anger"", ""score"": 0.0014277329901233315}, {""label"": ""annoyance"", ""score"": 0.010867105796933174}, {""label"": ""approval"", ""score"": 0.04049333184957504}, {""label"": ""caring"", ""score"": 0.0019466440426185727}, {""label"": ""confusion"", ""score"": 0.002317081904038787}, {""label"": ""curiosity"", ""score"": 0.0019217920489609241}, {""label"": ""desire"", ""score"": 0.003298640251159668}, {""label"": ""disappointment"", ""score"": 0.003136013401672244}, {""label"": ""disapproval"", ""score"": 0.004884169902652502}, {""label"": ""disgust"", ""score"": 0.0013542849337682128}, {""label"": ""embarrassment"", ""score"": 0.00021686327818315476}, {""label"": ""excitement"", ""score"": 0.0006807292229495943}, {""label"": ""fear"", ""score"": 0.00042530117207206786}, {""label"": ""gratitude"", ""score"": 0.00039862917037680745}, {""label"": ""grief"", ""score"": 0.0001720955187920481}, {""label"": ""joy"", ""score"": 0.0006267070421017706}, {""label"": ""love"", ""score"": 0.0011596963740885258}, {""label"": ""nervousness"", ""score"": 0.0001860422344179824}, {""label"": ""optimism"", ""score"": 0.003547268221154809}, {""label"": ""pride"", ""score"": 0.00017572093929629773}, {""label"": ""realization"", ""score"": 0.007551803253591061}, {""label"": ""relief"", ""score"": 0.0002566413604654372}, {""label"": ""remorse"", ""score"": 0.00018989965610671788}, {""label"": ""sadness"", ""score"": 0.0010603347327560186}, {""label"": ""surprise"", ""score"": 0.00026121348491869867}, {""label"": ""neutral"", ""score"": 0.9419547319412231}]",neutral,0.0,Ce tweet a un score de fiabilité de 0.0%.
at://did:plc:w77ovnqut7cbwvzpfvdny2ko/app.bsky.feed.post/3lt4xhagbrc2f,https://bsky.app/profile/almackay.bsky.social/post/3lt4xhagbrc2f,bafyreib75r7oozzogt6fp6jmuz7dm7einkcwb22qt2ovqytn5g6f6uwagy,He’s a political lightweight when it comes to dealing with issues as complex as this.,2025-07-04T09:45:23.937Z,2025-07-04T09:45:25.041Z,{},4,0,1,did:plc:w77ovnqut7cbwvzpfvdny2ko,almackay.bsky.social,Al Mackay,0,0,0,2024-11-11T22:28:21.705Z,,False,,False,"""[]""",2025-07-04T10:10:31.656018Z,Faux,"[0.8100759387016296, 0.18992403149604797]","[{""label"": ""admiration"", ""score"": 0.1618950515985489}, {""label"": ""amusement"", ""score"": 0.0005612101522274315}, {""label"": ""anger"", ""score"": 0.002756701782345772}, {""label"": ""annoyance"", ""score"": 0.028491487726569176}, {""label"": ""approval"", ""score"": 0.1996350884437561}, {""label"": ""caring"", ""score"": 0.0019355335971340537}, {""label"": ""confusion"", ""score"": 0.0007667340105399489}, {""label"": ""curiosity"", ""score"": 0.00046896576532162726}, {""label"": ""desire"", ""score"": 0.0008725175284780562}, {""label"": ""disappointment"", ""score"": 0.01190139353275299}, {""label"": ""disapproval"", ""score"": 0.017819762229919434}, {""label"": ""disgust"", ""score"": 0.0018329996382817626}, {""label"": ""embarrassment"", ""score"": 0.0006997861783020198}, {""label"": ""excitement"", ""score"": 0.0008993303054012358}, {""label"": ""fear"", ""score"": 0.00037434819387272}, {""label"": ""gratitude"", ""score"": 0.0018698873464018106}, {""label"": ""grief"", ""score"": 0.00034198310459032655}, {""label"": ""joy"", ""score"": 0.0009850978385657072}, {""label"": ""love"", ""score"": 0.0007253329386003315}, {""label"": ""nervousness"", ""score"": 0.0001587769656907767}, {""label"": ""optimism"", ""score"": 0.005623392295092344}, {""label"": ""pride"", ""score"": 0.0024119801819324493}, {""label"": ""realization"", ""score"": 0.026612184941768646}, {""label"": ""relief"", ""score"": 0.0010540426010265946}, {""label"": ""remorse"", ""score"": 0.00037878917646594346}, {""label"": ""sadness"", ""score"": 0.0013676299713551998}, {""label"": ""surprise"", ""score"": 0.0006686389679089189}, {""label"": ""neutral"", ""score"": 0.608576774597168}]",neutral,7.454545454545454,Ce tweet a un score de fiabilité de 7.5%.
at://did:plc:zxn5iwx4mmi77yqlgntihtur/app.bsky.feed.post/3lt4xgcmxvs24,https://bsky.app/profile/bootstheory.bsky.social/post/3lt4xgcmxvs24,bafyreib255d3u2ud7w63aulaaw2pzl2hpendytswj42ynfjvfevvit3vbi,"""I strongly support civil liberties"" do you mean the liberty to bring fascists into my country to do speaking tours poisoning our political discourse or, like, actual democratic things",2025-07-04T09:44:52.700Z,2025-07-04T09:44:53.738Z,{},17,2,1,did:plc:zxn5iwx4mmi77yqlgntihtur,bootstheory.bsky.social,Stephanie Rodgers - Toitū te Tiriti!,0,0,0,2023-07-24T21:51:35.038Z,,False,,False,"""[]""",2025-07-04T10:10:31.656702Z,Vrai,"[0.004969379864633083, 0.9950306415557861]","[{""label"": ""admiration"", ""score"": 0.009018505923449993}, {""label"": ""amusement"", ""score"": 0.0008868812583386898}, {""label"": ""anger"", ""score"": 0.0018512883689254522}, {""label"": ""annoyance"", ""score"": 0.007901925593614578}, {""label"": ""approval"", ""score"": 0.6387520432472229}, {""label"": ""caring"", ""score"": 0.004273419734090567}, {""label"": ""confusion"", ""score"": 0.04889967665076256}, {""label"": ""curiosity"", ""score"": 0.03399878740310669}, {""label"": ""desire"", ""score"": 0.003489177441224456}, {""label"": ""disappointment"", ""score"": 0.0012998025631532073}, {""label"": ""disapproval"", ""score"": 0.010981747880578041}, {""label"": ""disgust"", ""score"": 0.0015183830400928855}, {""label"": ""embarrassment"", ""score"": 0.00025994941825047135}, {""label"": ""excitement"", ""score"": 0.0019133284222334623}, {""label"": ""fear"", ""score"": 0.000790152873378247}, {""label"": ""gratitude"", ""score"": 0.0009196269675157964}, {""label"": ""grief"", ""score"": 0.00018096613348461688}, {""label"": ""joy"", ""score"": 0.0013454387662932277}, {""label"": ""love"", ""score"": 0.009970834478735924}, {""label"": ""nervousness"", ""score"": 0.00036394569906406105}, {""label"": ""optimism"", ""score"": 0.02458411268889904}, {""label"": ""pride"", ""score"": 0.0003806824970524758}, {""label"": ""realization"", ""score"": 0.01837286166846752}, {""label"": ""relief"", ""score"": 0.000713522604200989}, {""label"": ""remorse"", ""score"": 0.00038478203350678086}, {""label"": ""sadness"", ""score"": 0.00048655978753231466}, {""label"": ""surprise"", ""score"": 0.0008582257432863116}, {""label"": ""neutral"", ""score"": 0.34222158789634705}]",approval,14.790513833992094,Ce tweet a un score de fiabilité de 14.8%.
at://did:plc:vg4zlae3yhrt4og3mzdq6jrn/app.bsky.feed.post/3lt4xg3dgbk25,https://bsky.app/profile/nytefyre.bsky.social/post/3lt4xg3dgbk25,bafyreibuanjmag7n4esa7pkxokmvqofz3xig7dldngb7twhdxuekgzomre,How many innocent people will die because of this political narcissism 😔,2025-07-04T09:44:45.038Z,2025-07-04T09:44:48.836Z,"""images=[Image(alt='', image=BlobRef(mime_type='image/jpeg', size=484378, ref=IpldLink(link='bafkreiekshqb4fug3by626tmb2sg75mri3ytybnsjpmrcf33cqfzqdtxvu'), py_type='blob'), aspect_ratio=AspectRatio(height=1641, width=1219, py_type='app.bsky.embed.defs#aspectRatio'), py_type='app.bsky.embed.images#image')] py_type='app.bsky.embed.images'""",1,0,0,did:plc:vg4zlae3yhrt4og3mzdq6jrn,nytefyre.bsky.social,,0,0,0,2024-11-13T20:59:38.188Z,,False,,False,"""[]""",2025-07-04T10:10:31.656962Z,Faux,"[0.8857917189598083, 0.11420827358961105]","[{""label"": ""admiration"", ""score"": 0.002148941159248352}, {""label"": ""amusement"", ""score"": 0.017591075971722603}, {""label"": ""anger"", ""score"": 0.03256324306130409}, {""label"": ""annoyance"", ""score"": 0.0393606461584568}, {""label"": ""approval"", ""score"": 0.009047754108905792}, {""label"": ""caring"", ""score"": 0.012310435064136982}, {""label"": ""confusion"", ""score"": 0.04585055261850357}, {""label"": ""curiosity"", ""score"": 0.1659460961818695}, {""label"": ""desire"", ""score"": 0.012426511384546757}, {""label"": ""disappointment"", ""score"": 0.16083110868930817}, {""label"": ""disapproval"", ""score"": 0.018172988668084145}, {""label"": ""disgust"", ""score"": 0.00796999130398035}, {""label"": ""embarrassment"", ""score"": 0.004749482963234186}, {""label"": ""excitement"", ""score"": 0.0026869780849665403}, {""label"": ""fear"", ""score"": 0.09803961962461472}, {""label"": ""gratitude"", ""score"": 0.0003057182766497135}, {""label"": ""grief"", ""score"": 0.014904310926795006}, {""label"": ""joy"", ""score"": 0.0026360831689089537}, {""label"": ""love"", ""score"": 0.016541343182325363}, {""label"": ""nervousness"", ""score"": 0.03941823169589043}, {""label"": ""optimism"", ""score"": 0.0576007217168808}, {""label"": ""pride"", ""score"": 0.00032371384440921247}, {""label"": ""realization"", ""score"": 0.020025135949254036}, {""label"": ""relief"", ""score"": 0.001272357301786542}, {""label"": ""remorse"", ""score"": 0.009131059050559998}, {""label"": ""sadness"", ""score"": 0.5960705280303955}, {""label"": ""surprise"", ""score"": 0.02535831928253174}, {""label"": ""neutral"", ""score"": 0.03085612691938877}]",sadness,0.36363636363636365,Ce tweet a un score de fiabilité de 0.4%.
at://did:plc:shyfihugxqlcaetwx2fe3uzr/app.bsky.feed.post/3lt4xfvgdim2d,https://bsky.app/profile/kythra.bsky.social/post/3lt4xfvgdim2d,bafyreid3znoxdsrxvzkfs6hmcgpmdipao4eq7rtlvbsdzhieum7g4ep55a,"www.npr.org/2025/07/04/1... these women are actually thinking critically about this one, nice conversation. @npr.org  #politics #Political",2025-07-04T09:44:38.851Z,2025-07-04T09:44:41.637Z,"""external=External(description=\""Republicans have passed President Trump's One Big, Beautiful bill, but is it built on bad faith stereotypes? The legislation guts funding for Medicaid, and for a long time Republicans have been attack...\"", title=\""Think the Medicaid cuts don't affect you? Think again. : It's Been a Minute\"", uri='https://www.npr.org/2025/07/04/1255224481/its-been-a-minute-medicaid', thumb=BlobRef(mime_type='image/jpeg', size=934886, ref=IpldLink(link='bafkreigkzut77wu245y26ontqaowgqrrvalmheb3tawbserbm3if6zjsl4'), py_type='blob'), py_type='app.bsky.embed.external#external') py_type='app.bsky.embed.external'""",0,0,0,did:plc:shyfihugxqlcaetwx2fe3uzr,kythra.bsky.social,Kythra Suntamer,0,0,0,2023-09-17T21:10:16.941Z,,False,,False,"""[]""",2025-07-04T10:10:32.338425Z,Vrai,"[0.00043730312609113753, 0.999562680721283]","[{""label"": ""admiration"", ""score"": 0.36120742559432983}, {""label"": ""amusement"", ""score"": 0.0006936632562428713}, {""label"": ""anger"", ""score"": 0.0010700244456529617}, {""label"": ""annoyance"", ""score"": 0.008807865902781487}, {""label"": ""approval"", ""score"": 0.20356430113315582}, {""label"": ""caring"", ""score"": 0.0019634910859167576}, {""label"": ""confusion"", ""score"": 0.0011271343100816011}, {""label"": ""curiosity"", ""score"": 0.0010667700553312898}, {""label"": ""desire"", ""score"": 0.000907182227820158}, {""label"": ""disappointment"", ""score"": 0.003721091663464904}, {""label"": ""disapproval"", ""score"": 0.006158896721899509}, {""label"": ""disgust"", ""score"": 0.0008821779629215598}, {""label"": ""embarrassment"", ""score"": 0.0003116718726232648}, {""label"": ""excitement"", ""score"": 0.0019637462683022022}, {""label"": ""fear"", ""score"": 0.0002903639688156545}, {""label"": ""gratitude"", ""score"": 0.002661303849890828}, {""label"": ""grief"", ""score"": 0.0002291546406922862}, {""label"": ""joy"", ""score"": 0.0017740728799253702}, {""label"": ""love"", ""score"": 0.000782991002779454}, {""label"": ""nervousness"", ""score"": 0.00011737164459191263}, {""label"": ""optimism"", ""score"": 0.006646415218710899}, {""label"": ""pride"", ""score"": 0.002647926565259695}, {""label"": ""realization"", ""score"": 0.01805833727121353}, {""label"": ""relief"", ""score"": 0.0009984667412936687}, {""label"": ""remorse"", ""score"": 0.00020453031174838543}, {""label"": ""sadness"", ""score"": 0.000627368048299104}, {""label"": ""surprise"", ""score"": 0.0006108327652327716}, {""label"": ""neutral"", ""score"": 0.5954261422157288}]",neutral,0.0,Ce tweet a un score de fiabilité de 0.0%.
at://did:plc:mehf56onwuraxhr24ox3jbhe/app.bsky.feed.post/3lt4xfjdqfk2x,https://bsky.app/profile/offbrandheels.bsky.social/post/3lt4xfjdqfk2x,bafyreicmdasswiknmwd6jwmsbawgtqi3vcvggzy5saagiganpii34lfrd4,We need to be combating misinformation and fear mongering and calling out political game playing,2025-07-04T09:44:26.182Z,2025-07-04T09:44:25.738Z,{},0,0,0,did:plc:mehf56onwuraxhr24ox3jbhe,offbrandheels.bsky.social,,0,0,0,2024-11-16T19:59:12.285Z,,False,,False,"""[]""",2025-07-04T10:10:32.338695Z,Faux,"[0.7965904474258423, 0.20340953767299652]","[{""label"": ""admiration"", ""score"": 0.004234574269503355}, {""label"": ""amusement"", ""score"": 0.0007239158730953932}, {""label"": ""anger"", ""score"": 0.009634376503527164}, {""label"": ""annoyance"", ""score"": 0.07678839564323425}, {""label"": ""approval"", ""score"": 0.34209829568862915}, {""label"": ""caring"", ""score"": 0.031309012323617935}, {""label"": ""confusion"", ""score"": 0.0010256364475935698}, {""label"": ""curiosity"", ""score"": 0.000711764267180115}, {""label"": ""desire"", ""score"": 0.06392309814691544}, {""label"": ""disappointment"", ""score"": 0.013241874054074287}, {""label"": ""disapproval"", ""score"": 0.02057565189898014}, {""label"": ""disgust"", ""score"": 0.005731708370149136}, {""label"": ""embarrassment"", ""score"": 0.0023075039498507977}, {""label"": ""excitement"", ""score"": 0.001580579555593431}, {""label"": ""fear"", ""score"": 0.004193158820271492}, {""label"": ""gratitude"", ""score"": 0.0008466794970445335}, {""label"": ""grief"", ""score"": 0.0007170812459662557}, {""label"": ""joy"", ""score"": 0.0009552958654239774}, {""label"": ""love"", ""score"": 0.00167097058147192}, {""label"": ""nervousness"", ""score"": 0.0019676480442285538}, {""label"": ""optimism"", ""score"": 0.05344581976532936}, {""label"": ""pride"", ""score"": 0.0021187670063227415}, {""label"": ""realization"", ""score"": 0.053057365119457245}, {""label"": ""relief"", ""score"": 0.0021656756289303303}, {""label"": ""remorse"", ""score"": 0.0015966151840984821}, {""label"": ""sadness"", ""score"": 0.004663469269871712}, {""label"": ""surprise"", ""score"": 0.00040272207115776837}, {""label"": ""neutral"", ""score"": 0.23988522589206696}]",approval,0.0,Ce tweet a un score de fiabilité de 0.0%.
at://did:plc:qgtdrj7axnku4k4p66eb5rfm/app.bsky.feed.post/3lt4xfhqjq32y,https://bsky.app/profile/elviseckardtrec.bsky.social/post/3lt4xfhqjq32y,bafyreifxxxu4mewyderwwexg35nlmmasssrzq454fik7uecbdgl5qalpgu,"So what’s next for TikTok Shop US?  ⚠️ Uncertainty for brands, creators & employees 💼 More layoffs likely if traction stays weak 🇺🇸 Political pressure still mounting  Is TikTok’s e-com future in the US already fading?   Thoughts 👇  #SocialMedia #TikTokNews",2025-07-04T09:44:24.502Z,2025-07-04T09:44:25.442Z,{},0,0,0,did:plc:qgtdrj7axnku4k4p66eb5rfm,elviseckardtrec.bsky.social,Elvis Eckardt Recruitment,0,0,0,2024-11-27T11:19:48.345Z,,False,,False,"""[]""",2025-07-04T10:10:32.338855Z,Vrai,"[0.000327418529195711, 0.9996726512908936]","[{""label"": ""admiration"", ""score"": 0.002681588986888528}, {""label"": ""amusement"", ""score"": 0.0013669709442183375}, {""label"": ""anger"", ""score"": 0.004116038791835308}, {""label"": ""annoyance"", ""score"": 0.01708061620593071}, {""label"": ""approval"", ""score"": 0.014345166273415089}, {""label"": ""caring"", ""score"": 0.014725380577147007}, {""label"": ""confusion"", ""score"": 0.3744114637374878}, {""label"": ""curiosity"", ""score"": 0.6561463475227356}, {""label"": ""desire"", ""score"": 0.004681035876274109}, {""label"": ""disappointment"", ""score"": 0.053365208208560944}, {""label"": ""disapproval"", ""score"": 0.016257422044873238}, {""label"": ""disgust"", ""score"": 0.0023160758428275585}, {""label"": ""embarrassment"", ""score"": 0.00256076967343688}, {""label"": ""excitement"", ""score"": 0.002407361986115575}, {""label"": ""fear"", ""score"": 0.01169406808912754}, {""label"": ""gratitude"", ""score"": 0.0004755815025418997}, {""label"": ""grief"", ""score"": 0.0014894386986270547}, {""label"": ""joy"", ""score"": 0.0011065892176702619}, {""label"": ""love"", ""score"": 0.00420800456777215}, {""label"": ""nervousness"", ""score"": 0.01047896035015583}, {""label"": ""optimism"", ""score"": 0.03239237889647484}, {""label"": ""pride"", ""score"": 0.00013974291505292058}, {""label"": ""realization"", ""score"": 0.007597923278808594}, {""label"": ""relief"", ""score"": 0.0005288772517815232}, {""label"": ""remorse"", ""score"": 0.004694585222750902}, {""label"": ""sadness"", ""score"": 0.01893071085214615}, {""label"": ""surprise"", ""score"": 0.004883732181042433}, {""label"": ""neutral"", ""score"": 0.1739451140165329}]",curiosity,0.0,Ce tweet a un score de fiabilité de 0.0%.
at://did:plc:bsv526fnxsafsmaxxi3qhgip/app.bsky.feed.post/3lt4xfb45tc2k,https://bsky.app/profile/annikadahlin.bsky.social/post/3lt4xfb45tc2k,bafyreiemzqpl2dxkxsox4igv23glrfe7k34wlur4ipi4m5u4livb6vuz7i,Kill another green law? The EU wants to continue protecting polluters spreading greenwashing lies. Finally political momentum is on our side to stop this. Sign to demand the anti-greenwashing law. action.wemove.eu/sign/2025-07...,2025-07-04T09:44:17.544Z,2025-07-04T09:44:24.836Z,"""external=External(description='Kill another green law? The EU wants to continue protecting polluters spreading greenwashing lies. Finally political momentum is on our side to stop this. Sign to demand the anti-greenwashing law.', title='No more \u201cgreen\u201d lies! Don\u2019t let the EU kill the anti-greenwashing law.', uri='https://action.wemove.eu/sign/2025-07-antigreenwashing-directive-petition-EN?akid=s6344249..4H0XRk', thumb=BlobRef(mime_type='image/jpeg', size=765971, ref=IpldLink(link='bafkreifmqfrltgdfdvn2bwqtv7wo6jh2be457gd7cxx4hilt6cj6xtu6iu'), py_type='blob'), py_type='app.bsky.embed.external#external') py_type='app.bsky.embed.external'""",0,0,0,did:plc:bsv526fnxsafsmaxxi3qhgip,annikadahlin.bsky.social,Annika Dahlin,0,0,0,2025-03-02T13:52:59.445Z,,False,,False,"""[]""",2025-07-04T10:10:32.339120Z,Vrai,"[0.0394713468849659, 0.9605286717414856]","[{""label"": ""admiration"", ""score"": 0.0016839979216456413}, {""label"": ""amusement"", ""score"": 0.0004929915885441005}, {""label"": ""anger"", ""score"": 0.002944828011095524}, {""label"": ""annoyance"", ""score"": 0.018479641526937485}, {""label"": ""approval"", ""score"": 0.1468077301979065}, {""label"": ""caring"", ""score"": 0.0038647360634058714}, {""label"": ""confusion"", ""score"": 0.03288692981004715}, {""label"": ""curiosity"", ""score"": 0.0952862799167633}, {""label"": ""desire"", ""score"": 0.012852080166339874}, {""label"": ""disappointment"", ""score"": 0.004153320100158453}, {""label"": ""disapproval"", ""score"": 0.012715266086161137}, {""label"": ""disgust"", ""score"": 0.001028468948788941}, {""label"": ""embarrassment"", ""score"": 0.00031061909976415336}, {""label"": ""excitement"", ""score"": 0.0015789128374308348}, {""label"": ""fear"", ""score"": 0.0007361075258813798}, {""label"": ""gratitude"", ""score"": 0.0002150461805285886}, {""label"": ""grief"", ""score"": 0.00022939361224416643}, {""label"": ""joy"", ""score"": 0.0006083790794946253}, {""label"": ""love"", ""score"": 0.0009232826996594667}, {""label"": ""nervousness"", ""score"": 0.0004140225937590003}, {""label"": ""optimism"", ""score"": 0.018010180443525314}, {""label"": ""pride"", ""score"": 0.0001908539270516485}, {""label"": ""realization"", ""score"": 0.010561616159975529}, {""label"": ""relief"", ""score"": 0.0003708678123075515}, {""label"": ""remorse"", ""score"": 0.00024312899040523916}, {""label"": ""sadness"", ""score"": 0.0009736286010593176}, {""label"": ""surprise"", ""score"": 0.0009408761980012059}, {""label"": ""neutral"", ""score"": 0.6617394685745239}]",neutral,0.0,Ce tweet a un score de fiabilité de 0.0%.
at://did:plc:7zuljjbmmo33otycm7cgekjx/app.bsky.feed.post/3lt4xeucw4s26,https://bsky.app/profile/nevso.bsky.social/post/3lt4xeucw4s26,bafyreihaofsxtt4qqnx4pijochznnzlhlnra4y4zanaxram7tyob7fgedi,Karl Marx supposedly said “Capitalism contains the seeds of its own destruction”.   Concentration of Wealth in fewer hands. Workers are alienated and underpaid. Capitalism overproduces goods but cannot ensure people can afford them. These tensions lead to political and social upheaval.,2025-07-04T09:44:04.135Z,2025-07-04T09:44:05.136Z,{},1,0,0,did:plc:7zuljjbmmo33otycm7cgekjx,nevso.bsky.social, nevso,0,0,0,2024-11-12T01:23:13.403Z,,False,,False,"""[]""",2025-07-04T10:10:32.339198Z,Faux,"[0.9368879199028015, 0.06311199069023132]","[{""label"": ""admiration"", ""score"": 0.0008593863458372653}, {""label"": ""amusement"", ""score"": 0.0010859831236302853}, {""label"": ""anger"", ""score"": 0.003947356250137091}, {""label"": ""annoyance"", ""score"": 0.059482231736183167}, {""label"": ""approval"", ""score"": 0.04824744537472725}, {""label"": ""caring"", ""score"": 0.0035105638671666384}, {""label"": ""confusion"", ""score"": 0.0022235794458538294}, {""label"": ""curiosity"", ""score"": 0.000989941880106926}, {""label"": ""desire"", ""score"": 0.0012965328060090542}, {""label"": ""disappointment"", ""score"": 0.09184929728507996}, {""label"": ""disapproval"", ""score"": 0.010780483484268188}, {""label"": ""disgust"", ""score"": 0.0037207892164587975}, {""label"": ""embarrassment"", ""score"": 0.003261621342971921}, {""label"": ""excitement"", ""score"": 0.0005352461012080312}, {""label"": ""fear"", ""score"": 0.0028670099563896656}, {""label"": ""gratitude"", ""score"": 0.00022213489864952862}, {""label"": ""grief"", ""score"": 0.0015372077468782663}, {""label"": ""joy"", ""score"": 0.0012568975798785686}, {""label"": ""love"", ""score"": 0.0006593031575903296}, {""label"": ""nervousness"", ""score"": 0.003906457684934139}, {""label"": ""optimism"", ""score"": 0.004816862754523754}, {""label"": ""pride"", ""score"": 0.0004999704542569816}, {""label"": ""realization"", ""score"": 0.06639935821294785}, {""label"": ""relief"", ""score"": 0.0019856940489262342}, {""label"": ""remorse"", ""score"": 0.0014100965345278382}, {""label"": ""sadness"", ""score"": 0.059681281447410583}, {""label"": ""surprise"", ""score"": 0.0008306329254992306}, {""label"": ""neutral"", ""score"": 0.7244235873222351}]",neutral,0.36363636363636365,Ce tweet a un score de fiabilité de 0.4%.
at://did:plc:cvfwhduy7xe6ukonupjjv7pi/app.bsky.feed.post/3lt4xemqyw22c,https://bsky.app/profile/parlconst.bsky.social/post/3lt4xemqyw22c,bafyreigaonze2jjeaqned6nijv56gx3bnxrqvf62jnildvsmmljakqc42y,"Have just finished listening to this excellent 20 part series on the 1945 General Election and its consequences, by David Runciman. If you are  interested in electoral history, I thoroughly recommend it. With some insightful contributions on the political aspects from @robertsaunders.bsky.social",2025-07-04T09:43:56.207Z,2025-07-04T09:43:59.437Z,"""external=External(description='All episodes of Postwar', title='BBC Radio 4 - Politically, Postwar - Episode guide', uri='https://www.bbc.co.uk/programmes/m002d8v1/episodes/guide', thumb=BlobRef(mime_type='image/jpeg', size=860571, ref=IpldLink(link='bafkreid7gqigla3x3mfjqy6avfqwkyxq34v32tzv2iamsmhltfsblwnoay'), py_type='blob'), py_type='app.bsky.embed.external#external') py_type='app.bsky.embed.external'""",5,2,1,did:plc:cvfwhduy7xe6ukonupjjv7pi,parlconst.bsky.social,UK Parliamentary Constituencies (since 1885),0,0,0,2023-11-23T12:16:27.598Z,,False,,False,"""[]""",2025-07-04T10:10:32.339328Z,Vrai,"[0.0017223580507561564, 0.9982776641845703]","[{""label"": ""admiration"", ""score"": 0.26259365677833557}, {""label"": ""amusement"", ""score"": 0.0008450400782749057}, {""label"": ""anger"", ""score"": 0.00040197698399424553}, {""label"": ""annoyance"", ""score"": 0.0033842320553958416}, {""label"": ""approval"", ""score"": 0.5110398530960083}, {""label"": ""caring"", ""score"": 0.0025480096228420734}, {""label"": ""confusion"", ""score"": 0.0010157465003430843}, {""label"": ""curiosity"", ""score"": 0.0012256958289071918}, {""label"": ""desire"", ""score"": 0.0026471372693777084}, {""label"": ""disappointment"", ""score"": 0.001549028791487217}, {""label"": ""disapproval"", ""score"": 0.0031904017087072134}, {""label"": ""disgust"", ""score"": 0.0006901585729792714}, {""label"": ""embarrassment"", ""score"": 0.00022852564870845526}, {""label"": ""excitement"", ""score"": 0.01538785919547081}, {""label"": ""fear"", ""score"": 0.0003561597259249538}, {""label"": ""gratitude"", ""score"": 0.02401139587163925}, {""label"": ""grief"", ""score"": 0.0002536395622882992}, {""label"": ""joy"", ""score"": 0.011208947747945786}, {""label"": ""love"", ""score"": 0.0037983169313520193}, {""label"": ""nervousness"", ""score"": 0.000243945381953381}, {""label"": ""optimism"", ""score"": 0.007408211939036846}, {""label"": ""pride"", ""score"": 0.0044746845960617065}, {""label"": ""realization"", ""score"": 0.018481463193893433}, {""label"": ""relief"", ""score"": 0.0036919780541211367}, {""label"": ""remorse"", ""score"": 0.00017056903743650764}, {""label"": ""sadness"", ""score"": 0.000553455320186913}, {""label"": ""surprise"", ""score"": 0.0010650051990523934}, {""label"": ""neutral"", ""score"": 0.1788320243358612}]",approval,10.42687747035573,Ce tweet a un score de fiabilité de 10.4%.
at://did:plc:mtjcd4ajcy3vkgukcquks3mu/app.bsky.feed.post/3lt4xefge4s2n,https://bsky.app/profile/dseitz.bsky.social/post/3lt4xefge4s2n,bafyreihfgdpyyxb4ehrdwor2vlpge3chwhjqwbljpfahf7dycimbhjqmqa,"As it is, the GOP is a party clinging to political relevancy by its fingertips, and their stupid cruel tax bill is probably going to be the thing that pries that grip loose.",2025-07-04T09:43:48.519Z,2025-07-04T09:43:49.137Z,{},1,0,0,did:plc:mtjcd4ajcy3vkgukcquks3mu,dseitz.bsky.social,Dan Seitz,0,0,0,2023-10-11T12:59:36.603Z,,False,,False,"""[]""",2025-07-04T10:10:32.339396Z,Vrai,"[0.0017457186477258801, 0.9982542395591736]","[{""label"": ""admiration"", ""score"": 0.0012390859192237258}, {""label"": ""amusement"", ""score"": 0.0017618619604036212}, {""label"": ""anger"", ""score"": 0.2033652812242508}, {""label"": ""annoyance"", ""score"": 0.5597938299179077}, {""label"": ""approval"", ""score"": 0.014232892543077469}, {""label"": ""caring"", ""score"": 0.0021972288377583027}, {""label"": ""confusion"", ""score"": 0.0015799467219039798}, {""label"": ""curiosity"", ""score"": 0.0008403607062064111}, {""label"": ""desire"", ""score"": 0.002591185038909316}, {""label"": ""disappointment"", ""score"": 0.038975149393081665}, {""label"": ""disapproval"", ""score"": 0.03330298140645027}, {""label"": ""disgust"", ""score"": 0.02809588611125946}, {""label"": ""embarrassment"", ""score"": 0.002689980436116457}, {""label"": ""excitement"", ""score"": 0.0005705484072677791}, {""label"": ""fear"", ""score"": 0.0014006770215928555}, {""label"": ""gratitude"", ""score"": 0.00042887614108622074}, {""label"": ""grief"", ""score"": 0.00051782006630674}, {""label"": ""joy"", ""score"": 0.000814643397461623}, {""label"": ""love"", ""score"": 0.0005306086968630552}, {""label"": ""nervousness"", ""score"": 0.0005434759077616036}, {""label"": ""optimism"", ""score"": 0.007228255737572908}, {""label"": ""pride"", ""score"": 0.00048208265798166394}, {""label"": ""realization"", ""score"": 0.010271214880049229}, {""label"": ""relief"", ""score"": 0.0003143681096844375}, {""label"": ""remorse"", ""score"": 0.0004597200604621321}, {""label"": ""sadness"", ""score"": 0.005933383479714394}, {""label"": ""surprise"", ""score"": 0.0007970394217409194}, {""label"": ""neutral"", ""score"": 0.254984050989151}]",annoyance,0.36363636363636365,Ce tweet a un score de fiabilité de 0.4%.
at://did:plc:a7mwcumz53ewjim2mgaqii3z/app.bsky.feed.post/3lt4xchxwds2p,https://bsky.app/profile/loucifursmom.bsky.social/post/3lt4xchxwds2p,bafyreieo4vom7dq5qukwmhjn7orbwljafyg6gny6gp5hzd746t4a4zor2q,The gender affirming care change was due to McBride and Baldwin not Schumer  His accomplishment was a symbolic name change that is nothing but political theater.   Schumer upholds the status quo and that right there is reason enough to be mad about Schumer in congress.   He's worthless 😒,2025-07-04T09:42:44.083Z,2025-07-04T09:42:45.239Z,{},1,0,0,did:plc:a7mwcumz53ewjim2mgaqii3z,loucifursmom.bsky.social,Loucifur's Mom,0,0,0,2024-11-14T01:33:52.580Z,,False,,False,"""[]""",2025-07-04T10:10:32.339464Z,Vrai,"[0.012858516536653042, 0.987141489982605]","[{""label"": ""admiration"", ""score"": 0.008282589726150036}, {""label"": ""amusement"", ""score"": 0.0024641859345138073}, {""label"": ""anger"", ""score"": 0.17162363231182098}, {""label"": ""annoyance"", ""score"": 0.5269356369972229}, {""label"": ""approval"", ""score"": 0.04689566791057587}, {""label"": ""caring"", ""score"": 0.0021857740357518196}, {""label"": ""confusion"", ""score"": 0.0010878454195335507}, {""label"": ""curiosity"", ""score"": 0.0009322069818153977}, {""label"": ""desire"", ""score"": 0.002564295893535018}, {""label"": ""disappointment"", ""score"": 0.07570869475603104}, {""label"": ""disapproval"", ""score"": 0.1016567274928093}, {""label"": ""disgust"", ""score"": 0.009450750425457954}, {""label"": ""embarrassment"", ""score"": 0.0021634527947753668}, {""label"": ""excitement"", ""score"": 0.0009339792304672301}, {""label"": ""fear"", ""score"": 0.0004017754690721631}, {""label"": ""gratitude"", ""score"": 0.0005607364582829177}, {""label"": ""grief"", ""score"": 0.0005004796548746526}, {""label"": ""joy"", ""score"": 0.0013452202547341585}, {""label"": ""love"", ""score"": 0.00106575689278543}, {""label"": ""nervousness"", ""score"": 0.00031863260664977133}, {""label"": ""optimism"", ""score"": 0.007918090559542179}, {""label"": ""pride"", ""score"": 0.0010635093785822392}, {""label"": ""realization"", ""score"": 0.017361683771014214}, {""label"": ""relief"", ""score"": 0.0005695348372682929}, {""label"": ""remorse"", ""score"": 0.0005989678320474923}, {""label"": ""sadness"", ""score"": 0.0046953544951975346}, {""label"": ""surprise"", ""score"": 0.001021987060084939}, {""label"": ""neutral"", ""score"": 0.21026208996772766}]",annoyance,0.36363636363636365,Ce tweet a un score de fiabilité de 0.4%.
at://did:plc:nhsqcbpqqlrxhhwtyqvapnge/app.bsky.feed.post/3lt4xcenvrc2f,https://bsky.app/profile/d-locke.bsky.social/post/3lt4xcenvrc2f,bafyreihdnjnul2qf43dr35lfpeljqeb667d5sxhuxkdjt23metm2bsscdq,"Once a new system of detention facilities and ICE agents is established and the idea that a Republican president can legitimately attack political opponents is accepted, a police state will be in place:  H.C. Richardson [ @hcrichardson.bsky.social ] heathercoxrichardson.substack.com/p/july-1-2025",2025-07-04T09:42:40.609Z,2025-07-04T09:42:41.037Z,{},0,0,0,did:plc:nhsqcbpqqlrxhhwtyqvapnge,d-locke.bsky.social,David Locke,0,0,0,2023-08-21T21:47:31.799Z,,False,,False,"""[]""",2025-07-04T10:10:32.339533Z,Vrai,"[0.006380071863532066, 0.9936198592185974]","[{""label"": ""admiration"", ""score"": 0.003013382898643613}, {""label"": ""amusement"", ""score"": 0.0015005255118012428}, {""label"": ""anger"", ""score"": 0.0007492699660360813}, {""label"": ""annoyance"", ""score"": 0.005160769447684288}, {""label"": ""approval"", ""score"": 0.16355936229228973}, {""label"": ""caring"", ""score"": 0.0014061031397432089}, {""label"": ""confusion"", ""score"": 0.0019508210243657231}, {""label"": ""curiosity"", ""score"": 0.0008875105995684862}, {""label"": ""desire"", ""score"": 0.0025993180461227894}, {""label"": ""disappointment"", ""score"": 0.0018231250578537583}, {""label"": ""disapproval"", ""score"": 0.002224909607321024}, {""label"": ""disgust"", ""score"": 0.0008778437622822821}, {""label"": ""embarrassment"", ""score"": 0.0002277890598634258}, {""label"": ""excitement"", ""score"": 0.0012014289386570454}, {""label"": ""fear"", ""score"": 0.0005744001246057451}, {""label"": ""gratitude"", ""score"": 0.0005251110997051001}, {""label"": ""grief"", ""score"": 0.00017208779172506183}, {""label"": ""joy"", ""score"": 0.0014448094880208373}, {""label"": ""love"", ""score"": 0.0013611303875222802}, {""label"": ""nervousness"", ""score"": 0.0002634964475873858}, {""label"": ""optimism"", ""score"": 0.016361642628908157}, {""label"": ""pride"", ""score"": 0.0003872963134199381}, {""label"": ""realization"", ""score"": 0.0270540751516819}, {""label"": ""relief"", ""score"": 0.0006170860142447054}, {""label"": ""remorse"", ""score"": 0.00022760646243114024}, {""label"": ""sadness"", ""score"": 0.0006991938571445644}, {""label"": ""surprise"", ""score"": 0.0004871294368058443}, {""label"": ""neutral"", ""score"": 0.8585686683654785}]",neutral,0.0,Ce tweet a un score de fiabilité de 0.0%.
at://did:plc:cpshddqofvb6kgmi3rng4nyv/app.bsky.feed.post/3lt4xayy3cc2v,https://bsky.app/profile/saulstaniforth.bsky.social/post/3lt4xayy3cc2v,bafyreidj5khohl5773fwougysokvmaplgwaybybepxyjjn5rzkpz365kh4,"James Schneider: ""Following Zarahs message.. my phone has been exploding with people being extremely excited of the prospect of their being a home for progressive politics.. there are millions & millions of people around the country who are not represented in our political system""",2025-07-04T09:41:54.806Z,2025-07-04T09:41:48.938Z,"""video=BlobRef(mime_type='video/mp4', size=4114886, ref=IpldLink(link='bafkreigo7kzkeaykwwynmwmroq67omghlllinrbrmpw27otxj47y3f66xm'), py_type='blob') alt=None aspect_ratio=AspectRatio(height=720, width=1290, py_type='app.bsky.embed.defs#aspectRatio') captions=None py_type='app.bsky.embed.video'""",13,2,0,did:plc:cpshddqofvb6kgmi3rng4nyv,saulstaniforth.bsky.social,Saul Staniforth,0,0,0,2023-12-13T19:55:27.204Z,,False,,False,"""[]""",2025-07-04T10:10:32.339671Z,Faux,"[0.9784621000289917, 0.021537920460104942]","[{""label"": ""admiration"", ""score"": 0.00505572697147727}, {""label"": ""amusement"", ""score"": 0.007255190517753363}, {""label"": ""anger"", ""score"": 0.001587160862982273}, {""label"": ""annoyance"", ""score"": 0.00690915621817112}, {""label"": ""approval"", ""score"": 0.04081425815820694}, {""label"": ""caring"", ""score"": 0.0024061838630586863}, {""label"": ""confusion"", ""score"": 0.005560849327594042}, {""label"": ""curiosity"", ""score"": 0.023874729871749878}, {""label"": ""desire"", ""score"": 0.010695336386561394}, {""label"": ""disappointment"", ""score"": 0.004866297356784344}, {""label"": ""disapproval"", ""score"": 0.0050735557451844215}, {""label"": ""disgust"", ""score"": 0.001954699167981744}, {""label"": ""embarrassment"", ""score"": 0.0012058016145601869}, {""label"": ""excitement"", ""score"": 0.6033183932304382}, {""label"": ""fear"", ""score"": 0.004420362878590822}, {""label"": ""gratitude"", ""score"": 0.0011278302408754826}, {""label"": ""grief"", ""score"": 0.0006242263480089605}, {""label"": ""joy"", ""score"": 0.02289385162293911}, {""label"": ""love"", ""score"": 0.0031586047261953354}, {""label"": ""nervousness"", ""score"": 0.005705317482352257}, {""label"": ""optimism"", ""score"": 0.005286083556711674}, {""label"": ""pride"", ""score"": 0.0012092078104615211}, {""label"": ""realization"", ""score"": 0.00802992470562458}, {""label"": ""relief"", ""score"": 0.0020621351432055235}, {""label"": ""remorse"", ""score"": 0.0005300493212416768}, {""label"": ""sadness"", ""score"": 0.002887077396735549}, {""label"": ""surprise"", ""score"": 0.012012211605906487}, {""label"": ""neutral"", ""score"": 0.3254430294036865}]",excitement,7.335968379446641,Ce tweet a un score de fiabilité de 7.3%.
at://did:plc:3v33m5usqltvzyjts23l7yhu/app.bsky.feed.post/3lt4x6n3ekc2r,https://bsky.app/profile/saksith.news/post/3lt4x6n3ekc2r,bafyreihn5nkmjrzip2ncnncceejpslpr3cv5c2qcsqew4cjw5gvlrubzhy,"A thought to top off a turbulent week in Thai politics:  Do PM Paetongtarn's blunders justify her ouster? I don't know, but in Thai political history we had politicians dismissed for less - and many, many others allowed to continue to be in power for far, far worse...",2025-07-04T09:40:35.221Z,2025-07-04T09:40:36.735Z,{},3,0,0,did:plc:3v33m5usqltvzyjts23l7yhu,saksith.news,Saksith Saiyasombut | ศักดิ์สิทธิ์ ไสยสมบัติ,0,0,0,2023-09-18T20:30:02.791Z,,False,,False,"""[]""",2025-07-04T10:10:32.340852Z,Vrai,"[0.0013322884915396571, 0.9986677169799805]","[{""label"": ""admiration"", ""score"": 0.001857119263149798}, {""label"": ""amusement"", ""score"": 0.0014032511971890926}, {""label"": ""anger"", ""score"": 0.004870550706982613}, {""label"": ""annoyance"", ""score"": 0.03879646211862564}, {""label"": ""approval"", ""score"": 0.0212510097771883}, {""label"": ""caring"", ""score"": 0.002997743198648095}, {""label"": ""confusion"", ""score"": 0.8546079993247986}, {""label"": ""curiosity"", ""score"": 0.1973813772201538}, {""label"": ""desire"", ""score"": 0.002029764000326395}, {""label"": ""disappointment"", ""score"": 0.033160194754600525}, {""label"": ""disapproval"", ""score"": 0.01878127083182335}, {""label"": ""disgust"", ""score"": 0.005394319072365761}, {""label"": ""embarrassment"", ""score"": 0.0068818735890090466}, {""label"": ""excitement"", ""score"": 0.0017744385404512286}, {""label"": ""fear"", ""score"": 0.00946829654276371}, {""label"": ""gratitude"", ""score"": 0.000998627976514399}, {""label"": ""grief"", ""score"": 0.0010469785192981362}, {""label"": ""joy"", ""score"": 0.0017207796918228269}, {""label"": ""love"", ""score"": 0.001648423378355801}, {""label"": ""nervousness"", ""score"": 0.00862475298345089}, {""label"": ""optimism"", ""score"": 0.007643848191946745}, {""label"": ""pride"", ""score"": 0.00025885080685839057}, {""label"": ""realization"", ""score"": 0.022620495408773422}, {""label"": ""relief"", ""score"": 0.0007626383448950946}, {""label"": ""remorse"", ""score"": 0.0031185911502689123}, {""label"": ""sadness"", ""score"": 0.008480366319417953}, {""label"": ""surprise"", ""score"": 0.004997957497835159}, {""label"": ""neutral"", ""score"": 0.17780491709709167}]",confusion,1.090909090909091,Ce tweet a un score de fiabilité de 1.1%.
at://did:plc:quhikmoioj6wpovzyle6hiiy/app.bsky.feed.post/3lt4x6iymxc2t,https://bsky.app/profile/drgavazzi.bsky.social/post/3lt4x6iymxc2t,bafyreie6fd7dnodrpij6ruza6e5qnt3le3z34u22jvpgiwvgctojrfgobu,"Moral conviction - viewing attitudes as fundamentally right/wrong - creates psychologically distinct attitudes that resist influence, predict intolerance and political engagement, and can be understood through processes of attitude moralization.",2025-07-04T09:40:30.938Z,2025-07-04T09:40:32.936Z,"""external=External(description='Find information and research on ethics, psychology, decision-making, AI, morality, ethical decision-making for mental health practitioners.', title='The Psychology of Moral Conviction', uri='https://www.ethicalpsychology.com/2025/07/the-psychology-of-moral-conviction.html', thumb=BlobRef(mime_type='image/jpeg', size=991543, ref=IpldLink(link='bafkreidpdlorloyny6526klogra74psxbgjrp6zg4bq275bwydghq7j2iy'), py_type='blob'), py_type='app.bsky.embed.external#external') py_type='app.bsky.embed.external'""",0,0,0,did:plc:quhikmoioj6wpovzyle6hiiy,drgavazzi.bsky.social,John Gavazzi - Psychologist ,0,0,0,2023-08-30T01:23:54.990Z,,False,,False,"""[]""",2025-07-04T10:10:32.341075Z,Vrai,"[0.006857020314782858, 0.9931429624557495]","[{""label"": ""admiration"", ""score"": 0.004002646077424288}, {""label"": ""amusement"", ""score"": 0.0006337602389976382}, {""label"": ""anger"", ""score"": 0.0010062471264973283}, {""label"": ""annoyance"", ""score"": 0.006173851899802685}, {""label"": ""approval"", ""score"": 0.45640116930007935}, {""label"": ""caring"", ""score"": 0.002243014285340905}, {""label"": ""confusion"", ""score"": 0.027149071916937828}, {""label"": ""curiosity"", ""score"": 0.0040721832774579525}, {""label"": ""desire"", ""score"": 0.0015181757044047117}, {""label"": ""disappointment"", ""score"": 0.003589692758396268}, {""label"": ""disapproval"", ""score"": 0.011419937014579773}, {""label"": ""disgust"", ""score"": 0.0012358203530311584}, {""label"": ""embarrassment"", ""score"": 0.0003689686127472669}, {""label"": ""excitement"", ""score"": 0.0005467252340167761}, {""label"": ""fear"", ""score"": 0.0005721426568925381}, {""label"": ""gratitude"", ""score"": 0.0009532900876365602}, {""label"": ""grief"", ""score"": 0.0002456700603943318}, {""label"": ""joy"", ""score"": 0.0008267624070867896}, {""label"": ""love"", ""score"": 0.002541174180805683}, {""label"": ""nervousness"", ""score"": 0.00039389857556670904}, {""label"": ""optimism"", ""score"": 0.01277744211256504}, {""label"": ""pride"", ""score"": 0.00036226215888746083}, {""label"": ""realization"", ""score"": 0.06494331359863281}, {""label"": ""relief"", ""score"": 0.0008353652083314955}, {""label"": ""remorse"", ""score"": 0.0005487679154612124}, {""label"": ""sadness"", ""score"": 0.0010536209447309375}, {""label"": ""surprise"", ""score"": 0.0005384599207900465}, {""label"": ""neutral"", ""score"": 0.5690311789512634}]",neutral,0.0,Ce tweet a un score de fiabilité de 0.0%.
at://did:plc:6rmrhohel6shjpoug4yfzspr/app.bsky.feed.post/3lt4x6f7lvs2w,https://bsky.app/profile/thenewarab.bsky.social/post/3lt4x6f7lvs2w,bafyreigvhguwjb7qne4efpox3du3ad7oxpl73eoxyg5pu55nmijpduv4qq,"This development follows a series of political moves initiated by imprisoned Kurdish leader Abdullah Öcalan, who issued a call for ""Peace and Democratic Society"" in late February ⬇️",2025-07-04T09:40:26.971Z,2025-07-04T09:40:29.835Z,"""external=External(description='Whether that vision can now be realised without arms, Hiwa said, will depend \""largely on the Turkish state\u2019s willingness to engage in good faith\"".', title='PKK eyes \u2019democratic integration\u2019 in Turkey', uri='https://www.newarab.com/news/pkk-eyes-democratic-integration-turkey', thumb=BlobRef(mime_type='image/jpeg', size=569765, ref=IpldLink(link='bafkreidrgmsibpvxpru7pmabmlgmwlwsugge6kmn4fk552pqrtz35b56tq'), py_type='blob'), py_type='app.bsky.embed.external#external') py_type='app.bsky.embed.external'""",0,0,0,did:plc:6rmrhohel6shjpoug4yfzspr,thenewarab.bsky.social,The New Arab,0,0,0,2023-07-18T14:09:26.368Z,,False,,False,"""[]""",2025-07-04T10:10:32.341237Z,Faux,"[0.80855792760849, 0.1914421021938324]","[{""label"": ""admiration"", ""score"": 0.003351818770170212}, {""label"": ""amusement"", ""score"": 0.001163291628472507}, {""label"": ""anger"", ""score"": 0.0006119772442616522}, {""label"": ""annoyance"", ""score"": 0.005993437021970749}, {""label"": ""approval"", ""score"": 0.26777300238609314}, {""label"": ""caring"", ""score"": 0.0018749830778688192}, {""label"": ""confusion"", ""score"": 0.005122625734657049}, {""label"": ""curiosity"", ""score"": 0.0020060837268829346}, {""label"": ""desire"", ""score"": 0.003265024395659566}, {""label"": ""disappointment"", ""score"": 0.006244339048862457}, {""label"": ""disapproval"", ""score"": 0.005379991140216589}, {""label"": ""disgust"", ""score"": 0.0011256749276071787}, {""label"": ""embarrassment"", ""score"": 0.0007281257421709597}, {""label"": ""excitement"", ""score"": 0.0023182895965874195}, {""label"": ""fear"", ""score"": 0.0007830208633095026}, {""label"": ""gratitude"", ""score"": 0.0006457009585574269}, {""label"": ""grief"", ""score"": 0.0004322726163081825}, {""label"": ""joy"", ""score"": 0.002190792467445135}, {""label"": ""love"", ""score"": 0.0013099650386720896}, {""label"": ""nervousness"", ""score"": 0.0008429466397501528}, {""label"": ""optimism"", ""score"": 0.020369092002511024}, {""label"": ""pride"", ""score"": 0.0008761131903156638}, {""label"": ""realization"", ""score"": 0.14835430681705475}, {""label"": ""relief"", ""score"": 0.0019306272733956575}, {""label"": ""remorse"", ""score"": 0.0006476198323071003}, {""label"": ""sadness"", ""score"": 0.0018377949018031359}, {""label"": ""surprise"", ""score"": 0.0016085637034848332}, {""label"": ""neutral"", ""score"": 0.756240725517273}]",neutral,0.0,Ce tweet a un score de fiabilité de 0.0%.
at://did:plc:eygjzhq7hkiucfk3haojgohd/app.bsky.feed.post/3lt4x4dvoxc2t,https://bsky.app/profile/mamafriend.bsky.social/post/3lt4x4dvoxc2t,bafyreihwyzbkylerxajp5ma22mx7kgfu3zxgxauekuxdwuuo44ixsd6v64,fleeting news or a topic for ideological debate; it is a daily reality consuming families and dreams. We must stop being astonished by this dirty game. Those who see The New York Times as a vehicle to whitewash lies are the same ones who turn our deaths into nothing more than a political game.,2025-07-04T09:39:18.468Z,2025-07-04T09:39:20.678Z,{},0,0,0,did:plc:eygjzhq7hkiucfk3haojgohd,mamafriend.bsky.social,Alaa,0,0,0,2025-05-22T13:39:08.339Z,,False,,False,"""[]""",2025-07-04T10:10:32.341928Z,Vrai,"[0.001043406780809164, 0.998956561088562]","[{""label"": ""admiration"", ""score"": 0.0016754312673583627}, {""label"": ""amusement"", ""score"": 0.0008566908654756844}, {""label"": ""anger"", ""score"": 0.0690721645951271}, {""label"": ""annoyance"", ""score"": 0.5203579068183899}, {""label"": ""approval"", ""score"": 0.048236072063446045}, {""label"": ""caring"", ""score"": 0.002995903603732586}, {""label"": ""confusion"", ""score"": 0.001246108440682292}, {""label"": ""curiosity"", ""score"": 0.0006241947994567454}, {""label"": ""desire"", ""score"": 0.002359537174925208}, {""label"": ""disappointment"", ""score"": 0.05830015614628792}, {""label"": ""disapproval"", ""score"": 0.09645704925060272}, {""label"": ""disgust"", ""score"": 0.020609883591532707}, {""label"": ""embarrassment"", ""score"": 0.005778394173830748}, {""label"": ""excitement"", ""score"": 0.0006170139531604946}, {""label"": ""fear"", ""score"": 0.0012326532742008567}, {""label"": ""gratitude"", ""score"": 0.0005361135699786246}, {""label"": ""grief"", ""score"": 0.000587671878747642}, {""label"": ""joy"", ""score"": 0.000799535249825567}, {""label"": ""love"", ""score"": 0.00041640654671937227}, {""label"": ""nervousness"", ""score"": 0.0006457372801378369}, {""label"": ""optimism"", ""score"": 0.006598345935344696}, {""label"": ""pride"", ""score"": 0.0008626521448604763}, {""label"": ""realization"", ""score"": 0.040360018610954285}, {""label"": ""relief"", ""score"": 0.0007967129349708557}, {""label"": ""remorse"", ""score"": 0.0007640272960998118}, {""label"": ""sadness"", ""score"": 0.00542976800352335}, {""label"": ""surprise"", ""score"": 0.001262778416275978}, {""label"": ""neutral"", ""score"": 0.23384490609169006}]",annoyance,0.0,Ce tweet a un score de fiabilité de 0.0%.
at://did:plc:7gwfy2vpdvp5ichls5md55id/app.bsky.feed.post/3lt4x456p322i,https://bsky.app/profile/benmckenna.bsky.social/post/3lt4x456p322i,bafyreih4zbr6mn7el47aqlhp6gvcln6dlyh3smxo7dtkwsnquuge24q3mq,"Again, we aren't the ones making the decisions that lead us here. This is all down to a spectacular lack of political nouse from Briefcase Labour.",2025-07-04T09:39:11.442Z,2025-07-04T09:39:12.537Z,{},0,0,1,did:plc:7gwfy2vpdvp5ichls5md55id,benmckenna.bsky.social,Ben McKenna,0,0,0,2023-06-07T17:59:04.855Z,,False,,False,"""[]""",2025-07-04T10:10:32.342029Z,Vrai,"[0.01034357026219368, 0.9896564483642578]","[{""label"": ""admiration"", ""score"": 0.004896373488008976}, {""label"": ""amusement"", ""score"": 0.000712261360604316}, {""label"": ""anger"", ""score"": 0.003272520611062646}, {""label"": ""annoyance"", ""score"": 0.05717902630567551}, {""label"": ""approval"", ""score"": 0.02304476499557495}, {""label"": ""caring"", ""score"": 0.0009661038056947291}, {""label"": ""confusion"", ""score"": 0.0035902028903365135}, {""label"": ""curiosity"", ""score"": 0.0007457268075086176}, {""label"": ""desire"", ""score"": 0.0011007493594661355}, {""label"": ""disappointment"", ""score"": 0.15006206929683685}, {""label"": ""disapproval"", ""score"": 0.4897119998931885}, {""label"": ""disgust"", ""score"": 0.0035142991691827774}, {""label"": ""embarrassment"", ""score"": 0.0032989929895848036}, {""label"": ""excitement"", ""score"": 0.000949400826357305}, {""label"": ""fear"", ""score"": 0.000786944234278053}, {""label"": ""gratitude"", ""score"": 0.0023357125464826822}, {""label"": ""grief"", ""score"": 0.0006554361316375434}, {""label"": ""joy"", ""score"": 0.0009810541523620486}, {""label"": ""love"", ""score"": 0.0007088849670253694}, {""label"": ""nervousness"", ""score"": 0.0005655144341289997}, {""label"": ""optimism"", ""score"": 0.003529695328325033}, {""label"": ""pride"", ""score"": 0.0007304236642085016}, {""label"": ""realization"", ""score"": 0.031273309141397476}, {""label"": ""relief"", ""score"": 0.001359223504550755}, {""label"": ""remorse"", ""score"": 0.0015100978780537844}, {""label"": ""sadness"", ""score"": 0.005683079827576876}, {""label"": ""surprise"", ""score"": 0.0031436725985258818}, {""label"": ""neutral"", ""score"": 0.4325339198112488}]",disapproval,6.0,Ce tweet a un score de fiabilité de 6.0%.
at://did:plc:vhn5uhonb3tj4qy5gstqpmfn/app.bsky.feed.post/3lt4x35f4l22m,https://bsky.app/profile/stateofpeople.bsky.social/post/3lt4x35f4l22m,bafyreie6f4cdbinqioev5ebcqhwqru2f7um56j4yyqpr5swl3vcjsvmiji,open.substack.com/pub/stateoft...  #political #politics #bigbeautifulbill #BBB #government #taxes #taxbill #tax #president #donaldtrump #trump #medicaid,2025-07-04T09:38:38.101Z,2025-07-04T09:38:39.740Z,"""external=External(description='How Trump\\'s \""Big Beautiful Bill\"" Sacrificed America\\'s Future', title='The $3.3 Trillion Betrayal', uri='https://open.substack.com/pub/stateofthepeople/p/the-33-trillion-betrayal?r=e5lin&utm_campaign=post&utm_medium=web&showWelcomeOnShare=true', thumb=BlobRef(mime_type='image/jpeg', size=664590, ref=IpldLink(link='bafkreih3itzasxmejab2pz5ude7jriane3fneh2mtxzlceljaonfe6rldq'), py_type='blob'), py_type='app.bsky.embed.external#external') py_type='app.bsky.embed.external'""",0,0,0,did:plc:vhn5uhonb3tj4qy5gstqpmfn,stateofpeople.bsky.social,State of the People,0,0,0,2024-11-21T13:14:28.171Z,,False,,False,"""[]""",2025-07-04T10:10:32.342735Z,Vrai,"[0.0011062592966482043, 0.9988937973976135]","[{""label"": ""admiration"", ""score"": 0.012532922439277172}, {""label"": ""amusement"", ""score"": 0.001233546994626522}, {""label"": ""anger"", ""score"": 0.001790286274626851}, {""label"": ""annoyance"", ""score"": 0.008709563873708248}, {""label"": ""approval"", ""score"": 0.034197404980659485}, {""label"": ""caring"", ""score"": 0.0006620286148972809}, {""label"": ""confusion"", ""score"": 0.003493738127872348}, {""label"": ""curiosity"", ""score"": 0.0014721867628395557}, {""label"": ""desire"", ""score"": 0.0007861968479119241}, {""label"": ""disappointment"", ""score"": 0.0033509312197566032}, {""label"": ""disapproval"", ""score"": 0.005587431602180004}, {""label"": ""disgust"", ""score"": 0.0020862105302512646}, {""label"": ""embarrassment"", ""score"": 0.0004990329616703093}, {""label"": ""excitement"", ""score"": 0.0015018285484984517}, {""label"": ""fear"", ""score"": 0.000507639953866601}, {""label"": ""gratitude"", ""score"": 0.0004974649637006223}, {""label"": ""grief"", ""score"": 0.00021181626652833074}, {""label"": ""joy"", ""score"": 0.0011743439827114344}, {""label"": ""love"", ""score"": 0.0016300940187647939}, {""label"": ""nervousness"", ""score"": 0.0001601041731191799}, {""label"": ""optimism"", ""score"": 0.002456201706081629}, {""label"": ""pride"", ""score"": 0.0004297115665394813}, {""label"": ""realization"", ""score"": 0.011094978079199791}, {""label"": ""relief"", ""score"": 0.00029969061142764986}, {""label"": ""remorse"", ""score"": 0.0001985034323297441}, {""label"": ""sadness"", ""score"": 0.0008198254508897662}, {""label"": ""surprise"", ""score"": 0.0006667912821285427}, {""label"": ""neutral"", ""score"": 0.9516995549201965}]",neutral,0.0,Ce tweet a un score de fiabilité de 0.0%.
at://did:plc:2uxeha6tz3f3msqgltifo4f7/app.bsky.feed.post/3lt4x2g7qws2w,https://bsky.app/profile/donmac.bsky.social/post/3lt4x2g7qws2w,bafyreifgy4c5twolb7q2mfih632msy3gvtuljqxa5cd7joxnwjzruysp4m,I wish the same but there is just a general lack of any leadership talent on that side of the political spectrum they are just protesters and activists not pragmatists or savvy political operators. They need someone very special to build a movement especially as the right has all the money.,2025-07-04T09:38:13.807Z,2025-07-04T09:38:13.637Z,{},0,0,0,did:plc:2uxeha6tz3f3msqgltifo4f7,donmac.bsky.social,D Mac,0,0,0,2024-08-06T20:21:06.474Z,,False,,False,"""[]""",2025-07-04T10:10:32.342847Z,Vrai,"[0.008700236678123474, 0.9912998080253601]","[{""label"": ""admiration"", ""score"": 0.005023880396038294}, {""label"": ""amusement"", ""score"": 0.0015051879454404116}, {""label"": ""anger"", ""score"": 0.00549238920211792}, {""label"": ""annoyance"", ""score"": 0.04876004159450531}, {""label"": ""approval"", ""score"": 0.01522889919579029}, {""label"": ""caring"", ""score"": 0.003664328483864665}, {""label"": ""confusion"", ""score"": 0.0034695379436016083}, {""label"": ""curiosity"", ""score"": 0.003553758142516017}, {""label"": ""desire"", ""score"": 0.6511073708534241}, {""label"": ""disappointment"", ""score"": 0.07052463293075562}, {""label"": ""disapproval"", ""score"": 0.03373110666871071}, {""label"": ""disgust"", ""score"": 0.008127679117023945}, {""label"": ""embarrassment"", ""score"": 0.0015451954677700996}, {""label"": ""excitement"", ""score"": 0.002637112746015191}, {""label"": ""fear"", ""score"": 0.001443530316464603}, {""label"": ""gratitude"", ""score"": 0.0018057379638776183}, {""label"": ""grief"", ""score"": 0.00108587765134871}, {""label"": ""joy"", ""score"": 0.0018414030782878399}, {""label"": ""love"", ""score"": 0.00465367641299963}, {""label"": ""nervousness"", ""score"": 0.0014752537244930863}, {""label"": ""optimism"", ""score"": 0.02714201621711254}, {""label"": ""pride"", ""score"": 0.0008996264077723026}, {""label"": ""realization"", ""score"": 0.01107292715460062}, {""label"": ""relief"", ""score"": 0.0009064520709216595}, {""label"": ""remorse"", ""score"": 0.002592237899079919}, {""label"": ""sadness"", ""score"": 0.011305419728159904}, {""label"": ""surprise"", ""score"": 0.001327616279013455}, {""label"": ""neutral"", ""score"": 0.20894548296928406}]",desire,0.0,Ce tweet a un score de fiabilité de 0.0%.
at://did:plc:twlvip26kqgex55koxica3nz/app.bsky.feed.post/3lt4wz7n73c2m,https://bsky.app/profile/gatorshins.bsky.social/post/3lt4wz7n73c2m,bafyreid4cw25vwrfj32bdczk4mejvskox5nqaagqxvca6cllm7d2cfua6y,Anyway that's my one political post for the next 6 months. I try to avoid misery posting but sometimes it's unavoidable.  More game dev stuff will follow.,2025-07-04T09:37:33.354Z,2025-07-04T09:37:35.739Z,{},1,0,0,did:plc:twlvip26kqgex55koxica3nz,gatorshins.bsky.social,Ethan ⛧ 𝖈𝖔𝖛𝖊𝖓 𝖉𝖊𝖛,0,0,0,2023-07-08T19:48:36.489Z,,False,,False,"""[]""",2025-07-04T10:10:32.342931Z,Vrai,"[0.004049206152558327, 0.9959508180618286]","[{""label"": ""admiration"", ""score"": 0.0041271052323281765}, {""label"": ""amusement"", ""score"": 0.0018385715084150434}, {""label"": ""anger"", ""score"": 0.0007632494089193642}, {""label"": ""annoyance"", ""score"": 0.009764137677848339}, {""label"": ""approval"", ""score"": 0.2721136212348938}, {""label"": ""caring"", ""score"": 0.0036456650123000145}, {""label"": ""confusion"", ""score"": 0.0038543015252798796}, {""label"": ""curiosity"", ""score"": 0.002244026167318225}, {""label"": ""desire"", ""score"": 0.08343750983476639}, {""label"": ""disappointment"", ""score"": 0.011049957014620304}, {""label"": ""disapproval"", ""score"": 0.013364206068217754}, {""label"": ""disgust"", ""score"": 0.0011848362628370523}, {""label"": ""embarrassment"", ""score"": 0.00038869184209033847}, {""label"": ""excitement"", ""score"": 0.0032752545084804296}, {""label"": ""fear"", ""score"": 0.0006122449995018542}, {""label"": ""gratitude"", ""score"": 0.0010072634322568774}, {""label"": ""grief"", ""score"": 0.0002856521459762007}, {""label"": ""joy"", ""score"": 0.002392800757661462}, {""label"": ""love"", ""score"": 0.0020113049540668726}, {""label"": ""nervousness"", ""score"": 0.0005534774390980601}, {""label"": ""optimism"", ""score"": 0.23270197212696075}, {""label"": ""pride"", ""score"": 0.0007677038665860891}, {""label"": ""realization"", ""score"": 0.037637729197740555}, {""label"": ""relief"", ""score"": 0.0014244186459109187}, {""label"": ""remorse"", ""score"": 0.0005596466944552958}, {""label"": ""sadness"", ""score"": 0.001219043042510748}, {""label"": ""surprise"", ""score"": 0.0006540237227454782}, {""label"": ""neutral"", ""score"": 0.4610074758529663}]",neutral,0.36363636363636365,Ce tweet a un score de fiabilité de 0.4%.
at://did:plc:77z633jbmw6zp2xfetyvm3ia/app.bsky.feed.post/3lt4wyv3gic2d,https://bsky.app/profile/sharonmacmenamin.bsky.social/post/3lt4wyv3gic2d,bafyreibjzdrb7sffug7qoqtclpe6llq5z6ijgeeduocfdrmfu4bphh4ima,Kill another green law? The EU wants to continue protecting polluters spreading greenwashing lies. Finally political momentum is on our side to stop this. Sign to demand the anti-greenwashing law. action.wemove.eu/sign/2025-07...,2025-07-04T09:37:22.285Z,2025-07-04T09:37:26.938Z,"""external=External(description='Kill another green law? The EU wants to continue protecting polluters spreading greenwashing lies. Finally political momentum is on our side to stop this. Sign to demand the anti-greenwashing law.', title='No more \u201cgreen\u201d lies! Don\u2019t let the EU kill the anti-greenwashing law.', uri='https://action.wemove.eu/sign/2025-07-antigreenwashing-directive-petition-EN?akid=s6344187..mUJ6er', thumb=BlobRef(mime_type='image/jpeg', size=765971, ref=IpldLink(link='bafkreifmqfrltgdfdvn2bwqtv7wo6jh2be457gd7cxx4hilt6cj6xtu6iu'), py_type='blob'), py_type='app.bsky.embed.external#external') py_type='app.bsky.embed.external'""",0,0,0,did:plc:77z633jbmw6zp2xfetyvm3ia,sharonmacmenamin.bsky.social,,0,0,0,2024-11-12T14:21:13.301Z,,False,,False,"""[]""",2025-07-04T10:10:32.343094Z,Vrai,"[0.0394713468849659, 0.9605286717414856]","[{""label"": ""admiration"", ""score"": 0.0016839979216456413}, {""label"": ""amusement"", ""score"": 0.0004929915885441005}, {""label"": ""anger"", ""score"": 0.002944828011095524}, {""label"": ""annoyance"", ""score"": 0.018479641526937485}, {""label"": ""approval"", ""score"": 0.1468077301979065}, {""label"": ""caring"", ""score"": 0.0038647360634058714}, {""label"": ""confusion"", ""score"": 0.03288692981004715}, {""label"": ""curiosity"", ""score"": 0.0952862799167633}, {""label"": ""desire"", ""score"": 0.012852080166339874}, {""label"": ""disappointment"", ""score"": 0.004153320100158453}, {""label"": ""disapproval"", ""score"": 0.012715266086161137}, {""label"": ""disgust"", ""score"": 0.001028468948788941}, {""label"": ""embarrassment"", ""score"": 0.00031061909976415336}, {""label"": ""excitement"", ""score"": 0.0015789128374308348}, {""label"": ""fear"", ""score"": 0.0007361075258813798}, {""label"": ""gratitude"", ""score"": 0.0002150461805285886}, {""label"": ""grief"", ""score"": 0.00022939361224416643}, {""label"": ""joy"", ""score"": 0.0006083790794946253}, {""label"": ""love"", ""score"": 0.0009232826996594667}, {""label"": ""nervousness"", ""score"": 0.0004140225937590003}, {""label"": ""optimism"", ""score"": 0.018010180443525314}, {""label"": ""pride"", ""score"": 0.0001908539270516485}, {""label"": ""realization"", ""score"": 0.010561616159975529}, {""label"": ""relief"", ""score"": 0.0003708678123075515}, {""label"": ""remorse"", ""score"": 0.00024312899040523916}, {""label"": ""sadness"", ""score"": 0.0009736286010593176}, {""label"": ""surprise"", ""score"": 0.0009408761980012059}, {""label"": ""neutral"", ""score"": 0.6617394685745239}]",neutral,0.0,Ce tweet a un score de fiabilité de 0.0%.
at://did:plc:bcen47iol6hccqoufvtk7wt6/app.bsky.feed.post/3lt4wyojol226,https://bsky.app/profile/gregggonsalves.bsky.social/post/3lt4wyojol226,bafyreihtubtxxxlpkiicvf2sj7367x7wthip55dys5ldpjddmsn24hnhhi,"AG Sulzberger crowed at Oxford last year about independence and integrity in journalism, which was a smokescreen (not a very good one) to obscure his own political preferences, which are clear as day to those who can see what is in front of their noses.",2025-07-04T09:37:15.413Z,2025-07-04T09:37:15.835Z,{},7,0,0,did:plc:bcen47iol6hccqoufvtk7wt6,gregggonsalves.bsky.social,Gregg Gonsalves,0,0,0,2023-10-28T13:49:42.336Z,,False,,False,"""[]""",2025-07-04T10:10:32.343799Z,Vrai,"[0.0031818770803511143, 0.9968180656433105]","[{""label"": ""admiration"", ""score"": 0.007037353236228228}, {""label"": ""amusement"", ""score"": 0.0007886791136115789}, {""label"": ""anger"", ""score"": 0.0018299208022654057}, {""label"": ""annoyance"", ""score"": 0.013156679458916187}, {""label"": ""approval"", ""score"": 0.05619080737233162}, {""label"": ""caring"", ""score"": 0.0010395576246082783}, {""label"": ""confusion"", ""score"": 0.0009245158289559186}, {""label"": ""curiosity"", ""score"": 0.0003968522360082716}, {""label"": ""desire"", ""score"": 0.0006868590717203915}, {""label"": ""disappointment"", ""score"": 0.005295499227941036}, {""label"": ""disapproval"", ""score"": 0.015614179894328117}, {""label"": ""disgust"", ""score"": 0.001636979286558926}, {""label"": ""embarrassment"", ""score"": 0.0005464655114337802}, {""label"": ""excitement"", ""score"": 0.0008197254501283169}, {""label"": ""fear"", ""score"": 0.00047273634118027985}, {""label"": ""gratitude"", ""score"": 0.0014302886556833982}, {""label"": ""grief"", ""score"": 0.00021471342188306153}, {""label"": ""joy"", ""score"": 0.0008844226249493659}, {""label"": ""love"", ""score"": 0.0006378669058904052}, {""label"": ""nervousness"", ""score"": 0.00017283782653976232}, {""label"": ""optimism"", ""score"": 0.0028537362813949585}, {""label"": ""pride"", ""score"": 0.0005420727538876235}, {""label"": ""realization"", ""score"": 0.013628474436700344}, {""label"": ""relief"", ""score"": 0.0005259138415567577}, {""label"": ""remorse"", ""score"": 0.0002991893270518631}, {""label"": ""sadness"", ""score"": 0.0010120614897459745}, {""label"": ""surprise"", ""score"": 0.0004431834095157683}, {""label"": ""neutral"", ""score"": 0.9196830987930298}]",neutral,2.545454545454545,Ce tweet a un score de fiabilité de 2.5%.
at://did:plc:bcen47iol6hccqoufvtk7wt6/app.bsky.feed.post/3lt4wxwpsos26,https://bsky.app/profile/gregggonsalves.bsky.social/post/3lt4wxwpsos26,bafyreifrma7a2m3m34x6pkfsatsqmp7iftgnjyfmomargkjft4e3pjh77u,"Yes, AG Sulzberger crowed at Oxford last year about independence and integrity in journalism, which was a smokescreen (not a very good one) to obscure his own political preferences, which are clear as day to those who can see what is in front of their noses.",2025-07-04T09:36:50.447Z,2025-07-04T09:36:51.136Z,{},1,0,0,did:plc:bcen47iol6hccqoufvtk7wt6,gregggonsalves.bsky.social,Gregg Gonsalves,0,0,0,2023-10-28T13:49:42.336Z,,False,,False,"""[]""",2025-07-04T10:10:32.343913Z,Vrai,"[0.004422481171786785, 0.9955775737762451]","[{""label"": ""admiration"", ""score"": 0.013877227902412415}, {""label"": ""amusement"", ""score"": 0.0010212998604401946}, {""label"": ""anger"", ""score"": 0.0016104838578030467}, {""label"": ""annoyance"", ""score"": 0.012335065752267838}, {""label"": ""approval"", ""score"": 0.38245540857315063}, {""label"": ""caring"", ""score"": 0.000806089024990797}, {""label"": ""confusion"", ""score"": 0.0007976708584465086}, {""label"": ""curiosity"", ""score"": 0.0004272748774383217}, {""label"": ""desire"", ""score"": 0.0006708899163641036}, {""label"": ""disappointment"", ""score"": 0.002990351291373372}, {""label"": ""disapproval"", ""score"": 0.007327244151383638}, {""label"": ""disgust"", ""score"": 0.001307660131715238}, {""label"": ""embarrassment"", ""score"": 0.00044525551493279636}, {""label"": ""excitement"", ""score"": 0.0017507075099274516}, {""label"": ""fear"", ""score"": 0.00028588782879523933}, {""label"": ""gratitude"", ""score"": 0.0013338399585336447}, {""label"": ""grief"", ""score"": 0.00015269276627805084}, {""label"": ""joy"", ""score"": 0.0015515686245635152}, {""label"": ""love"", ""score"": 0.0011069588363170624}, {""label"": ""nervousness"", ""score"": 0.00014638870197813958}, {""label"": ""optimism"", ""score"": 0.0033225398510694504}, {""label"": ""pride"", ""score"": 0.001099879271350801}, {""label"": ""realization"", ""score"": 0.018340524286031723}, {""label"": ""relief"", ""score"": 0.0008804941899143159}, {""label"": ""remorse"", ""score"": 0.0001792370167095214}, {""label"": ""sadness"", ""score"": 0.0005076936213299632}, {""label"": ""surprise"", ""score"": 0.0005216057179495692}, {""label"": ""neutral"", ""score"": 0.6841330528259277}]",neutral,0.36363636363636365,Ce tweet a un score de fiabilité de 0.4%.
at://did:plc:i6laelfnyeuzax3yfqxk3ucn/app.bsky.feed.post/3lt4wxay6wc2i,https://bsky.app/profile/parliament.scot/post/3lt4wxay6wc2i,bafyreia52fki3id4vuvd46u57a5qohxdqhwbvd7v76ar3rppz6av2oe4oq,"🌱 In times of accelerating climate crisis and rising political instability, could #Crofting be the answer to some of the most pressing problems?  🗓️ Wednesday 20 August ⏰ 12:30pm - 1:45pm  Book your tickets to 'Croft creation' at #FoP2025 www.festivalofpolitics.scot",2025-07-04T09:36:27.649Z,2025-07-04T09:36:34.337Z,"""images=[Image(alt='', image=BlobRef(mime_type='image/jpeg', size=622397, ref=IpldLink(link='bafkreifjbncliloxkjvzepetan2k3qr3qw5pdyydere6h5khz6dajolbfi'), py_type='blob'), aspect_ratio=AspectRatio(height=1080, width=1080, py_type='app.bsky.embed.defs#aspectRatio'), py_type='app.bsky.embed.images#image')] py_type='app.bsky.embed.images'""",1,0,0,did:plc:i6laelfnyeuzax3yfqxk3ucn,parliament.scot,The Scottish Parliament,0,0,0,2025-02-07T09:19:10.544Z,,False,,False,"""[]""",2025-07-04T10:10:32.344352Z,Vrai,"[0.003363188588991761, 0.9966367483139038]","[{""label"": ""admiration"", ""score"": 0.001803052145987749}, {""label"": ""amusement"", ""score"": 0.0010556434281170368}, {""label"": ""anger"", ""score"": 0.002679867669939995}, {""label"": ""annoyance"", ""score"": 0.0128402691334486}, {""label"": ""approval"", ""score"": 0.0617331899702549}, {""label"": ""caring"", ""score"": 0.011272555217146873}, {""label"": ""confusion"", ""score"": 0.2484242469072342}, {""label"": ""curiosity"", ""score"": 0.630649745464325}, {""label"": ""desire"", ""score"": 0.007071437779814005}, {""label"": ""disappointment"", ""score"": 0.010741682723164558}, {""label"": ""disapproval"", ""score"": 0.011334254406392574}, {""label"": ""disgust"", ""score"": 0.00129045604262501}, {""label"": ""embarrassment"", ""score"": 0.0011897009098902345}, {""label"": ""excitement"", ""score"": 0.0026133423671126366}, {""label"": ""fear"", ""score"": 0.0038315115962177515}, {""label"": ""gratitude"", ""score"": 0.0003130942350253463}, {""label"": ""grief"", ""score"": 0.0006295354105532169}, {""label"": ""joy"", ""score"": 0.0010270139900967479}, {""label"": ""love"", ""score"": 0.0033498245757073164}, {""label"": ""nervousness"", ""score"": 0.003996559884399176}, {""label"": ""optimism"", ""score"": 0.021362368017435074}, {""label"": ""pride"", ""score"": 0.0001395330618834123}, {""label"": ""realization"", ""score"": 0.015354168601334095}, {""label"": ""relief"", ""score"": 0.0005559015553444624}, {""label"": ""remorse"", ""score"": 0.0021597237791866064}, {""label"": ""sadness"", ""score"": 0.0056927078403532505}, {""label"": ""surprise"", ""score"": 0.00403178483247757}, {""label"": ""neutral"", ""score"": 0.25126785039901733}]",curiosity,0.36363636363636365,Ce tweet a un score de fiabilité de 0.4%.
at://did:plc:ypujpqt552rggxbemnfnspao/app.bsky.feed.post/3lt4wwtnnj42w,https://bsky.app/profile/moneyisspeech.bsky.social/post/3lt4wwtnnj42w,bafyreih4xhywdm6nekm7imljwop4ywka3xvmd22zuwhb2o7z2flx4dunsy,"20.	He has threatened to withhold federal aid from political rivals, using public resources as a tool of retribution.",2025-07-04T09:36:13.650Z,2025-07-04T09:36:15.131Z,{},0,0,1,did:plc:ypujpqt552rggxbemnfnspao,moneyisspeech.bsky.social,,0,0,0,2024-11-14T13:34:52.825Z,,False,,False,"""[]""",2025-07-04T10:10:32.344479Z,Vrai,"[0.022823726758360863, 0.977176308631897]","[{""label"": ""admiration"", ""score"": 0.0012139874743297696}, {""label"": ""amusement"", ""score"": 0.001214284566231072}, {""label"": ""anger"", ""score"": 0.027689412236213684}, {""label"": ""annoyance"", ""score"": 0.04054175317287445}, {""label"": ""approval"", ""score"": 0.018371518701314926}, {""label"": ""caring"", ""score"": 0.00378407328389585}, {""label"": ""confusion"", ""score"": 0.0010175607167184353}, {""label"": ""curiosity"", ""score"": 0.0009361848351545632}, {""label"": ""desire"", ""score"": 0.0019050835398957133}, {""label"": ""disappointment"", ""score"": 0.0038041274528950453}, {""label"": ""disapproval"", ""score"": 0.005389110185205936}, {""label"": ""disgust"", ""score"": 0.006818921305239201}, {""label"": ""embarrassment"", ""score"": 0.0010606595315039158}, {""label"": ""excitement"", ""score"": 0.0009963983902707696}, {""label"": ""fear"", ""score"": 0.0067860838025808334}, {""label"": ""gratitude"", ""score"": 0.00037248036824166775}, {""label"": ""grief"", ""score"": 0.0005024650599807501}, {""label"": ""joy"", ""score"": 0.0008062898996286094}, {""label"": ""love"", ""score"": 0.0008404531399719417}, {""label"": ""nervousness"", ""score"": 0.0006805207231082022}, {""label"": ""optimism"", ""score"": 0.004662099294364452}, {""label"": ""pride"", ""score"": 0.00035428281989879906}, {""label"": ""realization"", ""score"": 0.005294006783515215}, {""label"": ""relief"", ""score"": 0.0002881036198232323}, {""label"": ""remorse"", ""score"": 0.00033504943712614477}, {""label"": ""sadness"", ""score"": 0.003874638117849827}, {""label"": ""surprise"", ""score"": 0.0005952311912551522}, {""label"": ""neutral"", ""score"": 0.9060367941856384}]",neutral,6.0,Ce tweet a un score de fiabilité de 6.0%.
at://did:plc:ypujpqt552rggxbemnfnspao/app.bsky.feed.post/3lt4wwtnkld2w,https://bsky.app/profile/moneyisspeech.bsky.social/post/3lt4wwtnkld2w,bafyreigameu6pavo6ei4xjco43fcfy6wpenvan3d3etzg2l3eqpjojp6we,"16.	He has attempted to bypass Congress by misusing emergency powers, to fulfill personal political promises.",2025-07-04T09:36:13.646Z,2025-07-04T09:36:15.042Z,{},0,0,1,did:plc:ypujpqt552rggxbemnfnspao,moneyisspeech.bsky.social,,0,0,0,2024-11-14T13:34:52.825Z,,False,,False,"""[]""",2025-07-04T10:10:32.344564Z,Vrai,"[0.0016327983466908336, 0.9983672499656677]","[{""label"": ""admiration"", ""score"": 0.0008035252103582025}, {""label"": ""amusement"", ""score"": 0.001990746706724167}, {""label"": ""anger"", ""score"": 0.00415460392832756}, {""label"": ""annoyance"", ""score"": 0.02530795708298683}, {""label"": ""approval"", ""score"": 0.01959075778722763}, {""label"": ""caring"", ""score"": 0.001529733999632299}, {""label"": ""confusion"", ""score"": 0.0020429668948054314}, {""label"": ""curiosity"", ""score"": 0.0013752458617091179}, {""label"": ""desire"", ""score"": 0.0030878260731697083}, {""label"": ""disappointment"", ""score"": 0.005472393706440926}, {""label"": ""disapproval"", ""score"": 0.006475731730461121}, {""label"": ""disgust"", ""score"": 0.0029488294385373592}, {""label"": ""embarrassment"", ""score"": 0.0008104534354060888}, {""label"": ""excitement"", ""score"": 0.0006409098277799785}, {""label"": ""fear"", ""score"": 0.0007720102439634502}, {""label"": ""gratitude"", ""score"": 0.0002753156004473567}, {""label"": ""grief"", ""score"": 0.0003167018876411021}, {""label"": ""joy"", ""score"": 0.0007258992991410196}, {""label"": ""love"", ""score"": 0.0009782940614968538}, {""label"": ""nervousness"", ""score"": 0.0002859221713151783}, {""label"": ""optimism"", ""score"": 0.004365950357168913}, {""label"": ""pride"", ""score"": 0.00020233575196471065}, {""label"": ""realization"", ""score"": 0.0126436036080122}, {""label"": ""relief"", ""score"": 0.0002550618664827198}, {""label"": ""remorse"", ""score"": 0.0003828482876997441}, {""label"": ""sadness"", ""score"": 0.0022352354135364294}, {""label"": ""surprise"", ""score"": 0.00044637490645982325}, {""label"": ""neutral"", ""score"": 0.9393637180328369}]",neutral,6.0,Ce tweet a un score de fiabilité de 6.0%.
at://did:plc:ypujpqt552rggxbemnfnspao/app.bsky.feed.post/3lt4wwtnims2w,https://bsky.app/profile/moneyisspeech.bsky.social/post/3lt4wwtnims2w,bafyreihqdezzuz3skkd7sejdtipneaycmjsbvz2n24lw2ywzlskqi2wz3u,"13.	He has leveraged foreign powers for domestic gain, asking foreign leaders to aid his political fortunes.",2025-07-04T09:36:13.643Z,2025-07-04T09:36:14.972Z,{},0,0,1,did:plc:ypujpqt552rggxbemnfnspao,moneyisspeech.bsky.social,,0,0,0,2024-11-14T13:34:52.825Z,,False,,False,"""[]""",2025-07-04T10:10:32.344639Z,Vrai,"[0.015025683678686619, 0.9849743843078613]","[{""label"": ""admiration"", ""score"": 0.0016081150388345122}, {""label"": ""amusement"", ""score"": 0.0012493833201006055}, {""label"": ""anger"", ""score"": 0.0019889522809535265}, {""label"": ""annoyance"", ""score"": 0.010675285942852497}, {""label"": ""approval"", ""score"": 0.03978579491376877}, {""label"": ""caring"", ""score"": 0.002830005483701825}, {""label"": ""confusion"", ""score"": 0.0017294941935688257}, {""label"": ""curiosity"", ""score"": 0.0015724531840533018}, {""label"": ""desire"", ""score"": 0.0024316911585628986}, {""label"": ""disappointment"", ""score"": 0.0033326451666653156}, {""label"": ""disapproval"", ""score"": 0.0029029424767941236}, {""label"": ""disgust"", ""score"": 0.003202445339411497}, {""label"": ""embarrassment"", ""score"": 0.0005291641573421657}, {""label"": ""excitement"", ""score"": 0.0007309741340577602}, {""label"": ""fear"", ""score"": 0.0011377377668395638}, {""label"": ""gratitude"", ""score"": 0.0005069656181149185}, {""label"": ""grief"", ""score"": 0.00034126461832784116}, {""label"": ""joy"", ""score"": 0.0006618869956582785}, {""label"": ""love"", ""score"": 0.001688665128313005}, {""label"": ""nervousness"", ""score"": 0.00027617186424322426}, {""label"": ""optimism"", ""score"": 0.004185875877737999}, {""label"": ""pride"", ""score"": 0.00025384401669725776}, {""label"": ""realization"", ""score"": 0.0121077299118042}, {""label"": ""relief"", ""score"": 0.0003779438848141581}, {""label"": ""remorse"", ""score"": 0.0003709703451022506}, {""label"": ""sadness"", ""score"": 0.002079323399811983}, {""label"": ""surprise"", ""score"": 0.0004418091266416013}, {""label"": ""neutral"", ""score"": 0.9338654279708862}]",neutral,6.0,Ce tweet a un score de fiabilité de 6.0%.
at://did:plc:ypujpqt552rggxbemnfnspao/app.bsky.feed.post/3lt4wwtneps2w,https://bsky.app/profile/moneyisspeech.bsky.social/post/3lt4wwtneps2w,bafyreid6qfa6yswqbhrlsjocb37z4rfhwtnbau4uxacj2xnhqetb4ojapm,"9.	He has demanded criminal investigations into political opponents, violating the principle of equal justice under law.",2025-07-04T09:36:13.639Z,2025-07-04T09:36:14.879Z,{},0,0,1,did:plc:ypujpqt552rggxbemnfnspao,moneyisspeech.bsky.social,,0,0,0,2024-11-14T13:34:52.825Z,,False,,False,"""[]""",2025-07-04T10:10:32.344710Z,Faux,"[0.9125170707702637, 0.08748295903205872]","[{""label"": ""admiration"", ""score"": 0.0006749301683157682}, {""label"": ""amusement"", ""score"": 0.0010312176309525967}, {""label"": ""anger"", ""score"": 0.04462222754955292}, {""label"": ""annoyance"", ""score"": 0.11183325201272964}, {""label"": ""approval"", ""score"": 0.01948915421962738}, {""label"": ""caring"", ""score"": 0.0022666393779218197}, {""label"": ""confusion"", ""score"": 0.002422143006697297}, {""label"": ""curiosity"", ""score"": 0.0032412861473858356}, {""label"": ""desire"", ""score"": 0.0013874941505491734}, {""label"": ""disappointment"", ""score"": 0.00933480728417635}, {""label"": ""disapproval"", ""score"": 0.03436383232474327}, {""label"": ""disgust"", ""score"": 0.007801351137459278}, {""label"": ""embarrassment"", ""score"": 0.002331298775970936}, {""label"": ""excitement"", ""score"": 0.00035028927959501743}, {""label"": ""fear"", ""score"": 0.0010609682649374008}, {""label"": ""gratitude"", ""score"": 0.0004975980264134705}, {""label"": ""grief"", ""score"": 0.0005660596070811152}, {""label"": ""joy"", ""score"": 0.00041028691339306533}, {""label"": ""love"", ""score"": 0.00045987326302565634}, {""label"": ""nervousness"", ""score"": 0.000380364537704736}, {""label"": ""optimism"", ""score"": 0.001683215145021677}, {""label"": ""pride"", ""score"": 0.00020472463802434504}, {""label"": ""realization"", ""score"": 0.009236900135874748}, {""label"": ""relief"", ""score"": 0.0002489271282684058}, {""label"": ""remorse"", ""score"": 0.0005832745810039341}, {""label"": ""sadness"", ""score"": 0.0054472279734909534}, {""label"": ""surprise"", ""score"": 0.0004767308128066361}, {""label"": ""neutral"", ""score"": 0.7541671395301819}]",neutral,6.0,Ce tweet a un score de fiabilité de 6.0%.
at://did:plc:ypujpqt552rggxbemnfnspao/app.bsky.feed.post/3lt4wwtnbs22w,https://bsky.app/profile/moneyisspeech.bsky.social/post/3lt4wwtnbs22w,bafyreiayingm7mtluz254y7buhlbkl4mhnrjl6kqurpm3t2ywiobzaaoay,"6.	He has incited political violence, and on January 6, 2021, summoned a mob to disrupt the peaceful transfer of power.",2025-07-04T09:36:13.636Z,2025-07-04T09:36:14.810Z,{},0,0,1,did:plc:ypujpqt552rggxbemnfnspao,moneyisspeech.bsky.social,,0,0,0,2024-11-14T13:34:52.825Z,,False,,False,"""[]""",2025-07-04T10:10:32.344779Z,Vrai,"[0.035369109362363815, 0.9646309018135071]","[{""label"": ""admiration"", ""score"": 0.0009966475190594792}, {""label"": ""amusement"", ""score"": 0.0011332450667396188}, {""label"": ""anger"", ""score"": 0.012045186012983322}, {""label"": ""annoyance"", ""score"": 0.03299444168806076}, {""label"": ""approval"", ""score"": 0.03623758256435394}, {""label"": ""caring"", ""score"": 0.0029072174802422523}, {""label"": ""confusion"", ""score"": 0.0007401648326776922}, {""label"": ""curiosity"", ""score"": 0.0005593821406364441}, {""label"": ""desire"", ""score"": 0.001587008940987289}, {""label"": ""disappointment"", ""score"": 0.005612077657133341}, {""label"": ""disapproval"", ""score"": 0.006004634313285351}, {""label"": ""disgust"", ""score"": 0.007230743765830994}, {""label"": ""embarrassment"", ""score"": 0.0014993828954175115}, {""label"": ""excitement"", ""score"": 0.0009063121979124844}, {""label"": ""fear"", ""score"": 0.006431264337152243}, {""label"": ""gratitude"", ""score"": 0.0005846638814546168}, {""label"": ""grief"", ""score"": 0.0007443896029144526}, {""label"": ""joy"", ""score"": 0.0011213761754333973}, {""label"": ""love"", ""score"": 0.0007421509362757206}, {""label"": ""nervousness"", ""score"": 0.0008175316033884883}, {""label"": ""optimism"", ""score"": 0.0033990812953561544}, {""label"": ""pride"", ""score"": 0.0005109020858071744}, {""label"": ""realization"", ""score"": 0.012708311900496483}, {""label"": ""relief"", ""score"": 0.0006538476445712149}, {""label"": ""remorse"", ""score"": 0.00047469473793171346}, {""label"": ""sadness"", ""score"": 0.00703046889975667}, {""label"": ""surprise"", ""score"": 0.0005545089952647686}, {""label"": ""neutral"", ""score"": 0.8882890939712524}]",neutral,6.0,Ce tweet a un score de fiabilité de 6.0%.
at://did:plc:q3udayvky2suzkinq5tkto67/app.bsky.feed.post/3lt4wv4twek2v,https://bsky.app/profile/kestrus.bsky.social/post/3lt4wv4twek2v,bafyreihrc5q7dt4u3vgba2fhfpt76ivq7vfgdz7qc5uifwuq4t7awg4zdi,"An extension of why they make abusive social media posts - it's not about considered policy and debate any more, many people's political engagement follows their social engagement, more about performative behaviour and ingratiating yourself with the right clique than what's good for society.",2025-07-04T09:35:16.208Z,2025-07-04T09:35:18.338Z,{},0,0,0,did:plc:q3udayvky2suzkinq5tkto67,kestrus.bsky.social,kestrus.bsky.social,0,0,0,2024-02-03T15:47:14.273Z,,False,,False,"""[]""",2025-07-04T10:10:32.344847Z,Vrai,"[0.0008612509118393064, 0.9991387128829956]","[{""label"": ""admiration"", ""score"": 0.004221643321216106}, {""label"": ""amusement"", ""score"": 0.00040748162427917123}, {""label"": ""anger"", ""score"": 0.002568214898929}, {""label"": ""annoyance"", ""score"": 0.03429308906197548}, {""label"": ""approval"", ""score"": 0.210478737950325}, {""label"": ""caring"", ""score"": 0.0018898184644058347}, {""label"": ""confusion"", ""score"": 0.002022217959165573}, {""label"": ""curiosity"", ""score"": 0.0004794231499545276}, {""label"": ""desire"", ""score"": 0.0011297103483229876}, {""label"": ""disappointment"", ""score"": 0.011013908311724663}, {""label"": ""disapproval"", ""score"": 0.032542746514081955}, {""label"": ""disgust"", ""score"": 0.002623765729367733}, {""label"": ""embarrassment"", ""score"": 0.0006197988404892385}, {""label"": ""excitement"", ""score"": 0.00033069142955355346}, {""label"": ""fear"", ""score"": 0.0005773280281573534}, {""label"": ""gratitude"", ""score"": 0.0006341719999909401}, {""label"": ""grief"", ""score"": 0.00024145300267264247}, {""label"": ""joy"", ""score"": 0.0004974583862349391}, {""label"": ""love"", ""score"": 0.0008952940115705132}, {""label"": ""nervousness"", ""score"": 0.00028956306050531566}, {""label"": ""optimism"", ""score"": 0.006673459429293871}, {""label"": ""pride"", ""score"": 0.0004879969055764377}, {""label"": ""realization"", ""score"": 0.052161429077386856}, {""label"": ""relief"", ""score"": 0.0006579056498594582}, {""label"": ""remorse"", ""score"": 0.0003377232060302049}, {""label"": ""sadness"", ""score"": 0.0014778972836211324}, {""label"": ""surprise"", ""score"": 0.00032015235046856105}, {""label"": ""neutral"", ""score"": 0.684924304485321}]",neutral,0.0,Ce tweet a un score de fiabilité de 0.0%.
at://did:plc:aqg3jvl5dwbezuvf7yqszdyq/app.bsky.feed.post/3lt4wuptwts2b,https://bsky.app/profile/yeomna.bsky.social/post/3lt4wuptwts2b,bafyreicfmj2vagvbwvpzqk74e2uv5kj7dbzfmzmxblwtjz223wpxnori6m,"Being ignorant of the political reality which affects you and everyone you know but especially less privileged people isnt ""tacking on"". We need to be aware and loud",2025-07-04T09:35:02.580Z,2025-07-04T09:35:05.037Z,{},7,0,1,did:plc:aqg3jvl5dwbezuvf7yqszdyq,yeomna.bsky.social,Niklas 슬기,0,0,0,2024-11-18T14:46:09.345Z,,False,,False,"""[]""",2025-07-04T10:10:32.344915Z,Vrai,"[0.00441775331273675, 0.9955822825431824]","[{""label"": ""admiration"", ""score"": 0.0011742577189579606}, {""label"": ""amusement"", ""score"": 0.0007147679571062326}, {""label"": ""anger"", ""score"": 0.009470827877521515}, {""label"": ""annoyance"", ""score"": 0.1656900942325592}, {""label"": ""approval"", ""score"": 0.10815620422363281}, {""label"": ""caring"", ""score"": 0.030587337911128998}, {""label"": ""confusion"", ""score"": 0.0022825284395366907}, {""label"": ""curiosity"", ""score"": 0.00088562595192343}, {""label"": ""desire"", ""score"": 0.005260051228106022}, {""label"": ""disappointment"", ""score"": 0.024336108937859535}, {""label"": ""disapproval"", ""score"": 0.1998584270477295}, {""label"": ""disgust"", ""score"": 0.0026680431328713894}, {""label"": ""embarrassment"", ""score"": 0.002005335409194231}, {""label"": ""excitement"", ""score"": 0.0005493081989698112}, {""label"": ""fear"", ""score"": 0.000990677741356194}, {""label"": ""gratitude"", ""score"": 0.0006130154361017048}, {""label"": ""grief"", ""score"": 0.0005608890787698328}, {""label"": ""joy"", ""score"": 0.0009393914951942861}, {""label"": ""love"", ""score"": 0.0005934832734055817}, {""label"": ""nervousness"", ""score"": 0.0012415212113410234}, {""label"": ""optimism"", ""score"": 0.011617663316428661}, {""label"": ""pride"", ""score"": 0.0007871246198192239}, {""label"": ""realization"", ""score"": 0.07146976888179779}, {""label"": ""relief"", ""score"": 0.0022200383245944977}, {""label"": ""remorse"", ""score"": 0.0012270999141037464}, {""label"": ""sadness"", ""score"": 0.004709112457931042}, {""label"": ""surprise"", ""score"": 0.0006183992372825742}, {""label"": ""neutral"", ""score"": 0.4404880106449127}]",neutral,8.545454545454545,Ce tweet a un score de fiabilité de 8.5%.
at://did:plc:caxdf56t7rczh6jewkxh34r7/app.bsky.feed.post/3lt4wtyoq3s26,https://bsky.app/profile/hugogordon.bsky.social/post/3lt4wtyoq3s26,bafyreia7dkzal2k3m6avohs77kydiizsvowugaa6gxghqnyg5w3meyzk3q,"(For anyone wondering what I'm talking about, the Latin word for one of those bundles of sticks was ""fascis"", which ended up lending its name to a certain political ideology of ill-repute.)",2025-07-04T09:34:38.292Z,2025-07-04T09:34:37.439Z,{},4,0,1,did:plc:caxdf56t7rczh6jewkxh34r7,hugogordon.bsky.social,Hugo Gordon,0,0,0,2023-11-27T16:36:12.282Z,,False,,False,"""[]""",2025-07-04T10:10:32.345577Z,Vrai,"[0.03640460968017578, 0.963595449924469]","[{""label"": ""admiration"", ""score"": 0.0008460984099656343}, {""label"": ""amusement"", ""score"": 0.002217097207903862}, {""label"": ""anger"", ""score"": 0.0010294547537341714}, {""label"": ""annoyance"", ""score"": 0.019038647413253784}, {""label"": ""approval"", ""score"": 0.014084694907069206}, {""label"": ""caring"", ""score"": 0.0007629439351148903}, {""label"": ""confusion"", ""score"": 0.12526988983154297}, {""label"": ""curiosity"", ""score"": 0.03481997922062874}, {""label"": ""desire"", ""score"": 0.0009150581900030375}, {""label"": ""disappointment"", ""score"": 0.022515201941132545}, {""label"": ""disapproval"", ""score"": 0.01779228448867798}, {""label"": ""disgust"", ""score"": 0.0026124536525458097}, {""label"": ""embarrassment"", ""score"": 0.004823567345738411}, {""label"": ""excitement"", ""score"": 0.0006607887917198241}, {""label"": ""fear"", ""score"": 0.0015405091689899564}, {""label"": ""gratitude"", ""score"": 0.0004328794311732054}, {""label"": ""grief"", ""score"": 0.0006301972316578031}, {""label"": ""joy"", ""score"": 0.0007192032062448561}, {""label"": ""love"", ""score"": 0.0004574979830067605}, {""label"": ""nervousness"", ""score"": 0.0013924430822953582}, {""label"": ""optimism"", ""score"": 0.00447473768144846}, {""label"": ""pride"", ""score"": 0.0001579048839630559}, {""label"": ""realization"", ""score"": 0.05380256846547127}, {""label"": ""relief"", ""score"": 0.0004894559388048947}, {""label"": ""remorse"", ""score"": 0.0010678988182917237}, {""label"": ""sadness"", ""score"": 0.0049809738993644714}, {""label"": ""surprise"", ""score"": 0.005109548568725586}, {""label"": ""neutral"", ""score"": 0.7656169533729553}]",neutral,7.454545454545454,Ce tweet a un score de fiabilité de 7.5%.
at://did:plc:g6ainmjhp3zq5kvubz4gfgbp/app.bsky.feed.post/3lt4wtn33jc2s,https://bsky.app/profile/seegersjo.bsky.social/post/3lt4wtn33jc2s,bafyreid2cpdkxf44cyhyoabjvhrwyuahoqsvrzxpqir4yojucgp5jiodxq,Kill another green law? The EU wants to continue protecting polluters spreading greenwashing lies. Finally political momentum is on our side to stop this. Sign to demand the anti-greenwashing law. action.wemove.eu/sign/2025-07...,2025-07-04T09:34:26.113Z,2025-07-04T09:34:44.839Z,"""external=External(description='Kill another green law? The EU wants to continue protecting polluters spreading greenwashing lies. Finally political momentum is on our side to stop this. Sign to demand the anti-greenwashing law.', title='No more \u201cgreen\u201d lies! Don\u2019t let the EU kill the anti-greenwashing law.', uri='https://action.wemove.eu/sign/2025-07-antigreenwashing-directive-petition-EN?akid=s6344151..ikbD-e', thumb=BlobRef(mime_type='image/jpeg', size=847036, ref=IpldLink(link='bafkreihagc3igr3zpjtcjk2rb763wiii4ehpoom2es44t2bfm56ryvdbey'), py_type='blob'), py_type='app.bsky.embed.external#external') py_type='app.bsky.embed.external'""",0,0,0,did:plc:g6ainmjhp3zq5kvubz4gfgbp,seegersjo.bsky.social,Jo Seegers,0,0,0,2024-12-02T14:51:30.746Z,,False,,False,"""[]""",2025-07-04T10:10:32.345788Z,Vrai,"[0.0394713468849659, 0.9605286717414856]","[{""label"": ""admiration"", ""score"": 0.0016839979216456413}, {""label"": ""amusement"", ""score"": 0.0004929915885441005}, {""label"": ""anger"", ""score"": 0.002944828011095524}, {""label"": ""annoyance"", ""score"": 0.018479641526937485}, {""label"": ""approval"", ""score"": 0.1468077301979065}, {""label"": ""caring"", ""score"": 0.0038647360634058714}, {""label"": ""confusion"", ""score"": 0.03288692981004715}, {""label"": ""curiosity"", ""score"": 0.0952862799167633}, {""label"": ""desire"", ""score"": 0.012852080166339874}, {""label"": ""disappointment"", ""score"": 0.004153320100158453}, {""label"": ""disapproval"", ""score"": 0.012715266086161137}, {""label"": ""disgust"", ""score"": 0.001028468948788941}, {""label"": ""embarrassment"", ""score"": 0.00031061909976415336}, {""label"": ""excitement"", ""score"": 0.0015789128374308348}, {""label"": ""fear"", ""score"": 0.0007361075258813798}, {""label"": ""gratitude"", ""score"": 0.0002150461805285886}, {""label"": ""grief"", ""score"": 0.00022939361224416643}, {""label"": ""joy"", ""score"": 0.0006083790794946253}, {""label"": ""love"", ""score"": 0.0009232826996594667}, {""label"": ""nervousness"", ""score"": 0.0004140225937590003}, {""label"": ""optimism"", ""score"": 0.018010180443525314}, {""label"": ""pride"", ""score"": 0.0001908539270516485}, {""label"": ""realization"", ""score"": 0.010561616159975529}, {""label"": ""relief"", ""score"": 0.0003708678123075515}, {""label"": ""remorse"", ""score"": 0.00024312899040523916}, {""label"": ""sadness"", ""score"": 0.0009736286010593176}, {""label"": ""surprise"", ""score"": 0.0009408761980012059}, {""label"": ""neutral"", ""score"": 0.6617394685745239}]",neutral,0.0,Ce tweet a un score de fiabilité de 0.0%.
at://did:plc:vw2faru5bxtourzscn5lteut/app.bsky.feed.post/3lt4wth7qfk24,https://bsky.app/profile/climateeconomics.bsky.social/post/3lt4wth7qfk24,bafyreifdelgsk4h4lblxu5jy4hx4ugz5fr7m4stumkfnxz5v3663bvcwqa,"Why is the Trump administration pursuing an anti-science agenda?  ""For whatever reason, we seem to have reached a point now where political control is much more important than enabling science, even when public safety is the goal of said science""...  open.substack.com/pub/balanced...",2025-07-04T09:34:19.974Z,2025-07-04T09:34:25.038Z,"""external=External(description='A fair question that I try to answer - and explain some of the biggest consequences', title='\""Why are they doing this?\""', uri='https://open.substack.com/pub/balancedweather/p/why-are-they-doing-this', thumb=BlobRef(mime_type='image/jpeg', size=934578, ref=IpldLink(link='bafkreifhxor4ra3dvdo2tmg6skzahnaquwnbpywdovcau7tr3wjfdvhoqy'), py_type='blob'), py_type='app.bsky.embed.external#external') py_type='app.bsky.embed.external'""",0,0,0,did:plc:vw2faru5bxtourzscn5lteut,climateeconomics.bsky.social,Climate Risk Economics,0,0,0,2024-10-25T11:38:50.509Z,,False,,False,"""[]""",2025-07-04T10:10:32.345945Z,Vrai,"[0.0018059131689369678, 0.9981940388679504]","[{""label"": ""admiration"", ""score"": 0.0012048130156472325}, {""label"": ""amusement"", ""score"": 0.0010877479799091816}, {""label"": ""anger"", ""score"": 0.005337519571185112}, {""label"": ""annoyance"", ""score"": 0.05052674189209938}, {""label"": ""approval"", ""score"": 0.016995951533317566}, {""label"": ""caring"", ""score"": 0.002131103305146098}, {""label"": ""confusion"", ""score"": 0.31294164061546326}, {""label"": ""curiosity"", ""score"": 0.43914666771888733}, {""label"": ""desire"", ""score"": 0.00126463093329221}, {""label"": ""disappointment"", ""score"": 0.015406358987092972}, {""label"": ""disapproval"", ""score"": 0.014913109131157398}, {""label"": ""disgust"", ""score"": 0.0022383162286132574}, {""label"": ""embarrassment"", ""score"": 0.002342137275263667}, {""label"": ""excitement"", ""score"": 0.0012771976180374622}, {""label"": ""fear"", ""score"": 0.0016355779953300953}, {""label"": ""gratitude"", ""score"": 0.0002629683876875788}, {""label"": ""grief"", ""score"": 0.0004759801959153265}, {""label"": ""joy"", ""score"": 0.0008417094359174371}, {""label"": ""love"", ""score"": 0.0006504904013127089}, {""label"": ""nervousness"", ""score"": 0.001559049473144114}, {""label"": ""optimism"", ""score"": 0.004094465635716915}, {""label"": ""pride"", ""score"": 0.00010753203241620213}, {""label"": ""realization"", ""score"": 0.016095653176307678}, {""label"": ""relief"", ""score"": 0.00029098917730152607}, {""label"": ""remorse"", ""score"": 0.0006698185461573303}, {""label"": ""sadness"", ""score"": 0.002645068569108844}, {""label"": ""surprise"", ""score"": 0.007250556256622076}, {""label"": ""neutral"", ""score"": 0.42239171266555786}]",curiosity,0.0,Ce tweet a un score de fiabilité de 0.0%.
at://did:plc:t3emiz4xfjxzyziljsb54i4j/app.bsky.feed.post/3lt4wtdd53s2m,https://bsky.app/profile/leakliv.bsky.social/post/3lt4wtdd53s2m,bafyreiardh2g6vgal7p2s2vqmrjwrdtidsujqeydk5k3lzgkhdtt26uibu,Both public carriers have struggled under mounting financial pressure and alleged political sabotage.,2025-07-04T09:34:11.592Z,2025-07-04T09:34:21.359Z,"""external=External(description='\u0645\u0646\u0634\u0648\u0631 \u0643\u0627\u0631\u062b\u064a \\n\\n\u0643\u0634\u0641\u062a \u0648\u062b\u0627\u0626\u0642 \u0631\u0633\u0645\u064a\u0629 \u0639\u0646 \u0641\u0636\u064a\u062d\u0629 \u062a\u0623\u0645\u064a\u0646 \u062e\u0637\u064a\u0631\u0629 \u0641\u064a \u0634\u0631\u0643\u0629 \u0627\u0644\u062e\u0637\u0648\u0637 \u0627\u0644\u0623\u0641\u0631\u064a\u0642\u064a\u0629\u060c \u0628\u0639\u062f \u062a\u0639\u0627\u0642\u062f\u0647\u0627 \u0645\u0639 \u0634\u0631\u0643\u0629 \u201c\u0627\u0644\u0628\u0631\u0643\u0629 \u0644\u0644\u062a\u0623\u0645\u064a\u0646\u201d \u0627\u0644\u062a\u064a \u0644\u0627 \u062a\u0645\u0644\u0643 \u0623\u064a \u0625\u0639\u0627\u062f\u0629 \u062a\u0623\u0645\u064a\u0646 \u062f\u0648\u0644\u064a\u0629 \u062d\u0633\u0628 \u0623\u062a\u0647\u0627\u0645 \u0645\u0646\u0627\u0641\u0633\u062a\u0647\u0627 \"" \u0634\u0631\u0643\u0629 \u0644\u064a\u0628\u064a\u0627 \u0644\u0644\u062a\u0623\u0645\u064a\u0646 \"" \u060c \u0645\u0627...', title='Husam El Gomati', uri='https://www.facebook.com/1080221168/posts/10232232853938937/?mibextid=rS40aB7S9Ucbxw6v', thumb=BlobRef(mime_type='image/jpeg', size=128261, ref=IpldLink(link='bafkreida3jqlarua6ym2uqr3evpa72capqgrkr5tqyvysfllyesoaa22mu'), py_type='blob'), py_type='app.bsky.embed.external#external') py_type='app.bsky.embed.external'""",0,0,1,did:plc:t3emiz4xfjxzyziljsb54i4j,leakliv.bsky.social,>LEAKLIV:/,0,0,0,2025-06-16T13:46:29.639Z,,False,,False,"""[]""",2025-07-04T10:10:32.346102Z,Vrai,"[0.0020069382153451443, 0.9979931116104126]","[{""label"": ""admiration"", ""score"": 0.0021545167546719313}, {""label"": ""amusement"", ""score"": 0.001001946278847754}, {""label"": ""anger"", ""score"": 0.005774127785116434}, {""label"": ""annoyance"", ""score"": 0.059960804879665375}, {""label"": ""approval"", ""score"": 0.021689875051379204}, {""label"": ""caring"", ""score"": 0.005487099289894104}, {""label"": ""confusion"", ""score"": 0.0012044195318594575}, {""label"": ""curiosity"", ""score"": 0.0006789484177716076}, {""label"": ""desire"", ""score"": 0.001962740905582905}, {""label"": ""disappointment"", ""score"": 0.40530723333358765}, {""label"": ""disapproval"", ""score"": 0.022988388314843178}, {""label"": ""disgust"", ""score"": 0.006977509707212448}, {""label"": ""embarrassment"", ""score"": 0.008725449442863464}, {""label"": ""excitement"", ""score"": 0.0007294337847270072}, {""label"": ""fear"", ""score"": 0.004879343323409557}, {""label"": ""gratitude"", ""score"": 0.001061882940120995}, {""label"": ""grief"", ""score"": 0.005191239062696695}, {""label"": ""joy"", ""score"": 0.001638948917388916}, {""label"": ""love"", ""score"": 0.0016962254885584116}, {""label"": ""nervousness"", ""score"": 0.006850678473711014}, {""label"": ""optimism"", ""score"": 0.005308843217790127}, {""label"": ""pride"", ""score"": 0.000709991087205708}, {""label"": ""realization"", ""score"": 0.02438989281654358}, {""label"": ""relief"", ""score"": 0.002578799845650792}, {""label"": ""remorse"", ""score"": 0.012974964454770088}, {""label"": ""sadness"", ""score"": 0.3595414459705353}, {""label"": ""surprise"", ""score"": 0.0006862296140752733}, {""label"": ""neutral"", ""score"": 0.2395365685224533}]",disappointment,6.0,Ce tweet a un score de fiabilité de 6.0%.
at://did:plc:wbd2rxujeief36w57ch7jdqv/app.bsky.feed.post/3lt4wskatbc2t,https://bsky.app/profile/damo71.bsky.social/post/3lt4wskatbc2t,bafyreibdrykpui6gb5dd6apzxzna43u7oxkwt6gsmvohenlx64kuhdyqa4,"""Depopulation,"" anyone remember those plans from the wealthy and their bought political flunkies? Georgia guidestones anyone?",2025-07-04T09:33:49.601Z,2025-07-04T09:33:50.339Z,{},0,0,0,did:plc:wbd2rxujeief36w57ch7jdqv,damo71.bsky.social,,0,0,0,2024-11-13T04:06:48.183Z,,False,,False,"""[]""",2025-07-04T10:10:32.346176Z,Vrai,"[0.0017282218905165792, 0.9982718229293823]","[{""label"": ""admiration"", ""score"": 0.0011999678099527955}, {""label"": ""amusement"", ""score"": 0.0017783873481675982}, {""label"": ""anger"", ""score"": 0.00224343896843493}, {""label"": ""annoyance"", ""score"": 0.008908191695809364}, {""label"": ""approval"", ""score"": 0.007470094598829746}, {""label"": ""caring"", ""score"": 0.0013085495447739959}, {""label"": ""confusion"", ""score"": 0.281477689743042}, {""label"": ""curiosity"", ""score"": 0.4505080580711365}, {""label"": ""desire"", ""score"": 0.000910506583750248}, {""label"": ""disappointment"", ""score"": 0.002122884150594473}, {""label"": ""disapproval"", ""score"": 0.004055017605423927}, {""label"": ""disgust"", ""score"": 0.001041207928210497}, {""label"": ""embarrassment"", ""score"": 0.0006751720211468637}, {""label"": ""excitement"", ""score"": 0.001014926703646779}, {""label"": ""fear"", ""score"": 0.0007678033434785903}, {""label"": ""gratitude"", ""score"": 0.0005276871379464865}, {""label"": ""grief"", ""score"": 0.0002582998131401837}, {""label"": ""joy"", ""score"": 0.0006366549641825259}, {""label"": ""love"", ""score"": 0.001160942716524005}, {""label"": ""nervousness"", ""score"": 0.00035814373404718935}, {""label"": ""optimism"", ""score"": 0.002584524219855666}, {""label"": ""pride"", ""score"": 4.907233960693702e-05}, {""label"": ""realization"", ""score"": 0.0047396207228302956}, {""label"": ""relief"", ""score"": 0.00012906445772387087}, {""label"": ""remorse"", ""score"": 0.00041857751784846187}, {""label"": ""sadness"", ""score"": 0.001205485314130783}, {""label"": ""surprise"", ""score"": 0.0036575656849890947}, {""label"": ""neutral"", ""score"": 0.5181693434715271}]",neutral,0.0,Ce tweet a un score de fiabilité de 0.0%.
at://did:plc:55u7q5fyuddpmserockbhx4i/app.bsky.feed.post/3lt4wr4ross26,https://bsky.app/profile/wallykibler.bsky.social/post/3lt4wr4ross26,bafyreiajnr2h5pjm46il6i3ivtimdhevyqi2lnghm6w62aohvijyes5xfu,The U.S. Ambassador to Canada's Fourth of July party is traditionally one of the hot-ticket invitations of the year for Ottawa's political set.  BE AWARE THAT THE CANADIAN RESISTANCE IS WATCHING WHO ATTENDS THIS YEAR!,2025-07-04T09:33:01.916Z,2025-07-04T09:33:04.436Z,"""external=External(description='ALT: homer simpson is standing in front of a house with the word traitor written below him', title='homer simpson is standing in front of a house with the word traitor written below him', uri='https://media.tenor.com/eQUe6ldFOn8AAAAC/groan-homer.gif?hh=376&ww=498', thumb=BlobRef(mime_type='image/jpeg', size=188643, ref=IpldLink(link='bafkreicbr73pnp4gc2hryfdmdw6oieweojxypwfm63r45xrl2hdngpxbti'), py_type='blob'), py_type='app.bsky.embed.external#external') py_type='app.bsky.embed.external'""",3,0,0,did:plc:55u7q5fyuddpmserockbhx4i,wallykibler.bsky.social,Wally Kibler🇨🇦,0,0,0,2024-11-14T03:19:42.477Z,,False,,False,"""[]""",2025-07-04T10:10:32.347464Z,Vrai,"[0.004626291338354349, 0.9953736662864685]","[{""label"": ""admiration"", ""score"": 0.011137867346405983}, {""label"": ""amusement"", ""score"": 0.003321609925478697}, {""label"": ""anger"", ""score"": 0.005071000196039677}, {""label"": ""annoyance"", ""score"": 0.009162936359643936}, {""label"": ""approval"", ""score"": 0.021671539172530174}, {""label"": ""caring"", ""score"": 0.028973452746868134}, {""label"": ""confusion"", ""score"": 0.003806128166615963}, {""label"": ""curiosity"", ""score"": 0.0021200436167418957}, {""label"": ""desire"", ""score"": 0.003897771006450057}, {""label"": ""disappointment"", ""score"": 0.004723910242319107}, {""label"": ""disapproval"", ""score"": 0.004900583066046238}, {""label"": ""disgust"", ""score"": 0.0031834321562200785}, {""label"": ""embarrassment"", ""score"": 0.001761069754138589}, {""label"": ""excitement"", ""score"": 0.010241166688501835}, {""label"": ""fear"", ""score"": 0.5938535928726196}, {""label"": ""gratitude"", ""score"": 0.0010757364798337221}, {""label"": ""grief"", ""score"": 0.0020425189286470413}, {""label"": ""joy"", ""score"": 0.006254288367927074}, {""label"": ""love"", ""score"": 0.002651460003107786}, {""label"": ""nervousness"", ""score"": 0.05452900007367134}, {""label"": ""optimism"", ""score"": 0.008220634423196316}, {""label"": ""pride"", ""score"": 0.0016574186738580465}, {""label"": ""realization"", ""score"": 0.012184228748083115}, {""label"": ""relief"", ""score"": 0.0027518824208527803}, {""label"": ""remorse"", ""score"": 0.0009180859196931124}, {""label"": ""sadness"", ""score"": 0.009251604788005352}, {""label"": ""surprise"", ""score"": 0.0034680082462728024}, {""label"": ""neutral"", ""score"": 0.26976436376571655}]",fear,1.090909090909091,Ce tweet a un score de fiabilité de 1.1%.
at://did:plc:d4zhmpe6kirgxjjax4nxscmo/app.bsky.feed.post/3lt4wr3r6rk27,https://bsky.app/profile/gcjea.bsky.social/post/3lt4wr3r6rk27,bafyreiam73hmyqj3bavjau73sa77ukxmmhcs5sgpapik4jwwuw6xve4tvi,This narrative is ott  Good  Capital invest. & rule change Ind. strat. plan Immig. down NHS waiting lists down Less drama & nonsense (this week aside) Increased respect internationally Better EU deal + India  Needs improving  COMMS & POLITICAL MGMT Small boats Business costs  For me 7/10,2025-07-04T09:33:00.850Z,2025-07-04T09:33:03.039Z,{},0,0,0,did:plc:d4zhmpe6kirgxjjax4nxscmo,gcjea.bsky.social,,0,0,0,2024-12-20T23:23:49.943Z,,False,,False,"""[]""",2025-07-04T10:10:32.347560Z,Vrai,"[0.000513938837684691, 0.9994860887527466]","[{""label"": ""admiration"", ""score"": 0.2679218351840973}, {""label"": ""amusement"", ""score"": 0.0004022677312605083}, {""label"": ""anger"", ""score"": 0.0017010730225592852}, {""label"": ""annoyance"", ""score"": 0.018366442993283272}, {""label"": ""approval"", ""score"": 0.3655354976654053}, {""label"": ""caring"", ""score"": 0.004827073775231838}, {""label"": ""confusion"", ""score"": 0.0011448353761807084}, {""label"": ""curiosity"", ""score"": 0.000583881395868957}, {""label"": ""desire"", ""score"": 0.008634364232420921}, {""label"": ""disappointment"", ""score"": 0.012080485932528973}, {""label"": ""disapproval"", ""score"": 0.01410294882953167}, {""label"": ""disgust"", ""score"": 0.002703040838241577}, {""label"": ""embarrassment"", ""score"": 0.0006487431819550693}, {""label"": ""excitement"", ""score"": 0.0012722954852506518}, {""label"": ""fear"", ""score"": 0.000590640353038907}, {""label"": ""gratitude"", ""score"": 0.005757600534707308}, {""label"": ""grief"", ""score"": 0.0003484721528366208}, {""label"": ""joy"", ""score"": 0.0008448415901511908}, {""label"": ""love"", ""score"": 0.0018283006502315402}, {""label"": ""nervousness"", ""score"": 0.0002851080207619816}, {""label"": ""optimism"", ""score"": 0.030521851032972336}, {""label"": ""pride"", ""score"": 0.004033677279949188}, {""label"": ""realization"", ""score"": 0.022835468873381615}, {""label"": ""relief"", ""score"": 0.0016692555509507656}, {""label"": ""remorse"", ""score"": 0.000641830381937325}, {""label"": ""sadness"", ""score"": 0.001301386277191341}, {""label"": ""surprise"", ""score"": 0.00038353976560756564}, {""label"": ""neutral"", ""score"": 0.4081404209136963}]",neutral,0.0,Ce tweet a un score de fiabilité de 0.0%.
at://did:plc:tantw3sekzseobljidysw2oi/app.bsky.feed.post/3lt4wphui722u,https://bsky.app/profile/lydiafhall.bsky.social/post/3lt4wphui722u,bafyreig5whkkwruecomjgwtlrdlsg5w6cjftwxr7xmlekealflsldvilha,"I can’t with people who “don’t judge others for their political views.” Guess what? These aren’t normal times in the United States. A person’s vote for Trump is a slap in the face to millions of their fellow Americans, and I will absolutely hold it against them. #sorrynotsorry #fdt",2025-07-04T09:32:06.436Z,2025-07-04T09:32:06.738Z,{},0,0,0,did:plc:tantw3sekzseobljidysw2oi,lydiafhall.bsky.social,Lydia F. Hall,0,0,0,2024-03-16T02:50:44.608Z,,False,,False,"""[]""",2025-07-04T10:10:32.347636Z,Vrai,"[0.09934923052787781, 0.9006507396697998]","[{""label"": ""admiration"", ""score"": 0.0008039342355914414}, {""label"": ""amusement"", ""score"": 0.0019581629894673824}, {""label"": ""anger"", ""score"": 0.041708629578351974}, {""label"": ""annoyance"", ""score"": 0.17090874910354614}, {""label"": ""approval"", ""score"": 0.024408284574747086}, {""label"": ""caring"", ""score"": 0.004495969507843256}, {""label"": ""confusion"", ""score"": 0.020465612411499023}, {""label"": ""curiosity"", ""score"": 0.028167609125375748}, {""label"": ""desire"", ""score"": 0.0019209736492484808}, {""label"": ""disappointment"", ""score"": 0.07521453499794006}, {""label"": ""disapproval"", ""score"": 0.3610062897205353}, {""label"": ""disgust"", ""score"": 0.006887057330459356}, {""label"": ""embarrassment"", ""score"": 0.04625090956687927}, {""label"": ""excitement"", ""score"": 0.0012515373528003693}, {""label"": ""fear"", ""score"": 0.0014311490813270211}, {""label"": ""gratitude"", ""score"": 0.0008068709284998477}, {""label"": ""grief"", ""score"": 0.001260741031728685}, {""label"": ""joy"", ""score"": 0.0011435727356001735}, {""label"": ""love"", ""score"": 0.0017812633886933327}, {""label"": ""nervousness"", ""score"": 0.0013151229359209538}, {""label"": ""optimism"", ""score"": 0.0038965900894254446}, {""label"": ""pride"", ""score"": 0.0003772671043407172}, {""label"": ""realization"", ""score"": 0.01990506798028946}, {""label"": ""relief"", ""score"": 0.0008319173357449472}, {""label"": ""remorse"", ""score"": 0.03989191725850105}, {""label"": ""sadness"", ""score"": 0.020351121202111244}, {""label"": ""surprise"", ""score"": 0.0035860976204276085}, {""label"": ""neutral"", ""score"": 0.1988854855298996}]",disapproval,0.0,Ce tweet a un score de fiabilité de 0.0%.
at://did:plc:3773gbohvs7d4uwbfbq4rnhh/app.bsky.feed.post/3lt4wpbwzp22p,https://bsky.app/profile/casmilus.bsky.social/post/3lt4wpbwzp22p,bafyreihuajdy23gqdo5ftksgdaoippdmurmneuivcidrfvomkn2wlk7j44,Fantastic opportunity for a huge hoax that Liam made a 15 minute political speech that would have changed the world if only it had been broadcast.,2025-07-04T09:32:00.226Z,2025-07-04T09:36:42.937Z,{},0,0,0,did:plc:3773gbohvs7d4uwbfbq4rnhh,casmilus.bsky.social,Casmilus,0,0,0,2023-08-16T18:11:14.212Z,,False,,False,"""[]""",2025-07-04T10:10:32.347704Z,Vrai,"[0.01663823612034321, 0.9833617806434631]","[{""label"": ""admiration"", ""score"": 0.9269289970397949}, {""label"": ""amusement"", ""score"": 0.0023862693924456835}, {""label"": ""anger"", ""score"": 0.0011391205480322242}, {""label"": ""annoyance"", ""score"": 0.004425746854394674}, {""label"": ""approval"", ""score"": 0.11201203614473343}, {""label"": ""caring"", ""score"": 0.0013994588516652584}, {""label"": ""confusion"", ""score"": 0.0016154912300407887}, {""label"": ""curiosity"", ""score"": 0.0020368010737001896}, {""label"": ""desire"", ""score"": 0.002148027066141367}, {""label"": ""disappointment"", ""score"": 0.0038330426905304193}, {""label"": ""disapproval"", ""score"": 0.004175729583948851}, {""label"": ""disgust"", ""score"": 0.0006890593795105815}, {""label"": ""embarrassment"", ""score"": 0.0003093418199568987}, {""label"": ""excitement"", ""score"": 0.007583881728351116}, {""label"": ""fear"", ""score"": 0.0003828738408628851}, {""label"": ""gratitude"", ""score"": 0.0054342858493328094}, {""label"": ""grief"", ""score"": 0.00029715223354287446}, {""label"": ""joy"", ""score"": 0.006137490272521973}, {""label"": ""love"", ""score"": 0.004190901760011911}, {""label"": ""nervousness"", ""score"": 0.00015627563698217273}, {""label"": ""optimism"", ""score"": 0.017372986301779747}, {""label"": ""pride"", ""score"": 0.004628257360309362}, {""label"": ""realization"", ""score"": 0.010445973835885525}, {""label"": ""relief"", ""score"": 0.0009536158759146929}, {""label"": ""remorse"", ""score"": 0.0003132438287138939}, {""label"": ""sadness"", ""score"": 0.0008076478843577206}, {""label"": ""surprise"", ""score"": 0.0025064158253371716}, {""label"": ""neutral"", ""score"": 0.039821725338697433}]",admiration,0.0,Ce tweet a un score de fiabilité de 0.0%.
at://did:plc:rdhh4v372vf4mfpj5yjf7g57/app.bsky.feed.post/3lt4woszclk2d,https://bsky.app/profile/heavenbear.bsky.social/post/3lt4woszclk2d,bafyreiagdi3glnlblbhusdcilrslgrtzln4lxzsdrw3x5koqronhlclici,Kill another green law? The EU wants to continue protecting polluters spreading greenwashing lies. Finally political momentum is on our side to stop this. Sign to demand the anti-greenwashing law. action.wemove.eu/sign/2025-07...,2025-07-04T09:31:44.574Z,2025-07-04T09:31:46.937Z,"""external=External(description='Kill another green law? The EU wants to continue protecting polluters spreading greenwashing lies. Finally political momentum is on our side to stop this. Sign to demand the anti-greenwashing law.', title='No more \u201cgreen\u201d lies! Don\u2019t let the EU kill the anti-greenwashing law.', uri='https://action.wemove.eu/sign/2025-07-antigreenwashing-directive-petition-EN?akid=s6344128..T1pVbF', thumb=BlobRef(mime_type='image/jpeg', size=778853, ref=IpldLink(link='bafkreibey2kkwiuumac5ngwvhcv5wddabgp3lwtswv6472a6egezgyrldm'), py_type='blob'), py_type='app.bsky.embed.external#external') py_type='app.bsky.embed.external'""",0,0,0,did:plc:rdhh4v372vf4mfpj5yjf7g57,heavenbear.bsky.social,,0,0,0,2025-01-11T05:46:59.343Z,,False,,False,"""[]""",2025-07-04T10:10:32.347847Z,Vrai,"[0.0394713468849659, 0.9605286717414856]","[{""label"": ""admiration"", ""score"": 0.0016839979216456413}, {""label"": ""amusement"", ""score"": 0.0004929915885441005}, {""label"": ""anger"", ""score"": 0.002944828011095524}, {""label"": ""annoyance"", ""score"": 0.018479641526937485}, {""label"": ""approval"", ""score"": 0.1468077301979065}, {""label"": ""caring"", ""score"": 0.0038647360634058714}, {""label"": ""confusion"", ""score"": 0.03288692981004715}, {""label"": ""curiosity"", ""score"": 0.0952862799167633}, {""label"": ""desire"", ""score"": 0.012852080166339874}, {""label"": ""disappointment"", ""score"": 0.004153320100158453}, {""label"": ""disapproval"", ""score"": 0.012715266086161137}, {""label"": ""disgust"", ""score"": 0.001028468948788941}, {""label"": ""embarrassment"", ""score"": 0.00031061909976415336}, {""label"": ""excitement"", ""score"": 0.0015789128374308348}, {""label"": ""fear"", ""score"": 0.0007361075258813798}, {""label"": ""gratitude"", ""score"": 0.0002150461805285886}, {""label"": ""grief"", ""score"": 0.00022939361224416643}, {""label"": ""joy"", ""score"": 0.0006083790794946253}, {""label"": ""love"", ""score"": 0.0009232826996594667}, {""label"": ""nervousness"", ""score"": 0.0004140225937590003}, {""label"": ""optimism"", ""score"": 0.018010180443525314}, {""label"": ""pride"", ""score"": 0.0001908539270516485}, {""label"": ""realization"", ""score"": 0.010561616159975529}, {""label"": ""relief"", ""score"": 0.0003708678123075515}, {""label"": ""remorse"", ""score"": 0.00024312899040523916}, {""label"": ""sadness"", ""score"": 0.0009736286010593176}, {""label"": ""surprise"", ""score"": 0.0009408761980012059}, {""label"": ""neutral"", ""score"": 0.6617394685745239}]",neutral,0.0,Ce tweet a un score de fiabilité de 0.0%.
at://did:plc:birfsju6q4prrfkrhlekqsyt/app.bsky.feed.post/3lt4wolnqis23,https://bsky.app/profile/mamelby.bsky.social/post/3lt4wolnqis23,bafyreicmb2frcefghyt5f5iumbhzrbnhuvt3u6hng5w3ss6uxedgr7honi,And what really gets me - is *nearly without fail* - if you explain an actual useful political strategy to achieve our shared goals - they will refuse on the grounds of it being too difficult.   Like if you want to *untie the people* or *rip out the tracks* - you actually have to DO THAT.,2025-07-04T09:31:36.855Z,2025-07-04T09:32:07.338Z,"""images=[Image(alt='\\n\\nFramling\\n\\u202a@framling.made-up-website.computer\\u202c\\n\\nFollow\\nShitlibs Figure Out the Solution to the Trolley Problem is to Find the Assholes Tying People to the Tracks Challenge\\n\\ndifficulty level impossible', image=BlobRef(mime_type='image/jpeg', size=73619, ref=IpldLink(link='bafkreievjteownmk7xsyunri4edyhrawni6a5lq5vsrc2ghtzrh4rkzkku'), py_type='blob'), aspect_ratio=AspectRatio(height=251, width=608, py_type='app.bsky.embed.defs#aspectRatio'), py_type='app.bsky.embed.images#image')] py_type='app.bsky.embed.images'""",1,0,1,did:plc:birfsju6q4prrfkrhlekqsyt,mamelby.bsky.social,mamelby,0,0,0,2023-07-22T00:24:29.088Z,,False,,False,"""[]""",2025-07-04T10:10:32.348042Z,Vrai,"[0.08510205894708633, 0.9148979783058167]","[{""label"": ""admiration"", ""score"": 0.0019924964290112257}, {""label"": ""amusement"", ""score"": 0.001029397826641798}, {""label"": ""anger"", ""score"": 0.0029964295681566}, {""label"": ""annoyance"", ""score"": 0.0587909035384655}, {""label"": ""approval"", ""score"": 0.0682506114244461}, {""label"": ""caring"", ""score"": 0.0017877069767564535}, {""label"": ""confusion"", ""score"": 0.0028293016366660595}, {""label"": ""curiosity"", ""score"": 0.0007124259718693793}, {""label"": ""desire"", ""score"": 0.0014895038912072778}, {""label"": ""disappointment"", ""score"": 0.02078121341764927}, {""label"": ""disapproval"", ""score"": 0.05816839262843132}, {""label"": ""disgust"", ""score"": 0.0010297116823494434}, {""label"": ""embarrassment"", ""score"": 0.00047453053412027657}, {""label"": ""excitement"", ""score"": 0.0005490072653628886}, {""label"": ""fear"", ""score"": 0.0002754421439021826}, {""label"": ""gratitude"", ""score"": 0.0002762273943517357}, {""label"": ""grief"", ""score"": 0.00022150020231492817}, {""label"": ""joy"", ""score"": 0.001313406741246581}, {""label"": ""love"", ""score"": 0.0004579240339808166}, {""label"": ""nervousness"", ""score"": 0.0003358953690622002}, {""label"": ""optimism"", ""score"": 0.005511382594704628}, {""label"": ""pride"", ""score"": 0.00038142025005072355}, {""label"": ""realization"", ""score"": 0.031563274562358856}, {""label"": ""relief"", ""score"": 0.0006405608146451414}, {""label"": ""remorse"", ""score"": 0.00030511524528265}, {""label"": ""sadness"", ""score"": 0.001714335405267775}, {""label"": ""surprise"", ""score"": 0.00034572614822536707}, {""label"": ""neutral"", ""score"": 0.7832539677619934}]",neutral,6.363636363636363,Ce tweet a un score de fiabilité de 6.4%.
at://did:plc:mpnwbayv7rhs6xdoqoocuhs6/app.bsky.feed.post/3lt4woguo2s2z,https://bsky.app/profile/sues3.bsky.social/post/3lt4woguo2s2z,bafyreidxfmigmxriusfpzxzen6dmamsyhhl3sslsz624qxe6dm4fhhpdk4,Kill another green law? The EU wants to continue protecting polluters spreading greenwashing lies. Finally political momentum is on our side to stop this. Sign to demand the anti-greenwashing law. action.wemove.eu/sign/2025-07...,2025-07-04T09:31:31.839Z,2025-07-04T09:31:34.641Z,"""external=External(description='Kill another green law? The EU wants to continue protecting polluters spreading greenwashing lies. Finally political momentum is on our side to stop this. Sign to demand the anti-greenwashing law.', title='No more \u201cgreen\u201d lies! Don\u2019t let the EU kill the anti-greenwashing law.', uri='https://action.wemove.eu/sign/2025-07-antigreenwashing-directive-petition-EN?akid=s6344126..YYAScc', thumb=BlobRef(mime_type='image/jpeg', size=506512, ref=IpldLink(link='bafkreib5v7fkonar7ioqvsgscvlut3j6w4zvhwro2rfpicfazktkwvdjoi'), py_type='blob'), py_type='app.bsky.embed.external#external') py_type='app.bsky.embed.external'""",0,0,0,did:plc:mpnwbayv7rhs6xdoqoocuhs6,sues3.bsky.social,,0,0,0,2024-11-16T22:01:36.345Z,,False,,False,"""[]""",2025-07-04T10:10:32.348947Z,Vrai,"[0.0394713468849659, 0.9605286717414856]","[{""label"": ""admiration"", ""score"": 0.0016839979216456413}, {""label"": ""amusement"", ""score"": 0.0004929915885441005}, {""label"": ""anger"", ""score"": 0.002944828011095524}, {""label"": ""annoyance"", ""score"": 0.018479641526937485}, {""label"": ""approval"", ""score"": 0.1468077301979065}, {""label"": ""caring"", ""score"": 0.0038647360634058714}, {""label"": ""confusion"", ""score"": 0.03288692981004715}, {""label"": ""curiosity"", ""score"": 0.0952862799167633}, {""label"": ""desire"", ""score"": 0.012852080166339874}, {""label"": ""disappointment"", ""score"": 0.004153320100158453}, {""label"": ""disapproval"", ""score"": 0.012715266086161137}, {""label"": ""disgust"", ""score"": 0.001028468948788941}, {""label"": ""embarrassment"", ""score"": 0.00031061909976415336}, {""label"": ""excitement"", ""score"": 0.0015789128374308348}, {""label"": ""fear"", ""score"": 0.0007361075258813798}, {""label"": ""gratitude"", ""score"": 0.0002150461805285886}, {""label"": ""grief"", ""score"": 0.00022939361224416643}, {""label"": ""joy"", ""score"": 0.0006083790794946253}, {""label"": ""love"", ""score"": 0.0009232826996594667}, {""label"": ""nervousness"", ""score"": 0.0004140225937590003}, {""label"": ""optimism"", ""score"": 0.018010180443525314}, {""label"": ""pride"", ""score"": 0.0001908539270516485}, {""label"": ""realization"", ""score"": 0.010561616159975529}, {""label"": ""relief"", ""score"": 0.0003708678123075515}, {""label"": ""remorse"", ""score"": 0.00024312899040523916}, {""label"": ""sadness"", ""score"": 0.0009736286010593176}, {""label"": ""surprise"", ""score"": 0.0009408761980012059}, {""label"": ""neutral"", ""score"": 0.6617394685745239}]",neutral,0.0,Ce tweet a un score de fiabilité de 0.0%.
at://did:plc:rhgibne2bjd2j3ieev3ohroj/app.bsky.feed.post/3lt4wogb2522x,https://bsky.app/profile/potsmokersbible.bsky.social/post/3lt4wogb2522x,bafyreih7pwgfsrpmq4eis7ovrydutdgoon5fgmuuiifjtzhcxtsyhynw4u,"Interpretation of Zion  Psalms 119:69-72 The proud, who are they? Trump and almost every person with money fame or political power.  All you have to do is look at them and know they are elite.   They dress for the part flaunting their sick excess like it's a halo of righteousness.  But it's a lie.",2025-07-04T09:31:31.196Z,2025-07-04T09:31:31.635Z,{},0,0,1,did:plc:rhgibne2bjd2j3ieev3ohroj,potsmokersbible.bsky.social,Brenda L Hines,0,0,0,2024-11-30T11:19:09.245Z,,False,,False,"""[]""",2025-07-04T10:10:32.349060Z,Vrai,"[0.000976892770268023, 0.9990230798721313]","[{""label"": ""admiration"", ""score"": 0.0015192211139947176}, {""label"": ""amusement"", ""score"": 0.0011382136726751924}, {""label"": ""anger"", ""score"": 0.008756006136536598}, {""label"": ""annoyance"", ""score"": 0.10456160455942154}, {""label"": ""approval"", ""score"": 0.024016650393605232}, {""label"": ""caring"", ""score"": 0.0007895894232206047}, {""label"": ""confusion"", ""score"": 0.03212379664182663}, {""label"": ""curiosity"", ""score"": 0.02315516211092472}, {""label"": ""desire"", ""score"": 0.0007904863450676203}, {""label"": ""disappointment"", ""score"": 0.03783063217997551}, {""label"": ""disapproval"", ""score"": 0.2425948828458786}, {""label"": ""disgust"", ""score"": 0.0032584688160568476}, {""label"": ""embarrassment"", ""score"": 0.002214892767369747}, {""label"": ""excitement"", ""score"": 0.0007312022498808801}, {""label"": ""fear"", ""score"": 0.0005044075660407543}, {""label"": ""gratitude"", ""score"": 0.00019914763106498867}, {""label"": ""grief"", ""score"": 0.00037385194445960224}, {""label"": ""joy"", ""score"": 0.0006693979958072305}, {""label"": ""love"", ""score"": 0.0004396146978251636}, {""label"": ""nervousness"", ""score"": 0.0004419671022333205}, {""label"": ""optimism"", ""score"": 0.0020817469339817762}, {""label"": ""pride"", ""score"": 0.00017287970695178956}, {""label"": ""realization"", ""score"": 0.01735435426235199}, {""label"": ""relief"", ""score"": 0.00028683795244432986}, {""label"": ""remorse"", ""score"": 0.000401091790990904}, {""label"": ""sadness"", ""score"": 0.0022659157402813435}, {""label"": ""surprise"", ""score"": 0.0032777413725852966}, {""label"": ""neutral"", ""score"": 0.6126346588134766}]",neutral,6.0,Ce tweet a un score de fiabilité de 6.0%.
at://did:plc:k66tragn3khcalwtupjkim3r/app.bsky.feed.post/3lt4wni3kms2d,https://bsky.app/profile/kishiskolaash.bsky.social/post/3lt4wni3kms2d,bafyreicbfkxrj7pnqnhvt4zpsoaroh5dgp54acpbvk6iev6lzhyfjkx44e,"Okay I've officially joined Art Fight with 4 characters. I could not resist putting Hallowed Viego in there. Other OCs are a bit weird and political, i created them when I was 16 :'D  artfight.net/~kishiskolaash",2025-07-04T09:30:59.558Z,2025-07-04T09:31:05.742Z,"""images=[Image(alt='', image=BlobRef(mime_type='image/jpeg', size=33157, ref=IpldLink(link='bafkreidvk6hdijasy5tcm722kzxirotf4aysprj6fzml56a6mqowpz4eca'), py_type='blob'), aspect_ratio=AspectRatio(height=200, width=200, py_type='app.bsky.embed.defs#aspectRatio'), py_type='app.bsky.embed.images#image'), Image(alt='', image=BlobRef(mime_type='image/jpeg', size=36616, ref=IpldLink(link='bafkreidbkupwlnbkcwhxdl4ghdb7ysk546du5wxwkksnacwfgkpxuk6jsm'), py_type='blob'), aspect_ratio=AspectRatio(height=200, width=200, py_type='app.bsky.embed.defs#aspectRatio'), py_type='app.bsky.embed.images#image'), Image(alt='', image=BlobRef(mime_type='image/jpeg', size=45063, ref=IpldLink(link='bafkreifdlmduuzjl4cclvgb7hdb7ntzkkvr3yil4lwjpvspf252zgf5iwe'), py_type='blob'), aspect_ratio=AspectRatio(height=200, width=200, py_type='app.bsky.embed.defs#aspectRatio'), py_type='app.bsky.embed.images#image'), Image(alt='', image=BlobRef(mime_type='image/jpeg', size=113683, ref=IpldLink(link='bafkreiahkfmev3c5sska2eyqgocsbc2n6goe7glpzzlehhg765nxrnhdxi'), py_type='blob'), aspect_ratio=AspectRatio(height=574, width=500, py_type='app.bsky.embed.defs#aspectRatio'), py_type='app.bsky.embed.images#image')] py_type='app.bsky.embed.images'""",0,0,0,did:plc:k66tragn3khcalwtupjkim3r,kishiskolaash.bsky.social,Kishi (Commissions OPEN!),0,0,0,2023-08-30T16:35:48.428Z,,False,,False,"""[]""",2025-07-04T10:10:32.349381Z,Vrai,"[0.03388501703739166, 0.9661149382591248]","[{""label"": ""admiration"", ""score"": 0.002212841995060444}, {""label"": ""amusement"", ""score"": 0.011971752159297466}, {""label"": ""anger"", ""score"": 0.0020104083232581615}, {""label"": ""annoyance"", ""score"": 0.04255887120962143}, {""label"": ""approval"", ""score"": 0.38331547379493713}, {""label"": ""caring"", ""score"": 0.0006935211713425815}, {""label"": ""confusion"", ""score"": 0.01021902821958065}, {""label"": ""curiosity"", ""score"": 0.001963866874575615}, {""label"": ""desire"", ""score"": 0.002833533100783825}, {""label"": ""disappointment"", ""score"": 0.010888314805924892}, {""label"": ""disapproval"", ""score"": 0.018774954602122307}, {""label"": ""disgust"", ""score"": 0.010339027270674706}, {""label"": ""embarrassment"", ""score"": 0.0086283590644598}, {""label"": ""excitement"", ""score"": 0.010878059081733227}, {""label"": ""fear"", ""score"": 0.0027891211211681366}, {""label"": ""gratitude"", ""score"": 0.0009581676567904651}, {""label"": ""grief"", ""score"": 0.0005791199509985745}, {""label"": ""joy"", ""score"": 0.014553000219166279}, {""label"": ""love"", ""score"": 0.0020863711833953857}, {""label"": ""nervousness"", ""score"": 0.002818409586325288}, {""label"": ""optimism"", ""score"": 0.004728149622678757}, {""label"": ""pride"", ""score"": 0.0021950891241431236}, {""label"": ""realization"", ""score"": 0.1739552915096283}, {""label"": ""relief"", ""score"": 0.006389804184436798}, {""label"": ""remorse"", ""score"": 0.0005839712684974074}, {""label"": ""sadness"", ""score"": 0.002177993068471551}, {""label"": ""surprise"", ""score"": 0.004512700717896223}, {""label"": ""neutral"", ""score"": 0.3729531168937683}]",approval,0.0,Ce tweet a un score de fiabilité de 0.0%.
at://did:plc:ruzyrl5uwqh4u7pklwy27m7m/app.bsky.feed.post/3lt4wn2qmjc2t,https://bsky.app/profile/gillmartin.bsky.social/post/3lt4wn2qmjc2t,bafyreiagr4sm3yhkkxvfv6xwptm5c4vv4wlkq3wruu75bijwohs3yrngna,We have to be. We have to repudiate every attack whether it's painted as informed political comment or as humour.,2025-07-04T09:30:45.570Z,2025-07-04T09:30:47.535Z,{},0,0,0,did:plc:ruzyrl5uwqh4u7pklwy27m7m,gillmartin.bsky.social,Gillian Martin,0,0,0,2024-11-06T16:43:13.078Z,,False,,False,"""[]""",2025-07-04T10:10:32.349467Z,Vrai,"[0.06232490390539169, 0.9376750588417053]","[{""label"": ""admiration"", ""score"": 0.003004716942086816}, {""label"": ""amusement"", ""score"": 0.0015831278869882226}, {""label"": ""anger"", ""score"": 0.013194214552640915}, {""label"": ""annoyance"", ""score"": 0.07935674488544464}, {""label"": ""approval"", ""score"": 0.31910863518714905}, {""label"": ""caring"", ""score"": 0.00839327834546566}, {""label"": ""confusion"", ""score"": 0.0014032457256689668}, {""label"": ""curiosity"", ""score"": 0.0005742028006352484}, {""label"": ""desire"", ""score"": 0.0037840460427105427}, {""label"": ""disappointment"", ""score"": 0.0065232752822339535}, {""label"": ""disapproval"", ""score"": 0.15507130324840546}, {""label"": ""disgust"", ""score"": 0.0030221748165786266}, {""label"": ""embarrassment"", ""score"": 0.0012229477288201451}, {""label"": ""excitement"", ""score"": 0.000792595325037837}, {""label"": ""fear"", ""score"": 0.0006508763181045651}, {""label"": ""gratitude"", ""score"": 0.0012026953045278788}, {""label"": ""grief"", ""score"": 0.00031044858042150736}, {""label"": ""joy"", ""score"": 0.0010549728758633137}, {""label"": ""love"", ""score"": 0.0009774686768651009}, {""label"": ""nervousness"", ""score"": 0.00033010460902005434}, {""label"": ""optimism"", ""score"": 0.01455493550747633}, {""label"": ""pride"", ""score"": 0.001053187414072454}, {""label"": ""realization"", ""score"": 0.02857155352830887}, {""label"": ""relief"", ""score"": 0.001252233749255538}, {""label"": ""remorse"", ""score"": 0.0006199273630045354}, {""label"": ""sadness"", ""score"": 0.00131908617913723}, {""label"": ""surprise"", ""score"": 0.0002749911218415946}, {""label"": ""neutral"", ""score"": 0.48898670077323914}]",neutral,0.0,Ce tweet a un score de fiabilité de 0.0%.
at://did:plc:detiqr2yzkzqmhlsohpy5ctr/app.bsky.feed.post/3lt4wn2gwx22z,https://bsky.app/profile/roisin6.bsky.social/post/3lt4wn2gwx22z,bafyreiairubxhxd3xcldis7xutln6eppw4gqpkx7hffgkp2aotvcic4n7q,Kill another green law? The EU wants to continue protecting polluters spreading greenwashing lies. Finally political momentum is on our side to stop this. Sign to demand the anti-greenwashing law. action.wemove.eu/sign/2025-07...,2025-07-04T09:30:45.252Z,2025-07-04T09:30:51.338Z,"""external=External(description='Kill another green law? The EU wants to continue protecting polluters spreading greenwashing lies. Finally political momentum is on our side to stop this. Sign to demand the anti-greenwashing law.', title='No more \u201cgreen\u201d lies! Don\u2019t let the EU kill the anti-greenwashing law.', uri='https://action.wemove.eu/sign/2025-07-antigreenwashing-directive-petition-EN?variation=119&akid=s6344120..hMw-dm', thumb=BlobRef(mime_type='image/jpeg', size=524451, ref=IpldLink(link='bafkreiatn3njs2tkm7pn7yhdl2sy5umt6x3xpkais7yiz433adzfu3i2u4'), py_type='blob'), py_type='app.bsky.embed.external#external') py_type='app.bsky.embed.external'""",0,0,0,did:plc:detiqr2yzkzqmhlsohpy5ctr,roisin6.bsky.social,Roisin 🌿,0,0,0,2024-11-12T04:24:29.011Z,,False,,False,"""[]""",2025-07-04T10:10:32.349618Z,Vrai,"[0.0394713468849659, 0.9605286717414856]","[{""label"": ""admiration"", ""score"": 0.0016839979216456413}, {""label"": ""amusement"", ""score"": 0.0004929915885441005}, {""label"": ""anger"", ""score"": 0.002944828011095524}, {""label"": ""annoyance"", ""score"": 0.018479641526937485}, {""label"": ""approval"", ""score"": 0.1468077301979065}, {""label"": ""caring"", ""score"": 0.0038647360634058714}, {""label"": ""confusion"", ""score"": 0.03288692981004715}, {""label"": ""curiosity"", ""score"": 0.0952862799167633}, {""label"": ""desire"", ""score"": 0.012852080166339874}, {""label"": ""disappointment"", ""score"": 0.004153320100158453}, {""label"": ""disapproval"", ""score"": 0.012715266086161137}, {""label"": ""disgust"", ""score"": 0.001028468948788941}, {""label"": ""embarrassment"", ""score"": 0.00031061909976415336}, {""label"": ""excitement"", ""score"": 0.0015789128374308348}, {""label"": ""fear"", ""score"": 0.0007361075258813798}, {""label"": ""gratitude"", ""score"": 0.0002150461805285886}, {""label"": ""grief"", ""score"": 0.00022939361224416643}, {""label"": ""joy"", ""score"": 0.0006083790794946253}, {""label"": ""love"", ""score"": 0.0009232826996594667}, {""label"": ""nervousness"", ""score"": 0.0004140225937590003}, {""label"": ""optimism"", ""score"": 0.018010180443525314}, {""label"": ""pride"", ""score"": 0.0001908539270516485}, {""label"": ""realization"", ""score"": 0.010561616159975529}, {""label"": ""relief"", ""score"": 0.0003708678123075515}, {""label"": ""remorse"", ""score"": 0.00024312899040523916}, {""label"": ""sadness"", ""score"": 0.0009736286010593176}, {""label"": ""surprise"", ""score"": 0.0009408761980012059}, {""label"": ""neutral"", ""score"": 0.6617394685745239}]",neutral,0.0,Ce tweet a un score de fiabilité de 0.0%.
at://did:plc:6ocjbvt36opaxq3pl2p3hfop/app.bsky.feed.post/3lt4wm44p3s2b,https://bsky.app/profile/suzymarxist.bsky.social/post/3lt4wm44p3s2b,bafyreicfxmpiahqol65p3mvyhx7deoe67yoryweg3eupib4mfvbth5unfu,Kill another green law? The EU wants to continue protecting polluters spreading greenwashing lies. Finally political momentum is on our side to stop this. Sign to demand the anti-greenwashing law. action.wemove.eu/sign/2025-07...,2025-07-04T09:30:13.460Z,2025-07-04T09:30:19.236Z,"""external=External(description='Kill another green law? The EU wants to continue protecting polluters spreading greenwashing lies. Finally political momentum is on our side to stop this. Sign to demand the anti-greenwashing law.', title='No more \u201cgreen\u201d lies! Don\u2019t let the EU kill the anti-greenwashing law.', uri='https://action.wemove.eu/sign/2025-07-antigreenwashing-directive-petition-EN?akid=s6344111..e1kZ_1', thumb=BlobRef(mime_type='image/jpeg', size=524399, ref=IpldLink(link='bafkreiddeq2o45j257w6tr2giyh3fcrfhd5g3i4fe2yvtxmdl43ns6vmpq'), py_type='blob'), py_type='app.bsky.embed.external#external') py_type='app.bsky.embed.external'""",0,0,0,did:plc:6ocjbvt36opaxq3pl2p3hfop,suzymarxist.bsky.social,SuzyM,0,0,0,2024-11-20T18:56:41.353Z,,False,,False,"""[]""",2025-07-04T10:10:32.349753Z,Vrai,"[0.0394713468849659, 0.9605286717414856]","[{""label"": ""admiration"", ""score"": 0.0016839979216456413}, {""label"": ""amusement"", ""score"": 0.0004929915885441005}, {""label"": ""anger"", ""score"": 0.002944828011095524}, {""label"": ""annoyance"", ""score"": 0.018479641526937485}, {""label"": ""approval"", ""score"": 0.1468077301979065}, {""label"": ""caring"", ""score"": 0.0038647360634058714}, {""label"": ""confusion"", ""score"": 0.03288692981004715}, {""label"": ""curiosity"", ""score"": 0.0952862799167633}, {""label"": ""desire"", ""score"": 0.012852080166339874}, {""label"": ""disappointment"", ""score"": 0.004153320100158453}, {""label"": ""disapproval"", ""score"": 0.012715266086161137}, {""label"": ""disgust"", ""score"": 0.001028468948788941}, {""label"": ""embarrassment"", ""score"": 0.00031061909976415336}, {""label"": ""excitement"", ""score"": 0.0015789128374308348}, {""label"": ""fear"", ""score"": 0.0007361075258813798}, {""label"": ""gratitude"", ""score"": 0.0002150461805285886}, {""label"": ""grief"", ""score"": 0.00022939361224416643}, {""label"": ""joy"", ""score"": 0.0006083790794946253}, {""label"": ""love"", ""score"": 0.0009232826996594667}, {""label"": ""nervousness"", ""score"": 0.0004140225937590003}, {""label"": ""optimism"", ""score"": 0.018010180443525314}, {""label"": ""pride"", ""score"": 0.0001908539270516485}, {""label"": ""realization"", ""score"": 0.010561616159975529}, {""label"": ""relief"", ""score"": 0.0003708678123075515}, {""label"": ""remorse"", ""score"": 0.00024312899040523916}, {""label"": ""sadness"", ""score"": 0.0009736286010593176}, {""label"": ""surprise"", ""score"": 0.0009408761980012059}, {""label"": ""neutral"", ""score"": 0.6617394685745239}]",neutral,0.0,Ce tweet a un score de fiabilité de 0.0%.
at://did:plc:uizfepllllifq3t5ouvq4luk/app.bsky.feed.post/3lt4wlbbd3s2n,https://bsky.app/profile/henryjmiller.bsky.social/post/3lt4wlbbd3s2n,bafyreifqpyfm6xfdsencfuhcyk6ixpesvco4ytgxberga7yrq5xkkmbefu,"As with many aspects of our political system, it's really the post-1945 period that stands out as the outlier rather than the 'norm'. Coalitions and minority governments common in the 19th century, and first half of the 20th century, e.g. wartime coalitions, National Govts of the 1930s ...",2025-07-04T09:29:45.299Z,2025-07-04T09:29:42.236Z,{},1,0,1,did:plc:uizfepllllifq3t5ouvq4luk,henryjmiller.bsky.social,Henry Miller ,0,0,0,2024-11-19T12:43:30.007Z,,False,,False,"""[]""",2025-07-04T10:10:32.349830Z,Vrai,"[0.001052972744219005, 0.9989470839500427]","[{""label"": ""admiration"", ""score"": 0.004911361262202263}, {""label"": ""amusement"", ""score"": 0.0014929680619388819}, {""label"": ""anger"", ""score"": 0.0009815088706091046}, {""label"": ""annoyance"", ""score"": 0.015805983915925026}, {""label"": ""approval"", ""score"": 0.08844534307718277}, {""label"": ""caring"", ""score"": 0.0005882924306206405}, {""label"": ""confusion"", ""score"": 0.023694202303886414}, {""label"": ""curiosity"", ""score"": 0.001843842794187367}, {""label"": ""desire"", ""score"": 0.0010031673591583967}, {""label"": ""disappointment"", ""score"": 0.025764979422092438}, {""label"": ""disapproval"", ""score"": 0.028332244604825974}, {""label"": ""disgust"", ""score"": 0.002707789186388254}, {""label"": ""embarrassment"", ""score"": 0.0024703401140868664}, {""label"": ""excitement"", ""score"": 0.0007562429527752101}, {""label"": ""fear"", ""score"": 0.0009147727978415787}, {""label"": ""gratitude"", ""score"": 0.001077971770428121}, {""label"": ""grief"", ""score"": 0.0005931075429543853}, {""label"": ""joy"", ""score"": 0.001435200683772564}, {""label"": ""love"", ""score"": 0.0011047854786738753}, {""label"": ""nervousness"", ""score"": 0.0008411618182435632}, {""label"": ""optimism"", ""score"": 0.005410047713667154}, {""label"": ""pride"", ""score"": 0.0008608308853581548}, {""label"": ""realization"", ""score"": 0.2266322374343872}, {""label"": ""relief"", ""score"": 0.0013943604426458478}, {""label"": ""remorse"", ""score"": 0.0007917631301097572}, {""label"": ""sadness"", ""score"": 0.0027386657893657684}, {""label"": ""surprise"", ""score"": 0.0026499321684241295}, {""label"": ""neutral"", ""score"": 0.7069491744041443}]",neutral,6.363636363636363,Ce tweet a un score de fiabilité de 6.4%.
at://did:plc:fq3jgz37f6zphqae7cu3d3vw/app.bsky.feed.post/3lt4wl6gtlk25,https://bsky.app/profile/briankellett.bsky.social/post/3lt4wl6gtlk25,bafyreiembwadsl62tyo2x4jfn7oy7xcgezeptbgokj27n27t3tn2nmz3ji,"And I’m no language prescriptionist, but words have to mean something - particularly when referring to political groups, otherwise we’ll find ourselves in a right muddle.",2025-07-04T09:29:40.858Z,2025-07-04T09:29:43.260Z,{},0,0,0,did:plc:fq3jgz37f6zphqae7cu3d3vw,briankellett.bsky.social,Brian Kellett,0,0,0,2024-11-16T11:06:33.373Z,,False,,False,"""[]""",2025-07-04T10:10:32.349907Z,Vrai,"[0.0014904041308909655, 0.9985095858573914]","[{""label"": ""admiration"", ""score"": 0.0014623571187257767}, {""label"": ""amusement"", ""score"": 0.0008731779525987804}, {""label"": ""anger"", ""score"": 0.0011865942506119609}, {""label"": ""annoyance"", ""score"": 0.01706150360405445}, {""label"": ""approval"", ""score"": 0.11675005406141281}, {""label"": ""caring"", ""score"": 0.0019052476854994893}, {""label"": ""confusion"", ""score"": 0.013370946981012821}, {""label"": ""curiosity"", ""score"": 0.0009297081851400435}, {""label"": ""desire"", ""score"": 0.001361678121611476}, {""label"": ""disappointment"", ""score"": 0.010204184800386429}, {""label"": ""disapproval"", ""score"": 0.11893486231565475}, {""label"": ""disgust"", ""score"": 0.0013979417271912098}, {""label"": ""embarrassment"", ""score"": 0.0007669382030144334}, {""label"": ""excitement"", ""score"": 0.0003989671531599015}, {""label"": ""fear"", ""score"": 0.0007580391247756779}, {""label"": ""gratitude"", ""score"": 0.0008240246097557247}, {""label"": ""grief"", ""score"": 0.0002387428394285962}, {""label"": ""joy"", ""score"": 0.0006789834005758166}, {""label"": ""love"", ""score"": 0.0005448723677545786}, {""label"": ""nervousness"", ""score"": 0.00043981862836517394}, {""label"": ""optimism"", ""score"": 0.015891388058662415}, {""label"": ""pride"", ""score"": 0.00031624388066120446}, {""label"": ""realization"", ""score"": 0.07005131244659424}, {""label"": ""relief"", ""score"": 0.0008531725034117699}, {""label"": ""remorse"", ""score"": 0.0005417089560069144}, {""label"": ""sadness"", ""score"": 0.0011995091335847974}, {""label"": ""surprise"", ""score"": 0.0006308868178166449}, {""label"": ""neutral"", ""score"": 0.7261980772018433}]",neutral,0.0,Ce tweet a un score de fiabilité de 0.0%.
at://did:plc:vrh3tco3aj6s42myinura3sq/app.bsky.feed.post/3lt4wkg2um22w,https://bsky.app/profile/rhion-madison.bsky.social/post/3lt4wkg2um22w,bafyreicchxfbhuvjozokycqexfur7tcf5zgtnh5cgjhf3qrzkmzssxtwci,"What happens when a political party stops being about values and starts being about branding. This is what we're dealing with with Carney, and is even what we're seeing with Nenshi out in Alberta (shifting the NDP from orange to purple isn't as clever as he thinks it is).",2025-07-04T09:29:16.687Z,2025-07-04T09:29:23.238Z,"""images=[Image(alt='', image=BlobRef(mime_type='image/jpeg', size=423515, ref=IpldLink(link='bafkreiavf7bj6vjs3af2tp4ygqp6gltowh4a467eks3qzczyxcg4mxfcdy'), py_type='blob'), aspect_ratio=AspectRatio(height=1525, width=1170, py_type='app.bsky.embed.defs#aspectRatio'), py_type='app.bsky.embed.images#image')] py_type='app.bsky.embed.images'""",0,0,0,did:plc:vrh3tco3aj6s42myinura3sq,rhion-madison.bsky.social,Rhion Madison (aka Stu Donim),0,0,0,2025-02-02T18:51:53.943Z,,False,,False,"""[]""",2025-07-04T10:10:32.350641Z,Vrai,"[0.0015030617360025644, 0.9984968900680542]","[{""label"": ""admiration"", ""score"": 0.0009516511927358806}, {""label"": ""amusement"", ""score"": 0.0011936896480619907}, {""label"": ""anger"", ""score"": 0.002256816253066063}, {""label"": ""annoyance"", ""score"": 0.046695731580257416}, {""label"": ""approval"", ""score"": 0.021856537088751793}, {""label"": ""caring"", ""score"": 0.0013718785485252738}, {""label"": ""confusion"", ""score"": 0.1628524661064148}, {""label"": ""curiosity"", ""score"": 0.03964919596910477}, {""label"": ""desire"", ""score"": 0.0018745734123513103}, {""label"": ""disappointment"", ""score"": 0.0652306005358696}, {""label"": ""disapproval"", ""score"": 0.02672085165977478}, {""label"": ""disgust"", ""score"": 0.0023405009415000677}, {""label"": ""embarrassment"", ""score"": 0.0055929976515471935}, {""label"": ""excitement"", ""score"": 0.0016911838902160525}, {""label"": ""fear"", ""score"": 0.0043810694478452206}, {""label"": ""gratitude"", ""score"": 0.0002369748253840953}, {""label"": ""grief"", ""score"": 0.0008197599090635777}, {""label"": ""joy"", ""score"": 0.0010833281558007002}, {""label"": ""love"", ""score"": 0.0005550594651140273}, {""label"": ""nervousness"", ""score"": 0.0046953181736171246}, {""label"": ""optimism"", ""score"": 0.023835930973291397}, {""label"": ""pride"", ""score"": 0.0003199033671990037}, {""label"": ""realization"", ""score"": 0.16622860729694366}, {""label"": ""relief"", ""score"": 0.0009745576535351574}, {""label"": ""remorse"", ""score"": 0.0008028410957194865}, {""label"": ""sadness"", ""score"": 0.004673601593822241}, {""label"": ""surprise"", ""score"": 0.023777713999152184}, {""label"": ""neutral"", ""score"": 0.5586267113685608}]",neutral,0.0,Ce tweet a un score de fiabilité de 0.0%.
at://did:plc:x2w27yg3soqcu7ya6qvxon3a/app.bsky.feed.post/3lt4wkfpyx224,https://bsky.app/profile/iguandonjim.bsky.social/post/3lt4wkfpyx224,bafyreig65qmq23hl7n6j3k4vecihdadvvkompvalhn3cvjg5pwe7i6syhm,"As an aside, it has struck me that the Sunday Times' usual political splashes/""scoops"" have become lesser in recent times. I obviously assumed that was mainly down to the lack of Tory MPs furiously WhatsApping Tim Shitman every day but.....",2025-07-04T09:29:16.419Z,2025-07-04T09:29:17.138Z,{},2,0,1,did:plc:x2w27yg3soqcu7ya6qvxon3a,iguandonjim.bsky.social,James C,0,0,0,2023-12-04T14:48:03.519Z,,False,,False,"""[]""",2025-07-04T10:10:32.350736Z,Vrai,"[0.003240668447688222, 0.9967593550682068]","[{""label"": ""admiration"", ""score"": 0.0018869502237066627}, {""label"": ""amusement"", ""score"": 0.008415555581450462}, {""label"": ""anger"", ""score"": 0.0010699216509237885}, {""label"": ""annoyance"", ""score"": 0.019758520647883415}, {""label"": ""approval"", ""score"": 0.04528343677520752}, {""label"": ""caring"", ""score"": 0.0008071104530245066}, {""label"": ""confusion"", ""score"": 0.040893372148275375}, {""label"": ""curiosity"", ""score"": 0.0024358483497053385}, {""label"": ""desire"", ""score"": 0.0011091501219198108}, {""label"": ""disappointment"", ""score"": 0.028771473094820976}, {""label"": ""disapproval"", ""score"": 0.00971519947052002}, {""label"": ""disgust"", ""score"": 0.002628176938742399}, {""label"": ""embarrassment"", ""score"": 0.00814739614725113}, {""label"": ""excitement"", ""score"": 0.0009986088844016194}, {""label"": ""fear"", ""score"": 0.0018050229409709573}, {""label"": ""gratitude"", ""score"": 0.0022511605639010668}, {""label"": ""grief"", ""score"": 0.0011537973769009113}, {""label"": ""joy"", ""score"": 0.003139916807413101}, {""label"": ""love"", ""score"": 0.0011240007588639855}, {""label"": ""nervousness"", ""score"": 0.0029495598282665014}, {""label"": ""optimism"", ""score"": 0.009709902107715607}, {""label"": ""pride"", ""score"": 0.0009219118510372937}, {""label"": ""realization"", ""score"": 0.5754445791244507}, {""label"": ""relief"", ""score"": 0.003040928626433015}, {""label"": ""remorse"", ""score"": 0.001976016443222761}, {""label"": ""sadness"", ""score"": 0.005141206085681915}, {""label"": ""surprise"", ""score"": 0.00623240415006876}, {""label"": ""neutral"", ""score"": 0.5721524953842163}]",realization,6.7272727272727275,Ce tweet a un score de fiabilité de 6.7%.
at://did:plc:6ocjbvt36opaxq3pl2p3hfop/app.bsky.feed.post/3lt4wkb4k722b,https://bsky.app/profile/suzymarxist.bsky.social/post/3lt4wkb4k722b,bafyreidmk7pizjg6zjzlqkmw7j6u3pybj2j6nsqiua3pfiixkdqmzih5pe,Kill another green law? The EU wants to continue protecting polluters spreading greenwashing lies. Finally political momentum is on our side to stop this. Sign to demand the anti-greenwashing law. action.wemove.eu/sign/2025-07...,2025-07-04T09:29:11.589Z,2025-07-04T09:29:16.037Z,"""external=External(description='Kill another green law? The EU wants to continue protecting polluters spreading greenwashing lies. Finally political momentum is on our side to stop this. Sign to demand the anti-greenwashing law.', title='No more \u201cgreen\u201d lies! Don\u2019t let the EU kill the anti-greenwashing law.', uri='https://action.wemove.eu/sign/2025-07-antigreenwashing-directive-petition-EN?akid=s6344095..Rrrx8b', thumb=BlobRef(mime_type='image/jpeg', size=524399, ref=IpldLink(link='bafkreiddeq2o45j257w6tr2giyh3fcrfhd5g3i4fe2yvtxmdl43ns6vmpq'), py_type='blob'), py_type='app.bsky.embed.external#external') py_type='app.bsky.embed.external'""",0,0,0,did:plc:6ocjbvt36opaxq3pl2p3hfop,suzymarxist.bsky.social,SuzyM,0,0,0,2024-11-20T18:56:41.353Z,,False,,False,"""[]""",2025-07-04T10:10:32.351026Z,Vrai,"[0.0394713468849659, 0.9605286717414856]","[{""label"": ""admiration"", ""score"": 0.0016839979216456413}, {""label"": ""amusement"", ""score"": 0.0004929915885441005}, {""label"": ""anger"", ""score"": 0.002944828011095524}, {""label"": ""annoyance"", ""score"": 0.018479641526937485}, {""label"": ""approval"", ""score"": 0.1468077301979065}, {""label"": ""caring"", ""score"": 0.0038647360634058714}, {""label"": ""confusion"", ""score"": 0.03288692981004715}, {""label"": ""curiosity"", ""score"": 0.0952862799167633}, {""label"": ""desire"", ""score"": 0.012852080166339874}, {""label"": ""disappointment"", ""score"": 0.004153320100158453}, {""label"": ""disapproval"", ""score"": 0.012715266086161137}, {""label"": ""disgust"", ""score"": 0.001028468948788941}, {""label"": ""embarrassment"", ""score"": 0.00031061909976415336}, {""label"": ""excitement"", ""score"": 0.0015789128374308348}, {""label"": ""fear"", ""score"": 0.0007361075258813798}, {""label"": ""gratitude"", ""score"": 0.0002150461805285886}, {""label"": ""grief"", ""score"": 0.00022939361224416643}, {""label"": ""joy"", ""score"": 0.0006083790794946253}, {""label"": ""love"", ""score"": 0.0009232826996594667}, {""label"": ""nervousness"", ""score"": 0.0004140225937590003}, {""label"": ""optimism"", ""score"": 0.018010180443525314}, {""label"": ""pride"", ""score"": 0.0001908539270516485}, {""label"": ""realization"", ""score"": 0.010561616159975529}, {""label"": ""relief"", ""score"": 0.0003708678123075515}, {""label"": ""remorse"", ""score"": 0.00024312899040523916}, {""label"": ""sadness"", ""score"": 0.0009736286010593176}, {""label"": ""surprise"", ""score"": 0.0009408761980012059}, {""label"": ""neutral"", ""score"": 0.6617394685745239}]",neutral,0.0,Ce tweet a un score de fiabilité de 0.0%.
at://did:plc:6ocjbvt36opaxq3pl2p3hfop/app.bsky.feed.post/3lt4wjlz4w22b,https://bsky.app/profile/suzymarxist.bsky.social/post/3lt4wjlz4w22b,bafyreihcuuwt274rg3tipd6lr7pdjdcx4fzyb3dyffo4ahokgoqbzo6ewu,Kill another green law? The EU wants to continue protecting polluters spreading greenwashing lies. Finally political momentum is on our side to stop this. Sign to demand the anti-greenwashing law. action.wemove.eu/sign/2025-07...,2025-07-04T09:28:49.456Z,2025-07-04T09:28:53.436Z,"""external=External(description='Kill another green law? The EU wants to continue protecting polluters spreading greenwashing lies. Finally political momentum is on our side to stop this. Sign to demand the anti-greenwashing law.', title='No more \u201cgreen\u201d lies! Don\u2019t let the EU kill the anti-greenwashing law.', uri='https://action.wemove.eu/sign/2025-07-antigreenwashing-directive-petition-EN?akid=s6344088..aP77xY', thumb=BlobRef(mime_type='image/jpeg', size=524399, ref=IpldLink(link='bafkreiddeq2o45j257w6tr2giyh3fcrfhd5g3i4fe2yvtxmdl43ns6vmpq'), py_type='blob'), py_type='app.bsky.embed.external#external') py_type='app.bsky.embed.external'""",0,0,0,did:plc:6ocjbvt36opaxq3pl2p3hfop,suzymarxist.bsky.social,SuzyM,0,0,0,2024-11-20T18:56:41.353Z,,False,,False,"""[]""",2025-07-04T10:10:32.351268Z,Vrai,"[0.0394713468849659, 0.9605286717414856]","[{""label"": ""admiration"", ""score"": 0.0016839979216456413}, {""label"": ""amusement"", ""score"": 0.0004929915885441005}, {""label"": ""anger"", ""score"": 0.002944828011095524}, {""label"": ""annoyance"", ""score"": 0.018479641526937485}, {""label"": ""approval"", ""score"": 0.1468077301979065}, {""label"": ""caring"", ""score"": 0.0038647360634058714}, {""label"": ""confusion"", ""score"": 0.03288692981004715}, {""label"": ""curiosity"", ""score"": 0.0952862799167633}, {""label"": ""desire"", ""score"": 0.012852080166339874}, {""label"": ""disappointment"", ""score"": 0.004153320100158453}, {""label"": ""disapproval"", ""score"": 0.012715266086161137}, {""label"": ""disgust"", ""score"": 0.001028468948788941}, {""label"": ""embarrassment"", ""score"": 0.00031061909976415336}, {""label"": ""excitement"", ""score"": 0.0015789128374308348}, {""label"": ""fear"", ""score"": 0.0007361075258813798}, {""label"": ""gratitude"", ""score"": 0.0002150461805285886}, {""label"": ""grief"", ""score"": 0.00022939361224416643}, {""label"": ""joy"", ""score"": 0.0006083790794946253}, {""label"": ""love"", ""score"": 0.0009232826996594667}, {""label"": ""nervousness"", ""score"": 0.0004140225937590003}, {""label"": ""optimism"", ""score"": 0.018010180443525314}, {""label"": ""pride"", ""score"": 0.0001908539270516485}, {""label"": ""realization"", ""score"": 0.010561616159975529}, {""label"": ""relief"", ""score"": 0.0003708678123075515}, {""label"": ""remorse"", ""score"": 0.00024312899040523916}, {""label"": ""sadness"", ""score"": 0.0009736286010593176}, {""label"": ""surprise"", ""score"": 0.0009408761980012059}, {""label"": ""neutral"", ""score"": 0.6617394685745239}]",neutral,0.0,Ce tweet a un score de fiabilité de 0.0%.
at://did:plc:lzjiayojmwxy6v6rplgrbpo2/app.bsky.feed.post/3lt4wjl4jus2w,https://bsky.app/profile/twlldun.bsky.social/post/3lt4wjl4jus2w,bafyreihd3yoltpxg3mf4pttt3yba5iih3kkrwb6xzclivmqng6glcsoqbq,"Oh sure, and ex socialist political journalist Mussolini likely would have been aware of the heritage of the imagery. That said, it’s a little close to  “the swastika is an ancient Buddhist symbol” isn’t it (technically true but has accreted meanings since that point)",2025-07-04T09:28:48.520Z,2025-07-04T09:28:49.341Z,{},7,0,1,did:plc:lzjiayojmwxy6v6rplgrbpo2,twlldun.bsky.social,Twlldun,0,0,0,2023-07-03T18:52:55.378Z,,False,,False,"""[]""",2025-07-04T10:10:32.351357Z,Vrai,"[0.0020144800655543804, 0.9979854822158813]","[{""label"": ""admiration"", ""score"": 0.0034562882501631975}, {""label"": ""amusement"", ""score"": 0.0015124622732400894}, {""label"": ""anger"", ""score"": 0.0006536958971992135}, {""label"": ""annoyance"", ""score"": 0.004881953354924917}, {""label"": ""approval"", ""score"": 0.3133266866207123}, {""label"": ""caring"", ""score"": 0.00112571578938514}, {""label"": ""confusion"", ""score"": 0.16988617181777954}, {""label"": ""curiosity"", ""score"": 0.013384515419602394}, {""label"": ""desire"", ""score"": 0.0010705695021897554}, {""label"": ""disappointment"", ""score"": 0.0032012960873544216}, {""label"": ""disapproval"", ""score"": 0.016949955374002457}, {""label"": ""disgust"", ""score"": 0.001269261701963842}, {""label"": ""embarrassment"", ""score"": 0.0007618480012752116}, {""label"": ""excitement"", ""score"": 0.0011284648207947612}, {""label"": ""fear"", ""score"": 0.0009520566673018038}, {""label"": ""gratitude"", ""score"": 0.0010415263241156936}, {""label"": ""grief"", ""score"": 0.0002757835027296096}, {""label"": ""joy"", ""score"": 0.0012872411170974374}, {""label"": ""love"", ""score"": 0.0019568298012018204}, {""label"": ""nervousness"", ""score"": 0.0006950681563466787}, {""label"": ""optimism"", ""score"": 0.011035781353712082}, {""label"": ""pride"", ""score"": 0.00032519918750040233}, {""label"": ""realization"", ""score"": 0.09919601678848267}, {""label"": ""relief"", ""score"": 0.0007940006908029318}, {""label"": ""remorse"", ""score"": 0.0005930255865678191}, {""label"": ""sadness"", ""score"": 0.0010017204331234097}, {""label"": ""surprise"", ""score"": 0.0025793740060180426}, {""label"": ""neutral"", ""score"": 0.4594496488571167}]",neutral,8.545454545454545,Ce tweet a un score de fiabilité de 8.5%.
at://did:plc:mb5mapcdpcibcxrzbndxnean/app.bsky.feed.post/3lt4wittow224,https://bsky.app/profile/jonloveridge.bsky.social/post/3lt4wittow224,bafyreifpq4na6za66lfsseiadr7s2g4m2lxbokcgf7g4bagsrddsriuari,"That this country thinks, en masse, that means testing a £300 a year allowance, that in large parts goes to people who don’t need it, is the biggest issue imaginable, shows how totally & utterly cooked we are. Sensible debate & policy is simply impossible in the current political & media climate",2025-07-04T09:28:24.112Z,2025-07-04T09:28:25.136Z,"""record=Main(cid='bafyreideo6mhk7anegtp57ki3wb4ixyang2jsnppecfurh3ybbkczy3la4', uri='at://did:plc:ajw7ndeyylsd4ps5cautnpt2/app.bsky.feed.post/3lt4w6li2rk2y', py_type='com.atproto.repo.strongRef') py_type='app.bsky.embed.record'""",1,0,1,did:plc:mb5mapcdpcibcxrzbndxnean,jonloveridge.bsky.social,Jon Loveridge,0,0,0,2024-08-06T17:45:29.374Z,,False,,False,"""[]""",2025-07-04T10:10:32.351475Z,Vrai,"[0.005139001179486513, 0.9948609471321106]","[{""label"": ""admiration"", ""score"": 0.007901088334619999}, {""label"": ""amusement"", ""score"": 0.0006080724997445941}, {""label"": ""anger"", ""score"": 0.00747354980558157}, {""label"": ""annoyance"", ""score"": 0.19605796039104462}, {""label"": ""approval"", ""score"": 0.0944749265909195}, {""label"": ""caring"", ""score"": 0.000613198324572295}, {""label"": ""confusion"", ""score"": 0.0031246107537299395}, {""label"": ""curiosity"", ""score"": 0.001139155705459416}, {""label"": ""desire"", ""score"": 0.0015152315609157085}, {""label"": ""disappointment"", ""score"": 0.10782112926244736}, {""label"": ""disapproval"", ""score"": 0.10343869030475616}, {""label"": ""disgust"", ""score"": 0.005776942707598209}, {""label"": ""embarrassment"", ""score"": 0.0019208979792892933}, {""label"": ""excitement"", ""score"": 0.0010087591363117099}, {""label"": ""fear"", ""score"": 0.0004773207474499941}, {""label"": ""gratitude"", ""score"": 0.00042587140342220664}, {""label"": ""grief"", ""score"": 0.0004040194326080382}, {""label"": ""joy"", ""score"": 0.0006014666287228465}, {""label"": ""love"", ""score"": 0.0006716554635204375}, {""label"": ""nervousness"", ""score"": 0.0003573484136722982}, {""label"": ""optimism"", ""score"": 0.007144781295210123}, {""label"": ""pride"", ""score"": 0.0007501459331251681}, {""label"": ""realization"", ""score"": 0.05511847138404846}, {""label"": ""relief"", ""score"": 0.0006551125552505255}, {""label"": ""remorse"", ""score"": 0.0004353590775281191}, {""label"": ""sadness"", ""score"": 0.002556358464062214}, {""label"": ""surprise"", ""score"": 0.0033267696853727102}, {""label"": ""neutral"", ""score"": 0.4897964596748352}]",neutral,6.363636363636363,Ce tweet a un score de fiabilité de 6.4%.
at://did:plc:34svy4r3imm7liqzxlhbnddy/app.bsky.feed.post/3lt4wht53pc2r,https://bsky.app/profile/fredzgreen.bsky.social/post/3lt4wht53pc2r,bafyreiacmzhsryak4utz6saphvmylxlnbmjf2nn4tw5bqh3mk6uex6y5aq,Kill another green law? The EU wants to continue protecting polluters spreading greenwashing lies. Finally political momentum is on our side to stop this. Sign to demand the anti-greenwashing law. action.wemove.eu/sign/2025-07...,2025-07-04T09:27:49.818Z,2025-07-04T09:27:53.440Z,"""external=External(description='Kill another green law? The EU wants to continue protecting polluters spreading greenwashing lies. Finally political momentum is on our side to stop this. Sign to demand the anti-greenwashing law.', title='No more \u201cgreen\u201d lies! Don\u2019t let the EU kill the anti-greenwashing law.', uri='https://action.wemove.eu/sign/2025-07-antigreenwashing-directive-petition-EN?variation=119&akid=s6344076..OBmP4o', thumb=BlobRef(mime_type='image/jpeg', size=765904, ref=IpldLink(link='bafkreidp4e6m3hife743r67fnhonyr54wxr5acpt2gdtukey4lr6qzedq4'), py_type='blob'), py_type='app.bsky.embed.external#external') py_type='app.bsky.embed.external'""",0,0,0,did:plc:34svy4r3imm7liqzxlhbnddy,fredzgreen.bsky.social,,0,0,0,2025-02-25T07:07:40.045Z,,False,,False,"""[]""",2025-07-04T10:10:32.351613Z,Vrai,"[0.0394713468849659, 0.9605286717414856]","[{""label"": ""admiration"", ""score"": 0.0016839979216456413}, {""label"": ""amusement"", ""score"": 0.0004929915885441005}, {""label"": ""anger"", ""score"": 0.002944828011095524}, {""label"": ""annoyance"", ""score"": 0.018479641526937485}, {""label"": ""approval"", ""score"": 0.1468077301979065}, {""label"": ""caring"", ""score"": 0.0038647360634058714}, {""label"": ""confusion"", ""score"": 0.03288692981004715}, {""label"": ""curiosity"", ""score"": 0.0952862799167633}, {""label"": ""desire"", ""score"": 0.012852080166339874}, {""label"": ""disappointment"", ""score"": 0.004153320100158453}, {""label"": ""disapproval"", ""score"": 0.012715266086161137}, {""label"": ""disgust"", ""score"": 0.001028468948788941}, {""label"": ""embarrassment"", ""score"": 0.00031061909976415336}, {""label"": ""excitement"", ""score"": 0.0015789128374308348}, {""label"": ""fear"", ""score"": 0.0007361075258813798}, {""label"": ""gratitude"", ""score"": 0.0002150461805285886}, {""label"": ""grief"", ""score"": 0.00022939361224416643}, {""label"": ""joy"", ""score"": 0.0006083790794946253}, {""label"": ""love"", ""score"": 0.0009232826996594667}, {""label"": ""nervousness"", ""score"": 0.0004140225937590003}, {""label"": ""optimism"", ""score"": 0.018010180443525314}, {""label"": ""pride"", ""score"": 0.0001908539270516485}, {""label"": ""realization"", ""score"": 0.010561616159975529}, {""label"": ""relief"", ""score"": 0.0003708678123075515}, {""label"": ""remorse"", ""score"": 0.00024312899040523916}, {""label"": ""sadness"", ""score"": 0.0009736286010593176}, {""label"": ""surprise"", ""score"": 0.0009408761980012059}, {""label"": ""neutral"", ""score"": 0.6617394685745239}]",neutral,0.0,Ce tweet a un score de fiabilité de 0.0%.
at://did:plc:5vjrlxjer5roomcflakqmtnb/app.bsky.feed.post/3lt4wgx6sjc23,https://bsky.app/profile/socialistexpat.bsky.social/post/3lt4wgx6sjc23,bafyreia65quvkwsm5ymppbcxd3myq3mipnguqrhrttv6lb4peyocdd7rma,You're confusing grass roots protests and actions with the absurd pantomime of your broken political system,2025-07-04T09:27:20.514Z,2025-07-04T09:27:27.135Z,{},0,0,1,did:plc:5vjrlxjer5roomcflakqmtnb,socialistexpat.bsky.social,Lee Perry,0,0,0,2024-08-14T10:32:30.086Z,,False,,False,"""[]""",2025-07-04T10:10:32.351683Z,Vrai,"[0.2513665556907654, 0.7486333847045898]","[{""label"": ""admiration"", ""score"": 0.0008421995444223285}, {""label"": ""amusement"", ""score"": 0.0032808897085487843}, {""label"": ""anger"", ""score"": 0.04862072691321373}, {""label"": ""annoyance"", ""score"": 0.4203609824180603}, {""label"": ""approval"", ""score"": 0.013113689608871937}, {""label"": ""caring"", ""score"": 0.001759858918376267}, {""label"": ""confusion"", ""score"": 0.3542058765888214}, {""label"": ""curiosity"", ""score"": 0.016110075637698174}, {""label"": ""desire"", ""score"": 0.0011450911406427622}, {""label"": ""disappointment"", ""score"": 0.030003197491168976}, {""label"": ""disapproval"", ""score"": 0.10253473371267319}, {""label"": ""disgust"", ""score"": 0.0096097057685256}, {""label"": ""embarrassment"", ""score"": 0.007192626595497131}, {""label"": ""excitement"", ""score"": 0.0007206675945781171}, {""label"": ""fear"", ""score"": 0.0016307662008330226}, {""label"": ""gratitude"", ""score"": 0.0009824319276958704}, {""label"": ""grief"", ""score"": 0.00046828071936033666}, {""label"": ""joy"", ""score"": 0.0009451872319914401}, {""label"": ""love"", ""score"": 0.000561154040042311}, {""label"": ""nervousness"", ""score"": 0.0021877819672226906}, {""label"": ""optimism"", ""score"": 0.004300886765122414}, {""label"": ""pride"", ""score"": 0.00031142504303716123}, {""label"": ""realization"", ""score"": 0.03291035443544388}, {""label"": ""relief"", ""score"": 0.0004103977989871055}, {""label"": ""remorse"", ""score"": 0.000932081718929112}, {""label"": ""sadness"", ""score"": 0.0026324791833758354}, {""label"": ""surprise"", ""score"": 0.0037258125375956297}, {""label"": ""neutral"", ""score"": 0.25175970792770386}]",annoyance,6.0,Ce tweet a un score de fiabilité de 6.0%.
at://did:plc:kbkimn6dsjs6a42nf7wodhmc/app.bsky.feed.post/3lt4wgubcdc25,https://bsky.app/profile/canaries-captionit.bsky.social/post/3lt4wgubcdc25,bafyreicbieoynehczk52pwoau4n2kehuzvvtwa3c4ejunjgsv4uz5j3ppu,"Thatcher was of course fortunate to not exist in a 24 hour media circus at the time, with social media hysteria and conspiracy mongering whipped up by political journos of the age.",2025-07-04T09:27:17.449Z,2025-07-04T09:27:17.736Z,{},0,0,0,did:plc:kbkimn6dsjs6a42nf7wodhmc,canaries-captionit.bsky.social,Canaries Caption It,0,0,0,2024-11-08T12:12:08.178Z,,False,,False,"""[]""",2025-07-04T10:10:32.351749Z,Vrai,"[0.006415169220417738, 0.9935848116874695]","[{""label"": ""admiration"", ""score"": 0.007633542641997337}, {""label"": ""amusement"", ""score"": 0.0010545438854023814}, {""label"": ""anger"", ""score"": 0.0012613397557288408}, {""label"": ""annoyance"", ""score"": 0.018028095364570618}, {""label"": ""approval"", ""score"": 0.12981396913528442}, {""label"": ""caring"", ""score"": 0.005617787595838308}, {""label"": ""confusion"", ""score"": 0.0010097870836034417}, {""label"": ""curiosity"", ""score"": 0.0005379989161156118}, {""label"": ""desire"", ""score"": 0.001233376795426011}, {""label"": ""disappointment"", ""score"": 0.017423592507839203}, {""label"": ""disapproval"", ""score"": 0.013537841849029064}, {""label"": ""disgust"", ""score"": 0.0012562255142256618}, {""label"": ""embarrassment"", ""score"": 0.001588693936355412}, {""label"": ""excitement"", ""score"": 0.002259504050016403}, {""label"": ""fear"", ""score"": 0.001010407693684101}, {""label"": ""gratitude"", ""score"": 0.004793895408511162}, {""label"": ""grief"", ""score"": 0.0012061329325661063}, {""label"": ""joy"", ""score"": 0.014390700496733189}, {""label"": ""love"", ""score"": 0.0005370797589421272}, {""label"": ""nervousness"", ""score"": 0.0014521974371746182}, {""label"": ""optimism"", ""score"": 0.005495660938322544}, {""label"": ""pride"", ""score"": 0.0034782025031745434}, {""label"": ""realization"", ""score"": 0.05216743052005768}, {""label"": ""relief"", ""score"": 0.018748246133327484}, {""label"": ""remorse"", ""score"": 0.0008213725523091853}, {""label"": ""sadness"", ""score"": 0.0069497921504080296}, {""label"": ""surprise"", ""score"": 0.0014825445832684636}, {""label"": ""neutral"", ""score"": 0.778047502040863}]",neutral,0.0,Ce tweet a un score de fiabilité de 0.0%.
at://did:plc:osgtrcecv6anquyxcfftnfzw/app.bsky.feed.post/3lt4wenoypc2o,https://bsky.app/profile/a-r-s-e.bsky.social/post/3lt4wenoypc2o,bafyreih63njdm2axmqhrur7jtn6kmtgjrug4w2lcrc6v2v6kgo6rotrjzi,No surprises that Green Party members subscribe to a Tory/Blairite view of the history of the 70s and 80s  You have made it clear you dont support socialism or even independent political representation of the working class  I just hope more working class voters learn how little you care about them,2025-07-04T09:26:03.449Z,2025-07-04T09:26:05.944Z,"""record=Main(cid='bafyreif4ldthrczbkxsebvwve2lk3x6fcxiw2swfzawe7olwxhyw4qwmb4', uri='at://did:plc:vje4qwveaz7ack3cfudd2npv/app.bsky.feed.post/3lt4rw64yjc2j', py_type='com.atproto.repo.strongRef') py_type='app.bsky.embed.record'""",2,0,0,did:plc:osgtrcecv6anquyxcfftnfzw,a-r-s-e.bsky.social,A Red Star Enthusiast,0,0,0,2024-08-14T21:34:48.886Z,,False,,False,"""[]""",2025-07-04T10:10:32.352336Z,Vrai,"[0.0010416742879897356, 0.9989583492279053]","[{""label"": ""admiration"", ""score"": 0.006953761912882328}, {""label"": ""amusement"", ""score"": 0.00156946771312505}, {""label"": ""anger"", ""score"": 0.004181036725640297}, {""label"": ""annoyance"", ""score"": 0.01593276858329773}, {""label"": ""approval"", ""score"": 0.04194144532084465}, {""label"": ""caring"", ""score"": 0.019637195393443108}, {""label"": ""confusion"", ""score"": 0.00309499423019588}, {""label"": ""curiosity"", ""score"": 0.0028886289801448584}, {""label"": ""desire"", ""score"": 0.0735623836517334}, {""label"": ""disappointment"", ""score"": 0.00978230033069849}, {""label"": ""disapproval"", ""score"": 0.02931724674999714}, {""label"": ""disgust"", ""score"": 0.0014755206648260355}, {""label"": ""embarrassment"", ""score"": 0.0004264304006937891}, {""label"": ""excitement"", ""score"": 0.0012001290451735258}, {""label"": ""fear"", ""score"": 0.000776112952735275}, {""label"": ""gratitude"", ""score"": 0.002731552580371499}, {""label"": ""grief"", ""score"": 0.00042117098928429186}, {""label"": ""joy"", ""score"": 0.001345376018434763}, {""label"": ""love"", ""score"": 0.002855033613741398}, {""label"": ""nervousness"", ""score"": 0.0003366633609402925}, {""label"": ""optimism"", ""score"": 0.8090770840644836}, {""label"": ""pride"", ""score"": 0.0009976612636819482}, {""label"": ""realization"", ""score"": 0.010222487151622772}, {""label"": ""relief"", ""score"": 0.0005906830774620175}, {""label"": ""remorse"", ""score"": 0.002118307165801525}, {""label"": ""sadness"", ""score"": 0.001568435225635767}, {""label"": ""surprise"", ""score"": 0.000865569687448442}, {""label"": ""neutral"", ""score"": 0.15146614611148834}]",optimism,0.7272727272727273,Ce tweet a un score de fiabilité de 0.7%.
at://did:plc:peggukve2fsqhw2mju4kqaih/app.bsky.feed.post/3lt4wejszvs2e,https://bsky.app/profile/anarkyrules.bsky.social/post/3lt4wejszvs2e,bafyreibdeqo7p3khvpdxlnycudofmotomg27dbp2cowy33zqqn7suvz5le,Guy's doing everything except refusing to stop taking blood money from pro-apartheid groups like AIPAC.  Learn how political theater works because you're willfully defending garbage.,2025-07-04T09:25:59.386Z,2025-07-04T09:25:59.636Z,{},0,0,0,did:plc:peggukve2fsqhw2mju4kqaih,anarkyrules.bsky.social,Anarky Rules 🏴,0,0,0,2024-12-24T09:10:26.042Z,,False,,False,"""[]""",2025-07-04T10:10:32.352431Z,Vrai,"[0.09685009717941284, 0.9031499028205872]","[{""label"": ""admiration"", ""score"": 0.0018015159294009209}, {""label"": ""amusement"", ""score"": 0.0009628417319618165}, {""label"": ""anger"", ""score"": 0.037412162870168686}, {""label"": ""annoyance"", ""score"": 0.41133517026901245}, {""label"": ""approval"", ""score"": 0.03174545243382454}, {""label"": ""caring"", ""score"": 0.0015701402444392443}, {""label"": ""confusion"", ""score"": 0.0021519444417208433}, {""label"": ""curiosity"", ""score"": 0.0016013537533581257}, {""label"": ""desire"", ""score"": 0.0013641963014379144}, {""label"": ""disappointment"", ""score"": 0.03319459408521652}, {""label"": ""disapproval"", ""score"": 0.03950466960668564}, {""label"": ""disgust"", ""score"": 0.023283403366804123}, {""label"": ""embarrassment"", ""score"": 0.004408830311149359}, {""label"": ""excitement"", ""score"": 0.0004756239359267056}, {""label"": ""fear"", ""score"": 0.0008965407032519579}, {""label"": ""gratitude"", ""score"": 0.00033538564457558095}, {""label"": ""grief"", ""score"": 0.0003962040937040001}, {""label"": ""joy"", ""score"": 0.0003789704933296889}, {""label"": ""love"", ""score"": 0.00041171046905219555}, {""label"": ""nervousness"", ""score"": 0.00043497286969795823}, {""label"": ""optimism"", ""score"": 0.0029404782690107822}, {""label"": ""pride"", ""score"": 0.0003930263046640903}, {""label"": ""realization"", ""score"": 0.020492833107709885}, {""label"": ""relief"", ""score"": 0.0003355109947733581}, {""label"": ""remorse"", ""score"": 0.00036285133683122694}, {""label"": ""sadness"", ""score"": 0.0026874816976487637}, {""label"": ""surprise"", ""score"": 0.0010600403184071183}, {""label"": ""neutral"", ""score"": 0.6265696287155151}]",neutral,0.0,Ce tweet a un score de fiabilité de 0.0%.
at://did:plc:zjmr26onof5chusb5uoj2ge5/app.bsky.feed.post/3lt4wdev2o22a,https://bsky.app/profile/terrypasta.bsky.social/post/3lt4wdev2o22a,bafyreibv5ba6usser6j77ca3uqnsj2s3xhl436umiwynodj5es7olnia7y,British political journalism.,2025-07-04T09:25:20.649Z,2025-07-04T09:25:40.137Z,"""images=[Image(alt='', image=BlobRef(mime_type='image/jpeg', size=109582, ref=IpldLink(link='bafkreigws4uei5ocei55sirv5rhtzarekzjszezqdyhdrbdiqaino3l46i'), py_type='blob'), aspect_ratio=AspectRatio(height=178, width=784, py_type='app.bsky.embed.defs#aspectRatio'), py_type='app.bsky.embed.images#image'), Image(alt='', image=BlobRef(mime_type='image/jpeg', size=210751, ref=IpldLink(link='bafkreidymfoicewanh2x5l6npeizwwussg77msi4ab7mxrjnmkn3oo54yy'), py_type='blob'), aspect_ratio=AspectRatio(height=641, width=889, py_type='app.bsky.embed.defs#aspectRatio'), py_type='app.bsky.embed.images#image')] py_type='app.bsky.embed.images'""",1,0,0,did:plc:zjmr26onof5chusb5uoj2ge5,terrypasta.bsky.social,Tony Pizza,0,0,0,2023-09-08T06:38:30.407Z,,False,,False,"""[]""",2025-07-04T10:10:32.353431Z,Vrai,"[0.010563239455223083, 0.9894367456436157]","[{""label"": ""admiration"", ""score"": 0.006775916554033756}, {""label"": ""amusement"", ""score"": 0.0012404911685734987}, {""label"": ""anger"", ""score"": 0.0016292133368551731}, {""label"": ""annoyance"", ""score"": 0.008425835520029068}, {""label"": ""approval"", ""score"": 0.0277654267847538}, {""label"": ""caring"", ""score"": 0.00041676618275232613}, {""label"": ""confusion"", ""score"": 0.0020825346000492573}, {""label"": ""curiosity"", ""score"": 0.000793222920037806}, {""label"": ""desire"", ""score"": 0.0005954774096608162}, {""label"": ""disappointment"", ""score"": 0.005421497859060764}, {""label"": ""disapproval"", ""score"": 0.00872192345559597}, {""label"": ""disgust"", ""score"": 0.0024018599651753902}, {""label"": ""embarrassment"", ""score"": 0.0007957564666867256}, {""label"": ""excitement"", ""score"": 0.0012086819624528289}, {""label"": ""fear"", ""score"": 0.0009000855498015881}, {""label"": ""gratitude"", ""score"": 0.0008008196600712836}, {""label"": ""grief"", ""score"": 0.0002917820238508284}, {""label"": ""joy"", ""score"": 0.0011677948059514165}, {""label"": ""love"", ""score"": 0.0008420611848123372}, {""label"": ""nervousness"", ""score"": 0.00023135112132877111}, {""label"": ""optimism"", ""score"": 0.0016744560562074184}, {""label"": ""pride"", ""score"": 0.00040953524876385927}, {""label"": ""realization"", ""score"": 0.013550033792853355}, {""label"": ""relief"", ""score"": 0.0003906509664375335}, {""label"": ""remorse"", ""score"": 0.00026378751499578357}, {""label"": ""sadness"", ""score"": 0.001560953096486628}, {""label"": ""surprise"", ""score"": 0.0009306818246841431}, {""label"": ""neutral"", ""score"": 0.944115936756134}]",neutral,0.36363636363636365,Ce tweet a un score de fiabilité de 0.4%.
at://did:plc:utxvy6b5p6hymdewijfhphme/app.bsky.feed.post/3lt4wcy22d22h,https://bsky.app/profile/calcid.bsky.social/post/3lt4wcy22d22h,bafyreihbectn54n5hisb6cuj4iprvulk3lfwjitcqy2liqx5mnvf3nsa54,An American POTUS for only SOME of the people…   Trump is giving his cult members his authorization to abuse and reject people from another political party…..  (I hate them so it’s okay for you to hate them too…),2025-07-04T09:25:07.172Z,2025-07-04T09:25:09.236Z,"""images=[Image(alt='', image=BlobRef(mime_type='image/jpeg', size=634549, ref=IpldLink(link='bafkreie7l2ppmzpwyovffotvhl44dvpp73mhhdwtptxdamnsaci3h4tyzq'), py_type='blob'), aspect_ratio=AspectRatio(height=829, width=964, py_type='app.bsky.embed.defs#aspectRatio'), py_type='app.bsky.embed.images#image')] py_type='app.bsky.embed.images'""",1,1,0,did:plc:utxvy6b5p6hymdewijfhphme,calcid.bsky.social,calciD 🦋🐾🐘🇺🇸💙🇺🇦💉,0,0,0,2024-11-11T19:52:28.812Z,,False,,False,"""[]""",2025-07-04T10:10:32.353843Z,Vrai,"[0.1365983784198761, 0.8634015917778015]","[{""label"": ""admiration"", ""score"": 0.00256808171980083}, {""label"": ""amusement"", ""score"": 0.0017075901851058006}, {""label"": ""anger"", ""score"": 0.5513942837715149}, {""label"": ""annoyance"", ""score"": 0.2455364614725113}, {""label"": ""approval"", ""score"": 0.026454001665115356}, {""label"": ""caring"", ""score"": 0.0031467764638364315}, {""label"": ""confusion"", ""score"": 0.0026083283592015505}, {""label"": ""curiosity"", ""score"": 0.0028167320415377617}, {""label"": ""desire"", ""score"": 0.000981301418505609}, {""label"": ""disappointment"", ""score"": 0.006135026924312115}, {""label"": ""disapproval"", ""score"": 0.030153853818774223}, {""label"": ""disgust"", ""score"": 0.02708129957318306}, {""label"": ""embarrassment"", ""score"": 0.0023945714347064495}, {""label"": ""excitement"", ""score"": 0.000730386411305517}, {""label"": ""fear"", ""score"": 0.0013704978628084064}, {""label"": ""gratitude"", ""score"": 0.0005326045793481171}, {""label"": ""grief"", ""score"": 0.0005165735492482781}, {""label"": ""joy"", ""score"": 0.0010336983250454068}, {""label"": ""love"", ""score"": 0.001992454519495368}, {""label"": ""nervousness"", ""score"": 0.00029717289726249874}, {""label"": ""optimism"", ""score"": 0.0018012115033343434}, {""label"": ""pride"", ""score"": 0.00045728893019258976}, {""label"": ""realization"", ""score"": 0.005333753302693367}, {""label"": ""relief"", ""score"": 0.00023682937899138778}, {""label"": ""remorse"", ""score"": 0.000488988880533725}, {""label"": ""sadness"", ""score"": 0.0035957207437604666}, {""label"": ""surprise"", ""score"": 0.0006296967621892691}, {""label"": ""neutral"", ""score"": 0.28567618131637573}]",anger,1.66798418972332,Ce tweet a un score de fiabilité de 1.7%.
at://did:plc:kwtucfvy3bpc24xyam2ilqc2/app.bsky.feed.post/3lt4wb5lhwc2d,https://bsky.app/profile/kevinkosullivan.bsky.social/post/3lt4wb5lhwc2d,bafyreicmrqy45q63j2bcfzt2ptqwhl2dc37asrafj7v3um3bcjm32ospv4,"Speaking as someone who lives in a country where coalition governments are the norm and have been all my life, I find it odd that commentators in Britain frequently equate multi-party systems with chaos. Maybe take a moment to, you know, reflect on the catastrophe of your own political system.",2025-07-04T09:24:05.892Z,2025-07-04T09:24:11.539Z,{},3,0,2,did:plc:kwtucfvy3bpc24xyam2ilqc2,kevinkosullivan.bsky.social,Kevin O'Sullivan,0,0,0,2023-10-27T19:03:28.319Z,,False,,False,"""[]""",2025-07-04T10:10:32.354114Z,Vrai,"[0.0021064961329102516, 0.9978935122489929]","[{""label"": ""admiration"", ""score"": 0.0006561470800079405}, {""label"": ""amusement"", ""score"": 0.0007971897721290588}, {""label"": ""anger"", ""score"": 0.005234460346400738}, {""label"": ""annoyance"", ""score"": 0.1832854002714157}, {""label"": ""approval"", ""score"": 0.01660534366965294}, {""label"": ""caring"", ""score"": 0.0076246620155870914}, {""label"": ""confusion"", ""score"": 0.06622781604528427}, {""label"": ""curiosity"", ""score"": 0.06362631916999817}, {""label"": ""desire"", ""score"": 0.003026425838470459}, {""label"": ""disappointment"", ""score"": 0.07027892768383026}, {""label"": ""disapproval"", ""score"": 0.0227455273270607}, {""label"": ""disgust"", ""score"": 0.008165770210325718}, {""label"": ""embarrassment"", ""score"": 0.01101720705628395}, {""label"": ""excitement"", ""score"": 0.0007418557070195675}, {""label"": ""fear"", ""score"": 0.004221995826810598}, {""label"": ""gratitude"", ""score"": 0.0002710486587602645}, {""label"": ""grief"", ""score"": 0.0014532925561070442}, {""label"": ""joy"", ""score"": 0.000820478773675859}, {""label"": ""love"", ""score"": 0.00023161420540418476}, {""label"": ""nervousness"", ""score"": 0.007863229140639305}, {""label"": ""optimism"", ""score"": 0.01412755437195301}, {""label"": ""pride"", ""score"": 0.0003099936875514686}, {""label"": ""realization"", ""score"": 0.07115840166807175}, {""label"": ""relief"", ""score"": 0.0011767246760427952}, {""label"": ""remorse"", ""score"": 0.0012816546950489283}, {""label"": ""sadness"", ""score"": 0.014632264152169228}, {""label"": ""surprise"", ""score"": 0.00875683780759573}, {""label"": ""neutral"", ""score"": 0.4355033338069916}]",neutral,13.090909090909092,Ce tweet a un score de fiabilité de 13.1%.
at://did:plc:pwnt5cln3e6caklssojv4ij6/app.bsky.feed.post/3lt4waw3q2c26,https://bsky.app/profile/nikonurmi.bsky.social/post/3lt4waw3q2c26,bafyreigzcy6n3euinleohlordbrmgjhlgoouxxdxuo2w5hh22ewkhrdfg4,Kill another green law? The EU wants to continue protecting polluters spreading greenwashing lies. Finally political momentum is on our side to stop this. Sign to demand the anti-greenwashing law. action.wemove.eu/sign/2025-07...,2025-07-04T09:23:58.037Z,2025-07-04T09:24:02.940Z,"""external=External(description='Kill another green law? The EU wants to continue protecting polluters spreading greenwashing lies. Finally political momentum is on our side to stop this. Sign to demand the anti-greenwashing law.', title='No more \u201cgreen\u201d lies! Don\u2019t let the EU kill the anti-greenwashing law.', uri='https://action.wemove.eu/sign/2025-07-antigreenwashing-directive-petition-EN?variation=119&akid=s6344020..KaWBF6', thumb=BlobRef(mime_type='image/jpeg', size=524451, ref=IpldLink(link='bafkreiatn3njs2tkm7pn7yhdl2sy5umt6x3xpkais7yiz433adzfu3i2u4'), py_type='blob'), py_type='app.bsky.embed.external#external') py_type='app.bsky.embed.external'""",0,0,0,did:plc:pwnt5cln3e6caklssojv4ij6,nikonurmi.bsky.social,NikoNurmi,0,0,0,2025-03-02T12:13:22.945Z,,False,,False,"""[]""",2025-07-04T10:10:32.354331Z,Vrai,"[0.0394713468849659, 0.9605286717414856]","[{""label"": ""admiration"", ""score"": 0.0016839979216456413}, {""label"": ""amusement"", ""score"": 0.0004929915885441005}, {""label"": ""anger"", ""score"": 0.002944828011095524}, {""label"": ""annoyance"", ""score"": 0.018479641526937485}, {""label"": ""approval"", ""score"": 0.1468077301979065}, {""label"": ""caring"", ""score"": 0.0038647360634058714}, {""label"": ""confusion"", ""score"": 0.03288692981004715}, {""label"": ""curiosity"", ""score"": 0.0952862799167633}, {""label"": ""desire"", ""score"": 0.012852080166339874}, {""label"": ""disappointment"", ""score"": 0.004153320100158453}, {""label"": ""disapproval"", ""score"": 0.012715266086161137}, {""label"": ""disgust"", ""score"": 0.001028468948788941}, {""label"": ""embarrassment"", ""score"": 0.00031061909976415336}, {""label"": ""excitement"", ""score"": 0.0015789128374308348}, {""label"": ""fear"", ""score"": 0.0007361075258813798}, {""label"": ""gratitude"", ""score"": 0.0002150461805285886}, {""label"": ""grief"", ""score"": 0.00022939361224416643}, {""label"": ""joy"", ""score"": 0.0006083790794946253}, {""label"": ""love"", ""score"": 0.0009232826996594667}, {""label"": ""nervousness"", ""score"": 0.0004140225937590003}, {""label"": ""optimism"", ""score"": 0.018010180443525314}, {""label"": ""pride"", ""score"": 0.0001908539270516485}, {""label"": ""realization"", ""score"": 0.010561616159975529}, {""label"": ""relief"", ""score"": 0.0003708678123075515}, {""label"": ""remorse"", ""score"": 0.00024312899040523916}, {""label"": ""sadness"", ""score"": 0.0009736286010593176}, {""label"": ""surprise"", ""score"": 0.0009408761980012059}, {""label"": ""neutral"", ""score"": 0.6617394685745239}]",neutral,0.0,Ce tweet a un score de fiabilité de 0.0%.
at://did:plc:pulr66frrfnblxw6drwrptdr/app.bsky.feed.post/3lt4wakjjek2i,https://bsky.app/profile/neecie.bsky.social/post/3lt4wakjjek2i,bafyreidlxozmelzn2l3ons7pdjrgh4zgndqqlc4zcj3wkdv7ex4wiuenfa,Kill another green law? The EU wants to continue protecting polluters spreading greenwashing lies. Finally political momentum is on our side to stop this. Sign to demand the anti-greenwashing law. action.wemove.eu/sign/2025-07...,2025-07-04T09:23:45.906Z,2025-07-04T09:23:50.937Z,"""external=External(description='Kill another green law? The EU wants to continue protecting polluters spreading greenwashing lies. Finally political momentum is on our side to stop this. Sign to demand the anti-greenwashing law.', title='No more \u201cgreen\u201d lies! Don\u2019t let the EU kill the anti-greenwashing law.', uri='https://action.wemove.eu/sign/2025-07-antigreenwashing-directive-petition-EN?akid=s6344015..jMRQfz', thumb=BlobRef(mime_type='image/jpeg', size=285534, ref=IpldLink(link='bafkreigaan3ypvdl6ejgbuh2u74mbkwbbztcofwipbyoildwdd4i46ixtm'), py_type='blob'), py_type='app.bsky.embed.external#external') py_type='app.bsky.embed.external'""",0,0,0,did:plc:pulr66frrfnblxw6drwrptdr,neecie.bsky.social,Neecie,0,0,0,2024-11-12T19:18:25.504Z,,False,,False,"""[]""",2025-07-04T10:10:32.354489Z,Vrai,"[0.0394713468849659, 0.9605286717414856]","[{""label"": ""admiration"", ""score"": 0.0016839979216456413}, {""label"": ""amusement"", ""score"": 0.0004929915885441005}, {""label"": ""anger"", ""score"": 0.002944828011095524}, {""label"": ""annoyance"", ""score"": 0.018479641526937485}, {""label"": ""approval"", ""score"": 0.1468077301979065}, {""label"": ""caring"", ""score"": 0.0038647360634058714}, {""label"": ""confusion"", ""score"": 0.03288692981004715}, {""label"": ""curiosity"", ""score"": 0.0952862799167633}, {""label"": ""desire"", ""score"": 0.012852080166339874}, {""label"": ""disappointment"", ""score"": 0.004153320100158453}, {""label"": ""disapproval"", ""score"": 0.012715266086161137}, {""label"": ""disgust"", ""score"": 0.001028468948788941}, {""label"": ""embarrassment"", ""score"": 0.00031061909976415336}, {""label"": ""excitement"", ""score"": 0.0015789128374308348}, {""label"": ""fear"", ""score"": 0.0007361075258813798}, {""label"": ""gratitude"", ""score"": 0.0002150461805285886}, {""label"": ""grief"", ""score"": 0.00022939361224416643}, {""label"": ""joy"", ""score"": 0.0006083790794946253}, {""label"": ""love"", ""score"": 0.0009232826996594667}, {""label"": ""nervousness"", ""score"": 0.0004140225937590003}, {""label"": ""optimism"", ""score"": 0.018010180443525314}, {""label"": ""pride"", ""score"": 0.0001908539270516485}, {""label"": ""realization"", ""score"": 0.010561616159975529}, {""label"": ""relief"", ""score"": 0.0003708678123075515}, {""label"": ""remorse"", ""score"": 0.00024312899040523916}, {""label"": ""sadness"", ""score"": 0.0009736286010593176}, {""label"": ""surprise"", ""score"": 0.0009408761980012059}, {""label"": ""neutral"", ""score"": 0.6617394685745239}]",neutral,0.0,Ce tweet a un score de fiabilité de 0.0%.
at://did:plc:wralmkkkgianodeh6on7x6qr/app.bsky.feed.post/3lt4wafwwws2a,https://bsky.app/profile/little-writer.bsky.social/post/3lt4wafwwws2a,bafyreiboz6kndjjhpd54muvfxxmd5g5lgbm73vhwccswfevn3cxp34pyeq,"We see this all over the world. I'm starting to believe there is no ""WE, the people"". Even in my own country, there is no majority. Political parties win only by a fraction. The people are divided, and the wolves take advantage of that. The real problem is all those people willingly empowering them.",2025-07-04T09:23:41.104Z,2025-07-04T09:23:11.441Z,{},0,0,0,did:plc:wralmkkkgianodeh6on7x6qr,little-writer.bsky.social,Johnny Nys,0,0,0,2024-11-18T08:53:25.445Z,,False,,False,"""[]""",2025-07-04T10:10:32.354680Z,Vrai,"[0.06207408756017685, 0.9379259347915649]","[{""label"": ""admiration"", ""score"": 0.0020486980210989714}, {""label"": ""amusement"", ""score"": 0.0008429402369074523}, {""label"": ""anger"", ""score"": 0.003102512564510107}, {""label"": ""annoyance"", ""score"": 0.10031141340732574}, {""label"": ""approval"", ""score"": 0.0761680155992508}, {""label"": ""caring"", ""score"": 0.0015046978369355202}, {""label"": ""confusion"", ""score"": 0.03745106980204582}, {""label"": ""curiosity"", ""score"": 0.0018516151467338204}, {""label"": ""desire"", ""score"": 0.0020117699168622494}, {""label"": ""disappointment"", ""score"": 0.3052891492843628}, {""label"": ""disapproval"", ""score"": 0.11006557196378708}, {""label"": ""disgust"", ""score"": 0.005036151502281427}, {""label"": ""embarrassment"", ""score"": 0.007082981523126364}, {""label"": ""excitement"", ""score"": 0.0006718928925693035}, {""label"": ""fear"", ""score"": 0.0024104637559503317}, {""label"": ""gratitude"", ""score"": 0.0006302326219156384}, {""label"": ""grief"", ""score"": 0.0013333949027583003}, {""label"": ""joy"", ""score"": 0.0014199967263266444}, {""label"": ""love"", ""score"": 0.001049576560035348}, {""label"": ""nervousness"", ""score"": 0.003847117070108652}, {""label"": ""optimism"", ""score"": 0.016575561836361885}, {""label"": ""pride"", ""score"": 0.0009539130260236561}, {""label"": ""realization"", ""score"": 0.23083946108818054}, {""label"": ""relief"", ""score"": 0.002701503923162818}, {""label"": ""remorse"", ""score"": 0.002677418291568756}, {""label"": ""sadness"", ""score"": 0.015045900829136372}, {""label"": ""surprise"", ""score"": 0.00359959714114666}, {""label"": ""neutral"", ""score"": 0.41001516580581665}]",neutral,0.0,Ce tweet a un score de fiabilité de 0.0%.
at://did:plc:aizvlkqtxpxgosviro5pjzzx/app.bsky.feed.post/3lt4w7vk6x22c,https://bsky.app/profile/bagpuss.org/post/3lt4w7vk6x22c,bafyreid5jaeuej3ytmoyjm7gbmtymylug466bfjwgv6ijpxrcrildo4fqm,"2/ I occasionally make online games, and some were political in nature such as Seven Bins Sunak, Tory, Or Not Tory, Portillogeddon (with @christhebarker.bsky.social) and Rishi's Noted or Not. Links where you can play these at the end of the thread.",2025-07-04T09:23:23.902Z,2025-07-04T09:23:28.260Z,{},2,0,1,did:plc:aizvlkqtxpxgosviro5pjzzx,bagpuss.org,Dave Bagpuss Forsey 🍺,0,0,0,2023-09-18T19:58:16.815Z,,False,,False,"""[]""",2025-07-04T10:10:32.354761Z,Vrai,"[0.002481266390532255, 0.99751877784729]","[{""label"": ""admiration"", ""score"": 0.0012608993565663695}, {""label"": ""amusement"", ""score"": 0.0016832365654408932}, {""label"": ""anger"", ""score"": 0.0008999256533570588}, {""label"": ""annoyance"", ""score"": 0.005799677222967148}, {""label"": ""approval"", ""score"": 0.03174342215061188}, {""label"": ""caring"", ""score"": 0.0007712314836680889}, {""label"": ""confusion"", ""score"": 0.028324773535132408}, {""label"": ""curiosity"", ""score"": 0.003554405178874731}, {""label"": ""desire"", ""score"": 0.000792132574133575}, {""label"": ""disappointment"", ""score"": 0.0031638536602258682}, {""label"": ""disapproval"", ""score"": 0.01010463759303093}, {""label"": ""disgust"", ""score"": 0.0012337150983512402}, {""label"": ""embarrassment"", ""score"": 0.0004878313629887998}, {""label"": ""excitement"", ""score"": 0.0009828591719269753}, {""label"": ""fear"", ""score"": 0.0007694879896007478}, {""label"": ""gratitude"", ""score"": 0.0006563747301697731}, {""label"": ""grief"", ""score"": 0.00022441592591349036}, {""label"": ""joy"", ""score"": 0.0013459732290357351}, {""label"": ""love"", ""score"": 0.0010250370251014829}, {""label"": ""nervousness"", ""score"": 0.0003243201645091176}, {""label"": ""optimism"", ""score"": 0.0035394092556089163}, {""label"": ""pride"", ""score"": 0.0001910445571411401}, {""label"": ""realization"", ""score"": 0.020865289494395256}, {""label"": ""relief"", ""score"": 0.00037651401362381876}, {""label"": ""remorse"", ""score"": 0.0003202060470357537}, {""label"": ""sadness"", ""score"": 0.0009518013685010374}, {""label"": ""surprise"", ""score"": 0.0008810985018499196}, {""label"": ""neutral"", ""score"": 0.9323728680610657}]",neutral,6.7272727272727275,Ce tweet a un score de fiabilité de 6.7%.
at://did:plc:nyzftgzjrw56nxobfxwcakqk/app.bsky.feed.post/3lt4w7qwggk2a,https://bsky.app/profile/theo-c.bsky.social/post/3lt4w7qwggk2a,bafyreif5h3xeoupuffa3a5ubxrxl4t3q44frobho2yvhhb6nmjwpvpcq4a,"a #tsunami of #feelings such as #anger. #Cy political entity -& not only- is a private club, seeking for their well being only. There was a rape incident that #Cy was slapped bit times from #EU. Listen to the 20mns link Cc @cypresidency.bsky.social  soundcloud.com/politis1076/...",2025-07-04T09:23:19.067Z,2025-07-04T09:23:26.937Z,"""external=External(description='\u039d\u03ad\u03b1 \u03ba\u03b1\u03b9 \u03b5\u03b9\u03b4\u03ae\u03c3\u03b5\u03b9\u03c2 \u03b1\u03c0\u03cc \u03c4\u03b7\u03bd \u03b5\u03c0\u03b9\u03ba\u03b1\u03b9\u03c1\u03cc\u03c4\u03b7\u03c4\u03b1 \u03c4\u03b7\u03c2 \u039a\u03cd\u03c0\u03c1\u03bf\u03c5.', title='\u03a0\u03a1\u03a9\u0399\u039d\u0397 \u0395\u03a0\u0399\u0398\u0395\u03a9\u03a1\u0397\u03a3\u0397 \u0391\u03a7\u0399\u039b\u039b\u0395\u0391\u03a3 \u0394\u0397\u039c\u0397\u03a4\u03a1\u0399\u0391\u0394\u0397\u03a3 04-07-2025', uri='https://soundcloud.com/politis1076/proini-epitheorisi-achilleas-2?si=13028a765cba46e9a595f639361f53a7&utm_source=clipboard&utm_medium=text&utm_campaign=social_sharing', thumb=BlobRef(mime_type='image/jpeg', size=720315, ref=IpldLink(link='bafkreidkm53ivmhkh6lp7kw2cpia2bb32gfrdffu6uucbyn43x6mps4sva'), py_type='blob'), py_type='app.bsky.embed.external#external') py_type='app.bsky.embed.external'""",0,0,0,did:plc:nyzftgzjrw56nxobfxwcakqk,theo-c.bsky.social,Theo,0,0,0,2024-11-05T20:15:50.379Z,,False,,False,"""[]""",2025-07-04T10:10:32.355245Z,Faux,"[0.8719046711921692, 0.1280953586101532]","[{""label"": ""admiration"", ""score"": 0.0017331779235973954}, {""label"": ""amusement"", ""score"": 0.0022764066234230995}, {""label"": ""anger"", ""score"": 0.0034557085018604994}, {""label"": ""annoyance"", ""score"": 0.015574286691844463}, {""label"": ""approval"", ""score"": 0.017159458249807358}, {""label"": ""caring"", ""score"": 0.0011850150767713785}, {""label"": ""confusion"", ""score"": 0.0016424362547695637}, {""label"": ""curiosity"", ""score"": 0.0011071000481024384}, {""label"": ""desire"", ""score"": 0.0013385096099227667}, {""label"": ""disappointment"", ""score"": 0.0077672251500189304}, {""label"": ""disapproval"", ""score"": 0.0061709280125796795}, {""label"": ""disgust"", ""score"": 0.005239326972514391}, {""label"": ""embarrassment"", ""score"": 0.0018952569225803018}, {""label"": ""excitement"", ""score"": 0.0011021512327715755}, {""label"": ""fear"", ""score"": 0.002183468546718359}, {""label"": ""gratitude"", ""score"": 0.00043043214827775955}, {""label"": ""grief"", ""score"": 0.0007922004442662001}, {""label"": ""joy"", ""score"": 0.0014090241165831685}, {""label"": ""love"", ""score"": 0.0010988222202286124}, {""label"": ""nervousness"", ""score"": 0.000578438164666295}, {""label"": ""optimism"", ""score"": 0.0016781457234174013}, {""label"": ""pride"", ""score"": 0.0003691816527862102}, {""label"": ""realization"", ""score"": 0.012256362475454807}, {""label"": ""relief"", ""score"": 0.00046994310105219483}, {""label"": ""remorse"", ""score"": 0.0006295185885392129}, {""label"": ""sadness"", ""score"": 0.00719546340405941}, {""label"": ""surprise"", ""score"": 0.0009175091981887817}, {""label"": ""neutral"", ""score"": 0.9543337821960449}]",neutral,0.0,Ce tweet a un score de fiabilité de 0.0%.
at://did:plc:cvexecmzyr4hei7aw4nfb2hj/app.bsky.feed.post/3lt4w5xggkc2j,https://bsky.app/profile/mizenrob.bsky.social/post/3lt4w5xggkc2j,bafyreihcoz36bagrixuwgg5r7tm2qbpvhps7f5zfxskjywzlir22ordi5y,Kill another green law? The EU wants to continue protecting polluters spreading greenwashing lies. Finally political momentum is on our side to stop this. Sign to demand the anti-greenwashing law. action.wemove.eu/sign/2025-07...,2025-07-04T09:22:18.772Z,2025-07-04T09:22:22.041Z,"""external=External(description='Kill another green law? The EU wants to continue protecting polluters spreading greenwashing lies. Finally political momentum is on our side to stop this. Sign to demand the anti-greenwashing law.', title='No more \u201cgreen\u201d lies! Don\u2019t let the EU kill the anti-greenwashing law.', uri='https://action.wemove.eu/sign/2025-07-antigreenwashing-directive-petition-EN?akid=s6343994..OH_ZJP', thumb=BlobRef(mime_type='image/jpeg', size=286343, ref=IpldLink(link='bafkreidbji46qkhknenbspuy5l3mwbky6g5myk42ddww3mwfedc5azvluu'), py_type='blob'), py_type='app.bsky.embed.external#external') py_type='app.bsky.embed.external'""",0,0,0,did:plc:cvexecmzyr4hei7aw4nfb2hj,mizenrob.bsky.social,,0,0,0,2024-11-17T10:35:56.643Z,,False,,False,"""[]""",2025-07-04T10:10:32.356301Z,Vrai,"[0.0394713468849659, 0.9605286717414856]","[{""label"": ""admiration"", ""score"": 0.0016839979216456413}, {""label"": ""amusement"", ""score"": 0.0004929915885441005}, {""label"": ""anger"", ""score"": 0.002944828011095524}, {""label"": ""annoyance"", ""score"": 0.018479641526937485}, {""label"": ""approval"", ""score"": 0.1468077301979065}, {""label"": ""caring"", ""score"": 0.0038647360634058714}, {""label"": ""confusion"", ""score"": 0.03288692981004715}, {""label"": ""curiosity"", ""score"": 0.0952862799167633}, {""label"": ""desire"", ""score"": 0.012852080166339874}, {""label"": ""disappointment"", ""score"": 0.004153320100158453}, {""label"": ""disapproval"", ""score"": 0.012715266086161137}, {""label"": ""disgust"", ""score"": 0.001028468948788941}, {""label"": ""embarrassment"", ""score"": 0.00031061909976415336}, {""label"": ""excitement"", ""score"": 0.0015789128374308348}, {""label"": ""fear"", ""score"": 0.0007361075258813798}, {""label"": ""gratitude"", ""score"": 0.0002150461805285886}, {""label"": ""grief"", ""score"": 0.00022939361224416643}, {""label"": ""joy"", ""score"": 0.0006083790794946253}, {""label"": ""love"", ""score"": 0.0009232826996594667}, {""label"": ""nervousness"", ""score"": 0.0004140225937590003}, {""label"": ""optimism"", ""score"": 0.018010180443525314}, {""label"": ""pride"", ""score"": 0.0001908539270516485}, {""label"": ""realization"", ""score"": 0.010561616159975529}, {""label"": ""relief"", ""score"": 0.0003708678123075515}, {""label"": ""remorse"", ""score"": 0.00024312899040523916}, {""label"": ""sadness"", ""score"": 0.0009736286010593176}, {""label"": ""surprise"", ""score"": 0.0009408761980012059}, {""label"": ""neutral"", ""score"": 0.6617394685745239}]",neutral,0.0,Ce tweet a un score de fiabilité de 0.0%.
at://did:plc:xu7uky7gpiul3yrhi2ftblzv/app.bsky.feed.post/3lt4w5iwmqs2r,https://bsky.app/profile/clacksee.bsky.social/post/3lt4w5iwmqs2r,bafyreih3unglgh7r6yusq6pi2m2czwddx5wdkelvjhw724ybqqh7o3qmxe,"Because Starmer appeared to be the living embodiment of the colour beige (He’s actually much worse, but that’s beside the point here).  Because people actually got together to vote tactically in 2024.  Because 2017 & 2019 were about political purity more than they were about ousting the Tories.",2025-07-04T09:22:03.575Z,2025-07-04T09:22:04.537Z,{},1,0,1,did:plc:xu7uky7gpiul3yrhi2ftblzv,clacksee.bsky.social,Shouty person,0,0,0,2024-02-07T09:26:40.082Z,,False,,False,"""[]""",2025-07-04T10:10:32.356356Z,Vrai,"[0.009979913011193275, 0.9900200366973877]","[{""label"": ""admiration"", ""score"": 0.0033035508822649717}, {""label"": ""amusement"", ""score"": 0.0009144123760052025}, {""label"": ""anger"", ""score"": 0.0017110034823417664}, {""label"": ""annoyance"", ""score"": 0.035090237855911255}, {""label"": ""approval"", ""score"": 0.09220661222934723}, {""label"": ""caring"", ""score"": 0.0008210622472688556}, {""label"": ""confusion"", ""score"": 0.004416019655764103}, {""label"": ""curiosity"", ""score"": 0.0007383142365142703}, {""label"": ""desire"", ""score"": 0.0016029159305617213}, {""label"": ""disappointment"", ""score"": 0.024371787905693054}, {""label"": ""disapproval"", ""score"": 0.021937184035778046}, {""label"": ""disgust"", ""score"": 0.0073899212293326855}, {""label"": ""embarrassment"", ""score"": 0.0018594488501548767}, {""label"": ""excitement"", ""score"": 0.0004657495010178536}, {""label"": ""fear"", ""score"": 0.0010438492754474282}, {""label"": ""gratitude"", ""score"": 0.0009098531445488334}, {""label"": ""grief"", ""score"": 0.0004707727930508554}, {""label"": ""joy"", ""score"": 0.000593795848544687}, {""label"": ""love"", ""score"": 0.0009702427196316421}, {""label"": ""nervousness"", ""score"": 0.0005032665212638676}, {""label"": ""optimism"", ""score"": 0.007660667411983013}, {""label"": ""pride"", ""score"": 0.0006333813653327525}, {""label"": ""realization"", ""score"": 0.10311629623174667}, {""label"": ""relief"", ""score"": 0.0009027209016494453}, {""label"": ""remorse"", ""score"": 0.0006315570208244026}, {""label"": ""sadness"", ""score"": 0.0028920385520905256}, {""label"": ""surprise"", ""score"": 0.0009974540444090962}, {""label"": ""neutral"", ""score"": 0.7579320073127747}]",neutral,6.363636363636363,Ce tweet a un score de fiabilité de 6.4%.
at://did:plc:wjiansgduwbzlzmheyazez44/app.bsky.feed.post/3lt4w5f4ikc25,https://bsky.app/profile/freebesieged.bsky.social/post/3lt4w5f4ikc25,bafyreicirmujlq4wgz3qae7cknnm5kp65xvo7quamqsl5kctkn3z25lnya,"""What we know about Zarah Sultana’s new political party""  www.independent.co.uk/news/uk/poli...",2025-07-04T09:21:59.573Z,2025-07-04T09:22:03.335Z,"""external=External(description='Zarah Sultana announced the formation of a new political party - here is everything we know so far', title='What we know about Zarah Sultana\u2019s new political party and Jeremy Corbyn\u2019s role', uri='https://www.independent.co.uk/news/uk/politics/zarah-sultana-jeremy-corbyn-political-party-labour-b2782532.html', thumb=BlobRef(mime_type='image/jpeg', size=934346, ref=IpldLink(link='bafkreierymf2rnviz3hmgqyhpudkhrbrqh4p4zhgqhtexykab2tdhagg64'), py_type='blob'), py_type='app.bsky.embed.external#external') py_type='app.bsky.embed.external'""",0,0,0,did:plc:wjiansgduwbzlzmheyazez44,freebesieged.bsky.social,Freebesieged,0,0,0,2024-10-17T10:04:42.111Z,,False,,False,"""[]""",2025-07-04T10:10:32.356434Z,Vrai,"[0.0008340612985193729, 0.9991660118103027]","[{""label"": ""admiration"", ""score"": 0.0022916083689779043}, {""label"": ""amusement"", ""score"": 0.0014557224931195378}, {""label"": ""anger"", ""score"": 0.0013003777712583542}, {""label"": ""annoyance"", ""score"": 0.0053960359655320644}, {""label"": ""approval"", ""score"": 0.015726197510957718}, {""label"": ""caring"", ""score"": 0.0006158274482004344}, {""label"": ""confusion"", ""score"": 0.009948989376425743}, {""label"": ""curiosity"", ""score"": 0.014618993736803532}, {""label"": ""desire"", ""score"": 0.0012699129292741418}, {""label"": ""disappointment"", ""score"": 0.002439833013340831}, {""label"": ""disapproval"", ""score"": 0.0026368817780166864}, {""label"": ""disgust"", ""score"": 0.0014268835075199604}, {""label"": ""embarrassment"", ""score"": 0.0005854514893144369}, {""label"": ""excitement"", ""score"": 0.0032640330027788877}, {""label"": ""fear"", ""score"": 0.0009177540196105838}, {""label"": ""gratitude"", ""score"": 0.00044497870840132236}, {""label"": ""grief"", ""score"": 0.0002779275819193572}, {""label"": ""joy"", ""score"": 0.001227911445312202}, {""label"": ""love"", ""score"": 0.001124065020121634}, {""label"": ""nervousness"", ""score"": 0.0003343263815622777}, {""label"": ""optimism"", ""score"": 0.0018004169687628746}, {""label"": ""pride"", ""score"": 0.00017168560589198023}, {""label"": ""realization"", ""score"": 0.007563384249806404}, {""label"": ""relief"", ""score"": 0.00024069244682323188}, {""label"": ""remorse"", ""score"": 0.00022711502970196307}, {""label"": ""sadness"", ""score"": 0.0012872159713879228}, {""label"": ""surprise"", ""score"": 0.0024614762514829636}, {""label"": ""neutral"", ""score"": 0.9442833065986633}]",neutral,0.0,Ce tweet a un score de fiabilité de 0.0%.
at://did:plc:4jgycjvdlaf3h3xjyxcwjzxm/app.bsky.feed.post/3lt4w45j3vs25,https://bsky.app/profile/azery.bsky.social/post/3lt4w45j3vs25,bafyreibdupjm52lrhxjhwhjdhauzmetf2hfhwbgndoelbni2j63uf4cq4i,"there is no political will to get involved because there is no domestic will for any country to get into a war right now. we are a selfish, craven people.",2025-07-04T09:21:18.044Z,2025-07-04T09:21:21.540Z,{},4,0,1,did:plc:4jgycjvdlaf3h3xjyxcwjzxm,azery.bsky.social,az,0,0,0,2024-03-31T16:57:56.145Z,,False,,False,"""[]""",2025-07-04T10:10:32.356858Z,Faux,"[0.9993994235992432, 0.0006005722098052502]","[{""label"": ""admiration"", ""score"": 0.001567572238855064}, {""label"": ""amusement"", ""score"": 0.0010532737942412496}, {""label"": ""anger"", ""score"": 0.24365156888961792}, {""label"": ""annoyance"", ""score"": 0.5361729860305786}, {""label"": ""approval"", ""score"": 0.015724698081612587}, {""label"": ""caring"", ""score"": 0.002107099397107959}, {""label"": ""confusion"", ""score"": 0.0025014113634824753}, {""label"": ""curiosity"", ""score"": 0.0014011593302711844}, {""label"": ""desire"", ""score"": 0.0018094590632244945}, {""label"": ""disappointment"", ""score"": 0.03615233674645424}, {""label"": ""disapproval"", ""score"": 0.17708244919776917}, {""label"": ""disgust"", ""score"": 0.019824199378490448}, {""label"": ""embarrassment"", ""score"": 0.0033960456494241953}, {""label"": ""excitement"", ""score"": 0.0007102417293936014}, {""label"": ""fear"", ""score"": 0.0008020431851036847}, {""label"": ""gratitude"", ""score"": 0.001801802427507937}, {""label"": ""grief"", ""score"": 0.0004530431760940701}, {""label"": ""joy"", ""score"": 0.0008310085395351052}, {""label"": ""love"", ""score"": 0.00048582549788989127}, {""label"": ""nervousness"", ""score"": 0.00040831841761246324}, {""label"": ""optimism"", ""score"": 0.003114667721092701}, {""label"": ""pride"", ""score"": 0.0005019446834921837}, {""label"": ""realization"", ""score"": 0.009084157645702362}, {""label"": ""relief"", ""score"": 0.0004019513144157827}, {""label"": ""remorse"", ""score"": 0.0007782228058204055}, {""label"": ""sadness"", ""score"": 0.004443725571036339}, {""label"": ""surprise"", ""score"": 0.0009754666243679821}, {""label"": ""neutral"", ""score"": 0.16637717187404633}]",annoyance,7.454545454545454,Ce tweet a un score de fiabilité de 7.5%.
at://did:plc:qbxj3evhkripsfdb6ggd4nvi/app.bsky.feed.post/3lt4w3zcm722n,https://bsky.app/profile/thea-inanimate.bsky.social/post/3lt4w3zcm722n,bafyreid7tjayc7qm7icqal73ubhaxv7lp4sqqgbis636trkuvodk3qryca,"Political post: As the UK's Online Safety Act 2023 is being rolled out you're going to see a wave of people dealing with being blocked from accessing content that service providers deem NSFW without verifying their age and identity.  Remember there is no truly safe way to do this, don't get doxed.",2025-07-04T09:21:13.636Z,2025-07-04T09:21:16.037Z,{},1,0,1,did:plc:qbxj3evhkripsfdb6ggd4nvi,thea-inanimate.bsky.social,Thea Inanimate 🔞,0,0,0,2023-09-13T23:21:18.904Z,,False,,False,"""[]""",2025-07-04T10:10:32.356954Z,Vrai,"[0.003260721219703555, 0.9967393279075623]","[{""label"": ""admiration"", ""score"": 0.0011262258049100637}, {""label"": ""amusement"", ""score"": 0.0010298641864210367}, {""label"": ""anger"", ""score"": 0.006314439233392477}, {""label"": ""annoyance"", ""score"": 0.044317759573459625}, {""label"": ""approval"", ""score"": 0.05562262237071991}, {""label"": ""caring"", ""score"": 0.040182214230298996}, {""label"": ""confusion"", ""score"": 0.002219647401943803}, {""label"": ""curiosity"", ""score"": 0.0006703013787046075}, {""label"": ""desire"", ""score"": 0.0015068615321069956}, {""label"": ""disappointment"", ""score"": 0.0073385946452617645}, {""label"": ""disapproval"", ""score"": 0.22961190342903137}, {""label"": ""disgust"", ""score"": 0.00145734753459692}, {""label"": ""embarrassment"", ""score"": 0.000832910358440131}, {""label"": ""excitement"", ""score"": 0.0004638932296074927}, {""label"": ""fear"", ""score"": 0.0019618109799921513}, {""label"": ""gratitude"", ""score"": 0.0007308570784516633}, {""label"": ""grief"", ""score"": 0.0005601079319603741}, {""label"": ""joy"", ""score"": 0.0009356068912893534}, {""label"": ""love"", ""score"": 0.0005610670777969062}, {""label"": ""nervousness"", ""score"": 0.0010234738001599908}, {""label"": ""optimism"", ""score"": 0.008632192388176918}, {""label"": ""pride"", ""score"": 0.00039689987897872925}, {""label"": ""realization"", ""score"": 0.026844963431358337}, {""label"": ""relief"", ""score"": 0.0016959856729954481}, {""label"": ""remorse"", ""score"": 0.0005714300204999745}, {""label"": ""sadness"", ""score"": 0.0039052350912243128}, {""label"": ""surprise"", ""score"": 0.0005118210683576763}, {""label"": ""neutral"", ""score"": 0.7209975719451904}]",neutral,6.363636363636363,Ce tweet a un score de fiabilité de 6.4%.
at://did:plc:hghfikkznmzmv7m4duvkwrvq/app.bsky.feed.post/3lt4w3xqqik2w,https://bsky.app/profile/alexefctoffee.bsky.social/post/3lt4w3xqqik2w,bafyreiattqlxmcllb3fqbkrrr6yzf7evx6lxvjzmrqbgxfwrm4bcrkqxhe,It’s amazing how the right bang on about free speech until they hear something they don’t agree with.  There is no such thing as the left in the political world anymore. We are left with far right facists or the likes of labour who are now what the conservatives used to be.  Scary times.,2025-07-04T09:21:11.992Z,2025-07-04T09:21:17.039Z,"""images=[Image(alt='', image=BlobRef(mime_type='image/jpeg', size=839114, ref=IpldLink(link='bafkreiawwu455nt3vry2uryci7crvsnay5io4xcn7wv7pxtvyt7hxdp2iq'), py_type='blob'), aspect_ratio=AspectRatio(height=1447, width=1170, py_type='app.bsky.embed.defs#aspectRatio'), py_type='app.bsky.embed.images#image')] py_type='app.bsky.embed.images'""",1,0,1,did:plc:hghfikkznmzmv7m4duvkwrvq,alexefctoffee.bsky.social,Alex Gray,0,0,0,2024-11-13T06:14:47.583Z,,False,,False,"""[]""",2025-07-04T10:10:32.357138Z,Vrai,"[0.06976325809955597, 0.9302367568016052]","[{""label"": ""admiration"", ""score"": 0.12631702423095703}, {""label"": ""amusement"", ""score"": 0.004220863804221153}, {""label"": ""anger"", ""score"": 0.004778139293193817}, {""label"": ""annoyance"", ""score"": 0.0258389450609684}, {""label"": ""approval"", ""score"": 0.03948277235031128}, {""label"": ""caring"", ""score"": 0.002104502171278}, {""label"": ""confusion"", ""score"": 0.011311770416796207}, {""label"": ""curiosity"", ""score"": 0.005963810253888369}, {""label"": ""desire"", ""score"": 0.002097443211823702}, {""label"": ""disappointment"", ""score"": 0.030328597873449326}, {""label"": ""disapproval"", ""score"": 0.030768902972340584}, {""label"": ""disgust"", ""score"": 0.022328615188598633}, {""label"": ""embarrassment"", ""score"": 0.005667543038725853}, {""label"": ""excitement"", ""score"": 0.014361889101564884}, {""label"": ""fear"", ""score"": 0.6504604816436768}, {""label"": ""gratitude"", ""score"": 0.00042422572732903063}, {""label"": ""grief"", ""score"": 0.0029545112047344446}, {""label"": ""joy"", ""score"": 0.005797720514237881}, {""label"": ""love"", ""score"": 0.0019117520423606038}, {""label"": ""nervousness"", ""score"": 0.0294969379901886}, {""label"": ""optimism"", ""score"": 0.010086843743920326}, {""label"": ""pride"", ""score"": 0.0028366725891828537}, {""label"": ""realization"", ""score"": 0.061835166066884995}, {""label"": ""relief"", ""score"": 0.003113116603344679}, {""label"": ""remorse"", ""score"": 0.00036814314080402255}, {""label"": ""sadness"", ""score"": 0.008781179785728455}, {""label"": ""surprise"", ""score"": 0.055681437253952026}, {""label"": ""neutral"", ""score"": 0.06975679844617844}]",fear,6.363636363636363,Ce tweet a un score de fiabilité de 6.4%.
at://did:plc:wlpy63gip2dcrtuccujwhtj6/app.bsky.feed.post/3lt4w3f6qok2k,https://bsky.app/profile/freedompress.bsky.social/post/3lt4w3f6qok2k,bafyreihd4nhcservk5u35oail5sdotikuc73bn3wugnp2scgxypculcwze,"Spiked online's front page today. Nothing. Oh except a piece about Glasto with a pic of Kneecap - currently being blacklisted and prosecuted - with accompanying article claiming Bob Vylan - blacklisted and investigated - is ""conformist"" even as the entire media and political landscape condemns them",2025-07-04T09:20:52.373Z,2025-07-04T09:21:00.635Z,"""images=[Image(alt='', image=BlobRef(mime_type='image/jpeg', size=997614, ref=IpldLink(link='bafkreidp5frjva42jctesoedw4z3udkpc3zug3zruawlfzcfedyrdcbhdu'), py_type='blob'), aspect_ratio=AspectRatio(height=1235, width=2000, py_type='app.bsky.embed.defs#aspectRatio'), py_type='app.bsky.embed.images#image')] py_type='app.bsky.embed.images'""",4,0,1,did:plc:wlpy63gip2dcrtuccujwhtj6,freedompress.bsky.social,Freedom Press,0,0,0,2023-08-25T15:38:42.578Z,,False,,False,"""[]""",2025-07-04T10:10:32.357284Z,Vrai,"[0.42213132977485657, 0.577868640422821]","[{""label"": ""admiration"", ""score"": 0.001650029793381691}, {""label"": ""amusement"", ""score"": 0.0010442829225212336}, {""label"": ""anger"", ""score"": 0.005436374340206385}, {""label"": ""annoyance"", ""score"": 0.03997761756181717}, {""label"": ""approval"", ""score"": 0.02277137152850628}, {""label"": ""caring"", ""score"": 0.000919204147066921}, {""label"": ""confusion"", ""score"": 0.0011775101302191615}, {""label"": ""curiosity"", ""score"": 0.00042429371387697756}, {""label"": ""desire"", ""score"": 0.000731544743757695}, {""label"": ""disappointment"", ""score"": 0.01796453632414341}, {""label"": ""disapproval"", ""score"": 0.052406955510377884}, {""label"": ""disgust"", ""score"": 0.0039797271601855755}, {""label"": ""embarrassment"", ""score"": 0.0017616115510463715}, {""label"": ""excitement"", ""score"": 0.00040163801168091595}, {""label"": ""fear"", ""score"": 0.0009188434341922402}, {""label"": ""gratitude"", ""score"": 0.0006690615555271506}, {""label"": ""grief"", ""score"": 0.00047907777479849756}, {""label"": ""joy"", ""score"": 0.0006685876869596541}, {""label"": ""love"", ""score"": 0.0005100347334519029}, {""label"": ""nervousness"", ""score"": 0.00031633800244890153}, {""label"": ""optimism"", ""score"": 0.001984572736546397}, {""label"": ""pride"", ""score"": 0.00034195915213786066}, {""label"": ""realization"", ""score"": 0.016865774989128113}, {""label"": ""relief"", ""score"": 0.00045422386028803885}, {""label"": ""remorse"", ""score"": 0.0006009628996253014}, {""label"": ""sadness"", ""score"": 0.0045977090485394}, {""label"": ""surprise"", ""score"": 0.0005004904232919216}, {""label"": ""neutral"", ""score"": 0.8867222666740417}]",neutral,7.454545454545454,Ce tweet a un score de fiabilité de 7.5%.
at://did:plc:nw4cn45yzdxo4tghfjvin2xc/app.bsky.feed.post/3lt4vzqvwfs2o,https://bsky.app/profile/mockneypiers.bsky.social/post/3lt4vzqvwfs2o,bafyreigxnvl7lufizgwkimwgw4udogv2xhehr4mgmrmltfuqbmjga3pdhy,"The sheer arrogance that another sovereign country should fuck itself over to solve a domestic political issue. They're aware its a sovereign country right, right?",2025-07-04T09:19:57.723Z,2025-07-04T09:19:58.238Z,{},0,0,0,did:plc:nw4cn45yzdxo4tghfjvin2xc,mockneypiers.bsky.social,Piersy,0,0,0,2023-11-22T15:01:01.042Z,,False,,False,"""[]""",2025-07-04T10:10:32.357798Z,Vrai,"[0.008058068342506886, 0.9919419288635254]","[{""label"": ""admiration"", ""score"": 0.0021554045379161835}, {""label"": ""amusement"", ""score"": 0.0033551924861967564}, {""label"": ""anger"", ""score"": 0.1798163205385208}, {""label"": ""annoyance"", ""score"": 0.3994506001472473}, {""label"": ""approval"", ""score"": 0.01590023562312126}, {""label"": ""caring"", ""score"": 0.0013960340293124318}, {""label"": ""confusion"", ""score"": 0.1177300363779068}, {""label"": ""curiosity"", ""score"": 0.21728625893592834}, {""label"": ""desire"", ""score"": 0.001020896597765386}, {""label"": ""disappointment"", ""score"": 0.011919991113245487}, {""label"": ""disapproval"", ""score"": 0.01673566922545433}, {""label"": ""disgust"", ""score"": 0.011607247404754162}, {""label"": ""embarrassment"", ""score"": 0.004083277191966772}, {""label"": ""excitement"", ""score"": 0.0012917754938825965}, {""label"": ""fear"", ""score"": 0.0017349148401990533}, {""label"": ""gratitude"", ""score"": 0.0002758920891210437}, {""label"": ""grief"", ""score"": 0.00048466678708791733}, {""label"": ""joy"", ""score"": 0.0008603229071013629}, {""label"": ""love"", ""score"": 0.0006421253201551735}, {""label"": ""nervousness"", ""score"": 0.0009960486786440015}, {""label"": ""optimism"", ""score"": 0.003871453693136573}, {""label"": ""pride"", ""score"": 0.00023532287741545588}, {""label"": ""realization"", ""score"": 0.013571140356361866}, {""label"": ""relief"", ""score"": 0.00020991850760765374}, {""label"": ""remorse"", ""score"": 0.0002657119766809046}, {""label"": ""sadness"", ""score"": 0.0014186468906700611}, {""label"": ""surprise"", ""score"": 0.015429881401360035}, {""label"": ""neutral"", ""score"": 0.28291621804237366}]",annoyance,0.0,Ce tweet a un score de fiabilité de 0.0%.
at://did:plc:x6ztrt3hnqbeoqxfok4drhs3/app.bsky.feed.post/3lt4vzb4ogs2r,https://bsky.app/profile/canaryjim.bsky.social/post/3lt4vzb4ogs2r,bafyreid34om5k3jipyv3pxxwdrq3rusu32v5bcqyqb5ehdsqwlao2rwgqy,Kill another green law? The EU wants to continue protecting polluters spreading greenwashing lies. Finally political momentum is on our side to stop this. Sign to demand the anti-greenwashing law. action.wemove.eu/sign/2025-07...,2025-07-04T09:19:41.167Z,2025-07-04T09:19:48.036Z,"""external=External(description='Kill another green law? The EU wants to continue protecting polluters spreading greenwashing lies. Finally political momentum is on our side to stop this. Sign to demand the anti-greenwashing law.', title='No more \u201cgreen\u201d lies! Don\u2019t let the EU kill the anti-greenwashing law.', uri='https://action.wemove.eu/sign/2025-07-antigreenwashing-directive-petition-EN?akid=s6343963..D7RiKn', thumb=BlobRef(mime_type='image/jpeg', size=286343, ref=IpldLink(link='bafkreihf5rj6wdzdz26ybwlbcpvjeaigrtwdzlj4vpypiobn3y5tohjzjy'), py_type='blob'), py_type='app.bsky.embed.external#external') py_type='app.bsky.embed.external'""",0,0,0,did:plc:x6ztrt3hnqbeoqxfok4drhs3,canaryjim.bsky.social,CanaryJim 🌍💙💚🇺🇦🇵🇸,0,0,0,2024-11-23T08:45:36.946Z,,False,,False,"""[]""",2025-07-04T10:10:32.358056Z,Vrai,"[0.0394713468849659, 0.9605286717414856]","[{""label"": ""admiration"", ""score"": 0.0016839979216456413}, {""label"": ""amusement"", ""score"": 0.0004929915885441005}, {""label"": ""anger"", ""score"": 0.002944828011095524}, {""label"": ""annoyance"", ""score"": 0.018479641526937485}, {""label"": ""approval"", ""score"": 0.1468077301979065}, {""label"": ""caring"", ""score"": 0.0038647360634058714}, {""label"": ""confusion"", ""score"": 0.03288692981004715}, {""label"": ""curiosity"", ""score"": 0.0952862799167633}, {""label"": ""desire"", ""score"": 0.012852080166339874}, {""label"": ""disappointment"", ""score"": 0.004153320100158453}, {""label"": ""disapproval"", ""score"": 0.012715266086161137}, {""label"": ""disgust"", ""score"": 0.001028468948788941}, {""label"": ""embarrassment"", ""score"": 0.00031061909976415336}, {""label"": ""excitement"", ""score"": 0.0015789128374308348}, {""label"": ""fear"", ""score"": 0.0007361075258813798}, {""label"": ""gratitude"", ""score"": 0.0002150461805285886}, {""label"": ""grief"", ""score"": 0.00022939361224416643}, {""label"": ""joy"", ""score"": 0.0006083790794946253}, {""label"": ""love"", ""score"": 0.0009232826996594667}, {""label"": ""nervousness"", ""score"": 0.0004140225937590003}, {""label"": ""optimism"", ""score"": 0.018010180443525314}, {""label"": ""pride"", ""score"": 0.0001908539270516485}, {""label"": ""realization"", ""score"": 0.010561616159975529}, {""label"": ""relief"", ""score"": 0.0003708678123075515}, {""label"": ""remorse"", ""score"": 0.00024312899040523916}, {""label"": ""sadness"", ""score"": 0.0009736286010593176}, {""label"": ""surprise"", ""score"": 0.0009408761980012059}, {""label"": ""neutral"", ""score"": 0.6617394685745239}]",neutral,0.0,Ce tweet a un score de fiabilité de 0.0%.
at://did:plc:app2oh6i5xcglsiioysicqih/app.bsky.feed.post/3lt4vzgabs22u,https://bsky.app/profile/csalliance.bsky.social/post/3lt4vzgabs22u,bafyreiho75cxmqjdmmudgsvffdppjzkr7jjnksschfsonf7tasu47lwc7e,"We heard from @annadixonmp.bsky.social‬ : “We must build political consensus on social care, and raise public awareness of how important care and support is. People who draw on and provide care are too often invisible. We have to change that and celebrate the value of care and support.” (2/5)",2025-07-04T09:19:23.767Z,2025-07-04T09:20:55.753Z,"""images=[Image(alt='Photo of Anna Dixon MP speaking into a microphone. ', image=BlobRef(mime_type='image/jpeg', size=920332, ref=IpldLink(link='bafkreiamjotqmeafakp5mtsxd4udvjc5crevgovhmripdlcddeue36ruoy'), py_type='blob'), aspect_ratio=AspectRatio(height=1333, width=2000, py_type='app.bsky.embed.defs#aspectRatio'), py_type='app.bsky.embed.images#image')] py_type='app.bsky.embed.images'""",0,0,1,did:plc:app2oh6i5xcglsiioysicqih,csalliance.bsky.social,Care and Support Alliance,0,0,0,2024-12-19T11:51:26.618Z,,False,,False,"""[]""",2025-07-04T10:10:32.358653Z,Vrai,"[0.002793688327074051, 0.9972062706947327]","[{""label"": ""admiration"", ""score"": 0.020709307864308357}, {""label"": ""amusement"", ""score"": 0.0010813423432409763}, {""label"": ""anger"", ""score"": 0.0012728312285616994}, {""label"": ""annoyance"", ""score"": 0.013616305775940418}, {""label"": ""approval"", ""score"": 0.33109715580940247}, {""label"": ""caring"", ""score"": 0.02426864393055439}, {""label"": ""confusion"", ""score"": 0.0008570676436647773}, {""label"": ""curiosity"", ""score"": 0.0006514185224659741}, {""label"": ""desire"", ""score"": 0.029276037588715553}, {""label"": ""disappointment"", ""score"": 0.007670457940548658}, {""label"": ""disapproval"", ""score"": 0.00722232460975647}, {""label"": ""disgust"", ""score"": 0.0013989285798743367}, {""label"": ""embarrassment"", ""score"": 0.0012175715528428555}, {""label"": ""excitement"", ""score"": 0.002619560342282057}, {""label"": ""fear"", ""score"": 0.0010457339230924845}, {""label"": ""gratitude"", ""score"": 0.001723268418572843}, {""label"": ""grief"", ""score"": 0.0007774348487146199}, {""label"": ""joy"", ""score"": 0.003105116542428732}, {""label"": ""love"", ""score"": 0.0018774281488731503}, {""label"": ""nervousness"", ""score"": 0.001135287107899785}, {""label"": ""optimism"", ""score"": 0.06814216822385788}, {""label"": ""pride"", ""score"": 0.006081977393478155}, {""label"": ""realization"", ""score"": 0.1200130507349968}, {""label"": ""relief"", ""score"": 0.005863134283572435}, {""label"": ""remorse"", ""score"": 0.0014200553996488452}, {""label"": ""sadness"", ""score"": 0.002319062827154994}, {""label"": ""surprise"", ""score"": 0.0006984546780586243}, {""label"": ""neutral"", ""score"": 0.5059976577758789}]",neutral,6.0,Ce tweet a un score de fiabilité de 6.0%.
at://did:plc:lx3y5n4jw7hpatentfmg6dzg/app.bsky.feed.post/3lt4vyds5ac26,https://bsky.app/profile/frhoffmann.bsky.social/post/3lt4vyds5ac26,bafyreihbarli5u4dalmq23m4nujed7zpmg4ttpcjyx7jzr3uf7lkvhohjq,"Europe needs a crash program for a mass-producible, low- to medium-cost cruise missile with a range of 500-1,000 km and a payload capacity above 100 kg.  Europe has forgotten that things can move quickly when there is political will and when idiosyncratic industrial interests are set aside.  1/2",2025-07-04T09:19:10.413Z,2025-07-04T09:19:10.739Z,{},110,23,5,did:plc:lx3y5n4jw7hpatentfmg6dzg,frhoffmann.bsky.social,Fabian Hoffmann,0,0,0,2023-10-02T15:01:57.415Z,,False,,False,"""[]""",2025-07-04T10:10:32.358755Z,Vrai,"[0.001280512660741806, 0.9987195730209351]","[{""label"": ""admiration"", ""score"": 0.0023972440976649523}, {""label"": ""amusement"", ""score"": 0.001672110753133893}, {""label"": ""anger"", ""score"": 0.002600728999823332}, {""label"": ""annoyance"", ""score"": 0.03988363593816757}, {""label"": ""approval"", ""score"": 0.039581310003995895}, {""label"": ""caring"", ""score"": 0.001622441690415144}, {""label"": ""confusion"", ""score"": 0.0051660058088600636}, {""label"": ""curiosity"", ""score"": 0.0007202186970971525}, {""label"": ""desire"", ""score"": 0.0018671118887141347}, {""label"": ""disappointment"", ""score"": 0.10136384516954422}, {""label"": ""disapproval"", ""score"": 0.013381656259298325}, {""label"": ""disgust"", ""score"": 0.002447278704494238}, {""label"": ""embarrassment"", ""score"": 0.006195379421114922}, {""label"": ""excitement"", ""score"": 0.00045860090176574886}, {""label"": ""fear"", ""score"": 0.0012082353932783008}, {""label"": ""gratitude"", ""score"": 0.0008297892054542899}, {""label"": ""grief"", ""score"": 0.0013347758213058114}, {""label"": ""joy"", ""score"": 0.0014497173251584172}, {""label"": ""love"", ""score"": 0.0010941728251054883}, {""label"": ""nervousness"", ""score"": 0.0016380097949877381}, {""label"": ""optimism"", ""score"": 0.01111171767115593}, {""label"": ""pride"", ""score"": 0.0011369859566912055}, {""label"": ""realization"", ""score"": 0.4038877487182617}, {""label"": ""relief"", ""score"": 0.0024523851461708546}, {""label"": ""remorse"", ""score"": 0.0034848263021558523}, {""label"": ""sadness"", ""score"": 0.012179856188595295}, {""label"": ""surprise"", ""score"": 0.002746566431596875}, {""label"": ""neutral"", ""score"": 0.6286630630493164}]",neutral,100.0,Ce tweet a un score de fiabilité de 100.0%.
at://did:plc:svlg3xmowz7eid77dbeixl66/app.bsky.feed.post/3lt4vxsbpnc2m,https://bsky.app/profile/catjoe.bsky.social/post/3lt4vxsbpnc2m,bafyreiafyd57cqhcihu7jbxucjj4gisbq7ceb65wtikjrxcme4xlvphzgq,"💙🐈‍⬛🐈💙  ICE has become a standing army facing inward. It will become Trumps personal army to put down riots, political dissent and any organization that opposes Trump. All in the name of national security of course.",2025-07-04T09:18:52.050Z,2025-07-04T09:18:53.139Z,{},1,0,0,did:plc:svlg3xmowz7eid77dbeixl66,catjoe.bsky.social,Cat Joe💙 🌊 #brotherly_cats_are_awesome,0,0,0,2024-11-23T23:04:46.745Z,,False,,False,"""[]""",2025-07-04T10:10:32.359340Z,Faux,"[0.9363975524902344, 0.06360246986150742]","[{""label"": ""admiration"", ""score"": 0.009590310975909233}, {""label"": ""amusement"", ""score"": 0.0008679049205966294}, {""label"": ""anger"", ""score"": 0.0035974292550235987}, {""label"": ""annoyance"", ""score"": 0.014531802386045456}, {""label"": ""approval"", ""score"": 0.40697959065437317}, {""label"": ""caring"", ""score"": 0.01775258034467697}, {""label"": ""confusion"", ""score"": 0.0010485053062438965}, {""label"": ""curiosity"", ""score"": 0.000839585904031992}, {""label"": ""desire"", ""score"": 0.003929471597075462}, {""label"": ""disappointment"", ""score"": 0.0033606309443712234}, {""label"": ""disapproval"", ""score"": 0.011379226110875607}, {""label"": ""disgust"", ""score"": 0.0023496958892792463}, {""label"": ""embarrassment"", ""score"": 0.0005016932846046984}, {""label"": ""excitement"", ""score"": 0.0007985678967088461}, {""label"": ""fear"", ""score"": 0.0015819562831893563}, {""label"": ""gratitude"", ""score"": 0.0007185934227891266}, {""label"": ""grief"", ""score"": 0.00042672702693380415}, {""label"": ""joy"", ""score"": 0.000545405549928546}, {""label"": ""love"", ""score"": 0.002112501533702016}, {""label"": ""nervousness"", ""score"": 0.0004733322421088815}, {""label"": ""optimism"", ""score"": 0.029740411788225174}, {""label"": ""pride"", ""score"": 0.0010325813200324774}, {""label"": ""realization"", ""score"": 0.029815342277288437}, {""label"": ""relief"", ""score"": 0.0011058762902393937}, {""label"": ""remorse"", ""score"": 0.0005487119778990746}, {""label"": ""sadness"", ""score"": 0.0015950326342135668}, {""label"": ""surprise"", ""score"": 0.00036752913729287684}, {""label"": ""neutral"", ""score"": 0.705705463886261}]",neutral,0.36363636363636365,Ce tweet a un score de fiabilité de 0.4%.
at://did:plc:swklcpa5n3k32kixcdzomebs/app.bsky.feed.post/3lt4vxh5sxu26,https://bsky.app/profile/amnestyuk.bsky.social/post/3lt4vxh5sxu26,bafyreiggzs27i2gstbqa5jyvek5uuuh35i6csm6sw5m44t2gd36yy2fzl4,"One year in, human rights are still waiting for their moment. Promises need action. And people, not political posturing, must come first.  We’ll keep holding the UK government to account. ✊🏽",2025-07-04T09:18:37.959Z,2025-07-04T09:18:41.495Z,{},13,0,1,did:plc:swklcpa5n3k32kixcdzomebs,amnestyuk.bsky.social,Amnesty International UK,0,0,0,2023-07-08T08:33:37.241Z,,False,,False,"""[]""",2025-07-04T10:10:32.359473Z,Faux,"[0.8837015628814697, 0.11629843711853027]","[{""label"": ""admiration"", ""score"": 0.02954178862273693}, {""label"": ""amusement"", ""score"": 0.0008146006730385125}, {""label"": ""anger"", ""score"": 0.0037350456696003675}, {""label"": ""annoyance"", ""score"": 0.011617536656558514}, {""label"": ""approval"", ""score"": 0.5734635591506958}, {""label"": ""caring"", ""score"": 0.16013464331626892}, {""label"": ""confusion"", ""score"": 0.004088279325515032}, {""label"": ""curiosity"", ""score"": 0.007378163747489452}, {""label"": ""desire"", ""score"": 0.06365492939949036}, {""label"": ""disappointment"", ""score"": 0.004590969532728195}, {""label"": ""disapproval"", ""score"": 0.019323596730828285}, {""label"": ""disgust"", ""score"": 0.0010975745972245932}, {""label"": ""embarrassment"", ""score"": 0.0006033136160112917}, {""label"": ""excitement"", ""score"": 0.003297138726338744}, {""label"": ""fear"", ""score"": 0.0014266259968280792}, {""label"": ""gratitude"", ""score"": 0.0026569587644189596}, {""label"": ""grief"", ""score"": 0.0007819001330062747}, {""label"": ""joy"", ""score"": 0.0016884617507457733}, {""label"": ""love"", ""score"": 0.014688609167933464}, {""label"": ""nervousness"", ""score"": 0.0009716914501041174}, {""label"": ""optimism"", ""score"": 0.4342576861381531}, {""label"": ""pride"", ""score"": 0.0034147987607866526}, {""label"": ""realization"", ""score"": 0.027914615347981453}, {""label"": ""relief"", ""score"": 0.002419755794107914}, {""label"": ""remorse"", ""score"": 0.002011895412579179}, {""label"": ""sadness"", ""score"": 0.001737710670568049}, {""label"": ""surprise"", ""score"": 0.0007101771188899875}, {""label"": ""neutral"", ""score"": 0.20785580575466156}]",approval,10.727272727272727,Ce tweet a un score de fiabilité de 10.7%.
at://did:plc:swklcpa5n3k32kixcdzomebs/app.bsky.feed.post/3lt4vxh5p2s26,https://bsky.app/profile/amnestyuk.bsky.social/post/3lt4vxh5p2s26,bafyreiavoqwi37n6jl2g63p6b6ssiel324owzkdximqhbw63yrogopsktu,"👉🏽 Social Security  No one should face stigma or be punished for needing support to pay for food and housing.  But, the UK government has announced more cuts to social security, continuing decades of political choices that have broken the system people rely on to make ends meet when they can’t work.",2025-07-04T09:18:37.954Z,2025-07-04T09:18:41.386Z,{},11,0,1,did:plc:swklcpa5n3k32kixcdzomebs,amnestyuk.bsky.social,Amnesty International UK,0,0,0,2023-07-08T08:33:37.241Z,,False,,False,"""[]""",2025-07-04T10:10:32.359692Z,Vrai,"[0.004378343932330608, 0.9956216216087341]","[{""label"": ""admiration"", ""score"": 0.0025053429417312145}, {""label"": ""amusement"", ""score"": 0.0008835668559186161}, {""label"": ""anger"", ""score"": 0.002950432011857629}, {""label"": ""annoyance"", ""score"": 0.03581652417778969}, {""label"": ""approval"", ""score"": 0.036372702568769455}, {""label"": ""caring"", ""score"": 0.00238872691988945}, {""label"": ""confusion"", ""score"": 0.00418271217495203}, {""label"": ""curiosity"", ""score"": 0.0012574286665767431}, {""label"": ""desire"", ""score"": 0.0029469819273799658}, {""label"": ""disappointment"", ""score"": 0.5259004831314087}, {""label"": ""disapproval"", ""score"": 0.04175230860710144}, {""label"": ""disgust"", ""score"": 0.0024714376777410507}, {""label"": ""embarrassment"", ""score"": 0.004798699636012316}, {""label"": ""excitement"", ""score"": 0.0009916017297655344}, {""label"": ""fear"", ""score"": 0.00294585176743567}, {""label"": ""gratitude"", ""score"": 0.0004553393227979541}, {""label"": ""grief"", ""score"": 0.0028998430352658033}, {""label"": ""joy"", ""score"": 0.0029753337148576975}, {""label"": ""love"", ""score"": 0.0036201663315296173}, {""label"": ""nervousness"", ""score"": 0.004926571622490883}, {""label"": ""optimism"", ""score"": 0.008445195853710175}, {""label"": ""pride"", ""score"": 0.0007395489956252277}, {""label"": ""realization"", ""score"": 0.0708070918917656}, {""label"": ""relief"", ""score"": 0.0038556933868676424}, {""label"": ""remorse"", ""score"": 0.006457064766436815}, {""label"": ""sadness"", ""score"": 0.13166627287864685}, {""label"": ""surprise"", ""score"": 0.0019762960728257895}, {""label"": ""neutral"", ""score"": 0.3532056212425232}]",disappointment,10.0,Ce tweet a un score de fiabilité de 10.0%.
at://did:plc:74m5ikrt3wn2236revhxfuok/app.bsky.feed.post/3lt4vuuktrk2t,https://bsky.app/profile/yggdrasillygoose.bsky.social/post/3lt4vuuktrk2t,bafyreiec4nnixqjwlaxb6oabgjdlugzpuhkj27ihnhrwtwuzt63giw7fja,"It's a genuine miracle that the Disney execs let them make a show this high quality with such solid complex political bite to it  No forced cheap cameos, no sanding down the edges, just a complex unflinching take on what it really looks like to rebel against a fascist empire",2025-07-04T09:17:13.780Z,2025-07-04T09:17:15.938Z,{},1,0,0,did:plc:74m5ikrt3wn2236revhxfuok,yggdrasillygoose.bsky.social,Yggdrasilly Goose,0,0,0,2024-10-17T01:22:41.612Z,,False,,False,"""[]""",2025-07-04T10:10:32.359971Z,Vrai,"[0.004189200699329376, 0.995810866355896]","[{""label"": ""admiration"", ""score"": 0.5849781632423401}, {""label"": ""amusement"", ""score"": 0.0009688903810456395}, {""label"": ""anger"", ""score"": 0.001617545261979103}, {""label"": ""annoyance"", ""score"": 0.01186073012650013}, {""label"": ""approval"", ""score"": 0.12714533507823944}, {""label"": ""caring"", ""score"": 0.0021473965607583523}, {""label"": ""confusion"", ""score"": 0.0008583589224144816}, {""label"": ""curiosity"", ""score"": 0.0012055615661665797}, {""label"": ""desire"", ""score"": 0.004000342916697264}, {""label"": ""disappointment"", ""score"": 0.0068255155347287655}, {""label"": ""disapproval"", ""score"": 0.007924367673695087}, {""label"": ""disgust"", ""score"": 0.0014581979485228658}, {""label"": ""embarrassment"", ""score"": 0.0008746646926738322}, {""label"": ""excitement"", ""score"": 0.020557329058647156}, {""label"": ""fear"", ""score"": 0.0006921207532286644}, {""label"": ""gratitude"", ""score"": 0.00792577676475048}, {""label"": ""grief"", ""score"": 0.0007066115504130721}, {""label"": ""joy"", ""score"": 0.004356365650892258}, {""label"": ""love"", ""score"": 0.0004501477815210819}, {""label"": ""nervousness"", ""score"": 0.00025229857419617474}, {""label"": ""optimism"", ""score"": 0.026945296674966812}, {""label"": ""pride"", ""score"": 0.014528846368193626}, {""label"": ""realization"", ""score"": 0.02207644097507}, {""label"": ""relief"", ""score"": 0.004260226618498564}, {""label"": ""remorse"", ""score"": 0.00030710030114278197}, {""label"": ""sadness"", ""score"": 0.0008687169756740332}, {""label"": ""surprise"", ""score"": 0.03796166926622391}, {""label"": ""neutral"", ""score"": 0.19947874546051025}]",admiration,0.36363636363636365,Ce tweet a un score de fiabilité de 0.4%.
at://did:plc:52krcbp7onu3qhuo246mt6ss/app.bsky.feed.post/3lt4vurir422h,https://bsky.app/profile/heinzgortzig.bsky.social/post/3lt4vurir422h,bafyreibkytds722wxqbbvvpmcyhd4u6wkutpx5bhuk4qgferjmlin6raii,"He is also listed om Epstines flight log and we have a photo of him on his Islanf, and it isnt only her, two others have also reported him.  It isnt political, the Democratic leadership benefit to much from Trump to do that. (or did before they ruined their own public image)",2025-07-04T09:17:10.569Z,2025-07-04T09:17:11.235Z,{},0,0,0,did:plc:52krcbp7onu3qhuo246mt6ss,heinzgortzig.bsky.social,SwedishSocialist,0,0,0,2024-11-20T09:02:26.669Z,,False,,False,"""[]""",2025-07-04T10:10:32.789962Z,Vrai,"[0.11431475728750229, 0.8856852054595947]","[{""label"": ""admiration"", ""score"": 0.0025493765715509653}, {""label"": ""amusement"", ""score"": 0.0008120733546093106}, {""label"": ""anger"", ""score"": 0.0013972423039376736}, {""label"": ""annoyance"", ""score"": 0.014707301743328571}, {""label"": ""approval"", ""score"": 0.05830416455864906}, {""label"": ""caring"", ""score"": 0.0010079180356115103}, {""label"": ""confusion"", ""score"": 0.003014905145391822}, {""label"": ""curiosity"", ""score"": 0.0005072411149740219}, {""label"": ""desire"", ""score"": 0.0007041197386570275}, {""label"": ""disappointment"", ""score"": 0.007938132621347904}, {""label"": ""disapproval"", ""score"": 0.06313726305961609}, {""label"": ""disgust"", ""score"": 0.0012503976467996836}, {""label"": ""embarrassment"", ""score"": 0.0005601723096333444}, {""label"": ""excitement"", ""score"": 0.0004678535624407232}, {""label"": ""fear"", ""score"": 0.00044954594341106713}, {""label"": ""gratitude"", ""score"": 0.0008586072362959385}, {""label"": ""grief"", ""score"": 0.00025000362074933946}, {""label"": ""joy"", ""score"": 0.0008023962727747858}, {""label"": ""love"", ""score"": 0.0004983344115316868}, {""label"": ""nervousness"", ""score"": 0.0002238652086816728}, {""label"": ""optimism"", ""score"": 0.0029010092839598656}, {""label"": ""pride"", ""score"": 0.00032761742477305233}, {""label"": ""realization"", ""score"": 0.03176320344209671}, {""label"": ""relief"", ""score"": 0.0005949166952632368}, {""label"": ""remorse"", ""score"": 0.00031656670034863055}, {""label"": ""sadness"", ""score"": 0.0012938891304656863}, {""label"": ""surprise"", ""score"": 0.0005372482119128108}, {""label"": ""neutral"", ""score"": 0.8760467171669006}]",neutral,0.0,Ce tweet a un score de fiabilité de 0.0%.
at://did:plc:a53bss7f6jnsbdwffk2z54eu/app.bsky.feed.post/3lt4vujjeas2y,https://bsky.app/profile/mcladjuster.bsky.social/post/3lt4vujjeas2y,bafyreifbdb5xpq2n2fvgmiocki2ieoqvtmoqd7y7tx4vrcjbiuzjspmkzm,"Honestly, this is such sh*te. These op-polls assume that Ref can field 100s of genuinely credible candidates (which they can't), that the election is tomorrow, not 4 years away, and that the disgruntlement of a tiny sample after years of political let-downs shows a mass shift to the far right. Crap.",2025-07-04T09:17:02.200Z,2025-07-04T09:17:03.437Z,{},0,0,0,did:plc:a53bss7f6jnsbdwffk2z54eu,mcladjuster.bsky.social,Paul R,0,0,0,2024-11-13T15:41:52.485Z,,False,,False,"""[]""",2025-07-04T10:10:32.790050Z,Vrai,"[0.0007411250844597816, 0.999258816242218]","[{""label"": ""admiration"", ""score"": 0.0021304625552147627}, {""label"": ""amusement"", ""score"": 0.00445026159286499}, {""label"": ""anger"", ""score"": 0.06754682958126068}, {""label"": ""annoyance"", ""score"": 0.5853525400161743}, {""label"": ""approval"", ""score"": 0.017940552905201912}, {""label"": ""caring"", ""score"": 0.0008353306329809129}, {""label"": ""confusion"", ""score"": 0.001932270941324532}, {""label"": ""curiosity"", ""score"": 0.0007788478978909552}, {""label"": ""desire"", ""score"": 0.0014623216120526195}, {""label"": ""disappointment"", ""score"": 0.05803121626377106}, {""label"": ""disapproval"", ""score"": 0.060810111463069916}, {""label"": ""disgust"", ""score"": 0.03950982540845871}, {""label"": ""embarrassment"", ""score"": 0.008038751780986786}, {""label"": ""excitement"", ""score"": 0.0008043890120461583}, {""label"": ""fear"", ""score"": 0.0006726777646690607}, {""label"": ""gratitude"", ""score"": 0.0006686603301204741}, {""label"": ""grief"", ""score"": 0.00033227785024791956}, {""label"": ""joy"", ""score"": 0.0008557408000342548}, {""label"": ""love"", ""score"": 0.00041690145735628903}, {""label"": ""nervousness"", ""score"": 0.00041186119779013097}, {""label"": ""optimism"", ""score"": 0.003939716145396233}, {""label"": ""pride"", ""score"": 0.0006346941227093339}, {""label"": ""realization"", ""score"": 0.01993974857032299}, {""label"": ""relief"", ""score"": 0.00046697197831235826}, {""label"": ""remorse"", ""score"": 0.00048442379920743406}, {""label"": ""sadness"", ""score"": 0.002082323655486107}, {""label"": ""surprise"", ""score"": 0.0016034814761951566}, {""label"": ""neutral"", ""score"": 0.31057989597320557}]",annoyance,0.0,Ce tweet a un score de fiabilité de 0.0%.
at://did:plc:mkbvmm72qfa352qxqzfnud7l/app.bsky.feed.post/3lt4vt2iym222,https://bsky.app/profile/sqpt.bsky.social/post/3lt4vt2iym222,bafyreiau2o42kpj6u7cizkzwhnm7zdixv6ymaq4xs3mzhgajtfrbe3b6tq,The GOP bill “reflects a political system that favors indulging voters over prudence.”  Ray Dalio,2025-07-04T09:16:12.904Z,2025-07-04T09:16:13.239Z,{},0,0,0,did:plc:mkbvmm72qfa352qxqzfnud7l,sqpt.bsky.social,Townsley,0,0,0,2024-11-15T11:39:00.417Z,,False,,False,"""[]""",2025-07-04T10:10:32.790456Z,Vrai,"[0.003364053787663579, 0.9966359734535217]","[{""label"": ""admiration"", ""score"": 0.0035680518485605717}, {""label"": ""amusement"", ""score"": 0.001056202221661806}, {""label"": ""anger"", ""score"": 0.0009980038739740849}, {""label"": ""annoyance"", ""score"": 0.006776114925742149}, {""label"": ""approval"", ""score"": 0.0638948529958725}, {""label"": ""caring"", ""score"": 0.000696726085152477}, {""label"": ""confusion"", ""score"": 0.0019291882636025548}, {""label"": ""curiosity"", ""score"": 0.0006973153213039041}, {""label"": ""desire"", ""score"": 0.0008817405323497951}, {""label"": ""disappointment"", ""score"": 0.003831828013062477}, {""label"": ""disapproval"", ""score"": 0.005467941984534264}, {""label"": ""disgust"", ""score"": 0.001453737379051745}, {""label"": ""embarrassment"", ""score"": 0.000373950635548681}, {""label"": ""excitement"", ""score"": 0.0007614920032210648}, {""label"": ""fear"", ""score"": 0.00048816160415299237}, {""label"": ""gratitude"", ""score"": 0.0005593840032815933}, {""label"": ""grief"", ""score"": 0.0001822530903154984}, {""label"": ""joy"", ""score"": 0.000793605053331703}, {""label"": ""love"", ""score"": 0.0012382499407976866}, {""label"": ""nervousness"", ""score"": 0.0001652530045248568}, {""label"": ""optimism"", ""score"": 0.0033483575098216534}, {""label"": ""pride"", ""score"": 0.00025282276328653097}, {""label"": ""realization"", ""score"": 0.0168385598808527}, {""label"": ""relief"", ""score"": 0.00033656726009212434}, {""label"": ""remorse"", ""score"": 0.00025996624026447535}, {""label"": ""sadness"", ""score"": 0.0010860044276341796}, {""label"": ""surprise"", ""score"": 0.00040418701246380806}, {""label"": ""neutral"", ""score"": 0.9307281374931335}]",neutral,0.0,Ce tweet a un score de fiabilité de 0.0%.
at://did:plc:c33ilspoceerhuxporpe3wdj/app.bsky.feed.post/3lt4vsvzmpk22,https://bsky.app/profile/jazzym.bsky.social/post/3lt4vsvzmpk22,bafyreiexylmxijq3cwdd4vcm3r6n3pqeyrk36ad5fic2efumfslz2qfhia,"“Terrorism, in its broadest sense, is the use of violence against non-combatants to achieve political or ideological aims” - Wikipedia.",2025-07-04T09:16:08.207Z,2025-07-04T09:16:08.737Z,{},0,0,0,did:plc:c33ilspoceerhuxporpe3wdj,jazzym.bsky.social,Jas M 🇬🇧 🇩🇰 🇪🇺,0,0,0,2024-08-21T10:39:03.786Z,,False,,False,"""[]""",2025-07-04T10:10:32.790531Z,Vrai,"[0.004949030466377735, 0.9950509667396545]","[{""label"": ""admiration"", ""score"": 0.0021725851111114025}, {""label"": ""amusement"", ""score"": 0.002210863633081317}, {""label"": ""anger"", ""score"": 0.0014363691443577409}, {""label"": ""annoyance"", ""score"": 0.007861636579036713}, {""label"": ""approval"", ""score"": 0.05838886648416519}, {""label"": ""caring"", ""score"": 0.0005261291516944766}, {""label"": ""confusion"", ""score"": 0.002384277991950512}, {""label"": ""curiosity"", ""score"": 0.0010153116891160607}, {""label"": ""desire"", ""score"": 0.0006936226272955537}, {""label"": ""disappointment"", ""score"": 0.0020310054533183575}, {""label"": ""disapproval"", ""score"": 0.0030600938480347395}, {""label"": ""disgust"", ""score"": 0.0024476232938468456}, {""label"": ""embarrassment"", ""score"": 0.0006413977826014161}, {""label"": ""excitement"", ""score"": 0.0017091085901483893}, {""label"": ""fear"", ""score"": 0.001560313394293189}, {""label"": ""gratitude"", ""score"": 0.0004225102602504194}, {""label"": ""grief"", ""score"": 0.00023545260773971677}, {""label"": ""joy"", ""score"": 0.0013633865164592862}, {""label"": ""love"", ""score"": 0.0008374712779186666}, {""label"": ""nervousness"", ""score"": 0.0003321891708765179}, {""label"": ""optimism"", ""score"": 0.0023762048222124577}, {""label"": ""pride"", ""score"": 0.00035311575629748404}, {""label"": ""realization"", ""score"": 0.02255639247596264}, {""label"": ""relief"", ""score"": 0.0003928347141481936}, {""label"": ""remorse"", ""score"": 0.00019653182243928313}, {""label"": ""sadness"", ""score"": 0.0012481171870604157}, {""label"": ""surprise"", ""score"": 0.000918348494451493}, {""label"": ""neutral"", ""score"": 0.9104033708572388}]",neutral,0.0,Ce tweet a un score de fiabilité de 0.0%.
at://did:plc:45jli4o3uhsnqzs54m7tpvz3/app.bsky.feed.post/3lt4vslnzf224,https://bsky.app/profile/profbadperson.bsky.social/post/3lt4vslnzf224,bafyreid2gb7zfeautiyrilqfxdxhcaa3unboodhnb4jiiayw3lytlskhim,"I mean I love open borders and all that and want to abolish ICE, but you’re delusional if you think that’s a viable political strategy, it’s a deeply unpopular position. Every country has immigration enforcement (unfortunately).",2025-07-04T09:15:57.341Z,2025-07-04T09:15:58.538Z,{},0,0,1,did:plc:45jli4o3uhsnqzs54m7tpvz3,profbadperson.bsky.social,Professional Bad Person,0,0,0,2023-09-13T05:37:25.351Z,,False,,False,"""[]""",2025-07-04T10:10:32.790583Z,Faux,"[0.8051841259002686, 0.19481584429740906]","[{""label"": ""admiration"", ""score"": 0.004589389078319073}, {""label"": ""amusement"", ""score"": 0.0010731100337579846}, {""label"": ""anger"", ""score"": 0.02703506499528885}, {""label"": ""annoyance"", ""score"": 0.078606978058815}, {""label"": ""approval"", ""score"": 0.0374680832028389}, {""label"": ""caring"", ""score"": 0.00760088674724102}, {""label"": ""confusion"", ""score"": 0.009540176950395107}, {""label"": ""curiosity"", ""score"": 0.005317544098943472}, {""label"": ""desire"", ""score"": 0.036222875118255615}, {""label"": ""disappointment"", ""score"": 0.2543066143989563}, {""label"": ""disapproval"", ""score"": 0.6625569462776184}, {""label"": ""disgust"", ""score"": 0.020480642095208168}, {""label"": ""embarrassment"", ""score"": 0.004262737929821014}, {""label"": ""excitement"", ""score"": 0.003216828452423215}, {""label"": ""fear"", ""score"": 0.0023495762143284082}, {""label"": ""gratitude"", ""score"": 0.002099339384585619}, {""label"": ""grief"", ""score"": 0.0017722040647640824}, {""label"": ""joy"", ""score"": 0.0030325010884553194}, {""label"": ""love"", ""score"": 0.22786739468574524}, {""label"": ""nervousness"", ""score"": 0.002666130196303129}, {""label"": ""optimism"", ""score"": 0.010217200964689255}, {""label"": ""pride"", ""score"": 0.0007688148180022836}, {""label"": ""realization"", ""score"": 0.011300703510642052}, {""label"": ""relief"", ""score"": 0.0014744434738531709}, {""label"": ""remorse"", ""score"": 0.008153699338436127}, {""label"": ""sadness"", ""score"": 0.06157096102833748}, {""label"": ""surprise"", ""score"": 0.0027875378727912903}, {""label"": ""neutral"", ""score"": 0.04897855594754219}]",disapproval,6.0,Ce tweet a un score de fiabilité de 6.0%.
at://did:plc:kvunq2pijnhb7wxddfxpzlrt/app.bsky.feed.post/3lt4vro7fd225,https://bsky.app/profile/maxinedavid.bsky.social/post/3lt4vro7fd225,bafyreiazuia6mnrf26j42a3c6du7usaga37u6cnl7xbywfayym24p7xqym,I've absolutely got to go seek out academic literature that talks about cowardice in political life.,2025-07-04T09:15:26.453Z,2025-07-04T09:15:28.438Z,"""record=Main(cid='bafyreietuznea5ajtbnnzpvooonamiqyex7tlv3773jifzhgh235b6hdpi', uri='at://did:plc:rvju23hfppzgxoqeyevdfmuw/app.bsky.feed.post/3lt3qjsi5ox2k', py_type='com.atproto.repo.strongRef') py_type='app.bsky.embed.record'""",0,0,0,did:plc:kvunq2pijnhb7wxddfxpzlrt,maxinedavid.bsky.social,@Maxine David.bsky.social.com,0,0,0,2023-10-21T19:15:43.879Z,,False,,False,"""[]""",2025-07-04T10:10:32.790677Z,Vrai,"[0.1490517407655716, 0.8509482741355896]","[{""label"": ""admiration"", ""score"": 0.010232469998300076}, {""label"": ""amusement"", ""score"": 0.0005329039413481951}, {""label"": ""anger"", ""score"": 0.0042505874298512936}, {""label"": ""annoyance"", ""score"": 0.04290064796805382}, {""label"": ""approval"", ""score"": 0.5693454146385193}, {""label"": ""caring"", ""score"": 0.0045568193309009075}, {""label"": ""confusion"", ""score"": 0.0011826024856418371}, {""label"": ""curiosity"", ""score"": 0.0019126266706734896}, {""label"": ""desire"", ""score"": 0.02387545071542263}, {""label"": ""disappointment"", ""score"": 0.009332910180091858}, {""label"": ""disapproval"", ""score"": 0.030831489711999893}, {""label"": ""disgust"", ""score"": 0.0029625161550939083}, {""label"": ""embarrassment"", ""score"": 0.0007670361665077507}, {""label"": ""excitement"", ""score"": 0.002333110896870494}, {""label"": ""fear"", ""score"": 0.0005128715420141816}, {""label"": ""gratitude"", ""score"": 0.0017215597908943892}, {""label"": ""grief"", ""score"": 0.00024287390988320112}, {""label"": ""joy"", ""score"": 0.0006881219451315701}, {""label"": ""love"", ""score"": 0.0013909246772527695}, {""label"": ""nervousness"", ""score"": 0.0003437885025050491}, {""label"": ""optimism"", ""score"": 0.018149707466363907}, {""label"": ""pride"", ""score"": 0.0011054634815081954}, {""label"": ""realization"", ""score"": 0.01880018785595894}, {""label"": ""relief"", ""score"": 0.0010552527382969856}, {""label"": ""remorse"", ""score"": 0.0005950406193733215}, {""label"": ""sadness"", ""score"": 0.0013774748658761382}, {""label"": ""surprise"", ""score"": 0.0004112096503376961}, {""label"": ""neutral"", ""score"": 0.3382874131202698}]",approval,0.0,Ce tweet a un score de fiabilité de 0.0%.
at://did:plc:xv2as7miy7ghje2htfynaqex/app.bsky.feed.post/3lt4vr73kvk27,https://bsky.app/profile/aphclarkson.bsky.social/post/3lt4vr73kvk27,bafyreidgwykg7g3omykmaorlb6mvmk53cqynj3tsgw65pttpfm23z7crhu,But I don't think European splits will necessarily manifest themselves between member states as between political tendencies cutting across from EP to member states.  And strategic autonomy is more likely the product of incremental responses to crisis than some Gaullist grand plan,2025-07-04T09:15:10.596Z,2025-07-04T09:15:11.841Z,{},2,0,1,did:plc:xv2as7miy7ghje2htfynaqex,aphclarkson.bsky.social,Alexander Clarkson,0,0,0,2023-06-23T13:13:33.902Z,,False,,False,"""[]""",2025-07-04T10:10:32.790729Z,Vrai,"[0.0013089068233966827, 0.9986911416053772]","[{""label"": ""admiration"", ""score"": 0.002482758369296789}, {""label"": ""amusement"", ""score"": 0.0014659446896985173}, {""label"": ""anger"", ""score"": 0.0013092677108943462}, {""label"": ""annoyance"", ""score"": 0.01058874186128378}, {""label"": ""approval"", ""score"": 0.058961670845746994}, {""label"": ""caring"", ""score"": 0.0027187580708414316}, {""label"": ""confusion"", ""score"": 0.08199040591716766}, {""label"": ""curiosity"", ""score"": 0.0025608125142753124}, {""label"": ""desire"", ""score"": 0.001996569335460663}, {""label"": ""disappointment"", ""score"": 0.009882710874080658}, {""label"": ""disapproval"", ""score"": 0.5262216925621033}, {""label"": ""disgust"", ""score"": 0.00109458202496171}, {""label"": ""embarrassment"", ""score"": 0.0007205812144093215}, {""label"": ""excitement"", ""score"": 0.0008407828281633556}, {""label"": ""fear"", ""score"": 0.0008782612276263535}, {""label"": ""gratitude"", ""score"": 0.0021236431784927845}, {""label"": ""grief"", ""score"": 0.0003108549281023443}, {""label"": ""joy"", ""score"": 0.0016009702812880278}, {""label"": ""love"", ""score"": 0.001347013283520937}, {""label"": ""nervousness"", ""score"": 0.0006967317312955856}, {""label"": ""optimism"", ""score"": 0.011154227890074253}, {""label"": ""pride"", ""score"": 0.00032341183396056294}, {""label"": ""realization"", ""score"": 0.04044105112552643}, {""label"": ""relief"", ""score"": 0.0009785299189388752}, {""label"": ""remorse"", ""score"": 0.0006390735507011414}, {""label"": ""sadness"", ""score"": 0.0015827649040147662}, {""label"": ""surprise"", ""score"": 0.0019728916231542826}, {""label"": ""neutral"", ""score"": 0.4199313819408417}]",disapproval,6.7272727272727275,Ce tweet a un score de fiabilité de 6.7%.
at://did:plc:hrwiuxkych2lowy5jsf4ck4i/app.bsky.feed.post/3lt4vqptuhc2u,https://bsky.app/profile/citizenspartyau.bsky.social/post/3lt4vqptuhc2u,bafyreigllzf23gjnfa6owpnbhxl47snzboolnwqy6hqzjspmfytgojxxem,CITIZENS REPORT 3/7/2025 - Political assassin lies & laughs / Australia under military occupation!  1. Political assassin lies and laughs all the way to the bank 2. Australia is under military occupation!  Presented by Robert Barwick and Richard Bardon #auspol www.youtube.com/watch?v=MXIQ...,2025-07-04T09:14:54.618Z,2025-07-04T09:14:58.037Z,"""external=External(description='YouTube video by Australian Citizens Party', title='CITIZENS REPORT 3/7/2025 - Political assassin lies & laughs / Australia under military occupation!', uri='https://www.youtube.com/watch?v=MXIQrHdHENg', thumb=BlobRef(mime_type='image/jpeg', size=680365, ref=IpldLink(link='bafkreicrah7xo4x7iadfdgayanr3gktrw5qtvyebmcnonjbpk6pdwrqb7q'), py_type='blob'), py_type='app.bsky.embed.external#external') py_type='app.bsky.embed.external'""",0,0,0,did:plc:hrwiuxkych2lowy5jsf4ck4i,citizenspartyau.bsky.social,Australian Citizens Party,0,0,0,2025-06-05T11:02:35.240Z,,False,,False,"""[]""",2025-07-04T10:10:32.790841Z,Vrai,"[0.0006694203475490212, 0.9993306398391724]","[{""label"": ""admiration"", ""score"": 0.0015597973251715302}, {""label"": ""amusement"", ""score"": 0.09626153111457825}, {""label"": ""anger"", ""score"": 0.0042602610774338245}, {""label"": ""annoyance"", ""score"": 0.013517389073967934}, {""label"": ""approval"", ""score"": 0.012260084971785545}, {""label"": ""caring"", ""score"": 0.0010958198690786958}, {""label"": ""confusion"", ""score"": 0.0015756537904962897}, {""label"": ""curiosity"", ""score"": 0.001793424948118627}, {""label"": ""desire"", ""score"": 0.001188542228192091}, {""label"": ""disappointment"", ""score"": 0.002970536472275853}, {""label"": ""disapproval"", ""score"": 0.0035432358272373676}, {""label"": ""disgust"", ""score"": 0.002136905211955309}, {""label"": ""embarrassment"", ""score"": 0.0013394367415457964}, {""label"": ""excitement"", ""score"": 0.003348024794831872}, {""label"": ""fear"", ""score"": 0.0012974550481885672}, {""label"": ""gratitude"", ""score"": 0.00022606441052630544}, {""label"": ""grief"", ""score"": 0.0004649085458368063}, {""label"": ""joy"", ""score"": 0.011280348524451256}, {""label"": ""love"", ""score"": 0.0011142779840156436}, {""label"": ""nervousness"", ""score"": 0.0005550732021220028}, {""label"": ""optimism"", ""score"": 0.0023865189868956804}, {""label"": ""pride"", ""score"": 0.00045856641372665763}, {""label"": ""realization"", ""score"": 0.010025243274867535}, {""label"": ""relief"", ""score"": 0.0005572356749325991}, {""label"": ""remorse"", ""score"": 0.0003657932684291154}, {""label"": ""sadness"", ""score"": 0.002812679624184966}, {""label"": ""surprise"", ""score"": 0.00135575991589576}, {""label"": ""neutral"", ""score"": 0.8808648586273193}]",neutral,0.0,Ce tweet a un score de fiabilité de 0.0%.
at://did:plc:pf56qilktjhjeecwiozs7w7s/app.bsky.feed.post/3lt4vqmfvvk2h,https://bsky.app/profile/mrdahl15.bsky.social/post/3lt4vqmfvvk2h,bafyreif5q6tnlqyqkhglwrj5psehpstpelpiv6nswffndij4rop5oivvae,"This is the end result of political stupidity on the left.  It was a mistake to attack Christians.  It was a mistake to feature transgender issues in an election platform.  Trump's base is fiscally liberal, but socially conservative. Democrats alienated them all.",2025-07-04T09:14:51.015Z,2025-07-04T09:14:52.336Z,"""record=Main(cid='bafyreifsg4kqebgqxo2pws5lwbhkggel7cqh6jepj2crfpe2bcbn64jizi', uri='at://did:plc:gpnca5cprqfxcz3i3jjlmi35/app.bsky.feed.post/3lt4b6xinpk2h', py_type='com.atproto.repo.strongRef') py_type='app.bsky.embed.record'""",0,0,0,did:plc:pf56qilktjhjeecwiozs7w7s,mrdahl15.bsky.social,Dispatches,0,0,0,2024-12-21T04:27:54.042Z,,False,,False,"""[]""",2025-07-04T10:10:32.790914Z,Vrai,"[0.004017970524728298, 0.9959820508956909]","[{""label"": ""admiration"", ""score"": 0.0023027861025184393}, {""label"": ""amusement"", ""score"": 0.002313425298780203}, {""label"": ""anger"", ""score"": 0.033416591584682465}, {""label"": ""annoyance"", ""score"": 0.43732112646102905}, {""label"": ""approval"", ""score"": 0.051595091819763184}, {""label"": ""caring"", ""score"": 0.0016391183016821742}, {""label"": ""confusion"", ""score"": 0.0041376641020178795}, {""label"": ""curiosity"", ""score"": 0.000809352844953537}, {""label"": ""desire"", ""score"": 0.0015745357377454638}, {""label"": ""disappointment"", ""score"": 0.23187677562236786}, {""label"": ""disapproval"", ""score"": 0.18636548519134521}, {""label"": ""disgust"", ""score"": 0.015241104178130627}, {""label"": ""embarrassment"", ""score"": 0.04001908749341965}, {""label"": ""excitement"", ""score"": 0.0005981113063171506}, {""label"": ""fear"", ""score"": 0.0008450485183857381}, {""label"": ""gratitude"", ""score"": 0.002018262632191181}, {""label"": ""grief"", ""score"": 0.0009680266375653446}, {""label"": ""joy"", ""score"": 0.0013286960311233997}, {""label"": ""love"", ""score"": 0.0014893966726958752}, {""label"": ""nervousness"", ""score"": 0.0011653212131932378}, {""label"": ""optimism"", ""score"": 0.005333328153938055}, {""label"": ""pride"", ""score"": 0.0015342800179496408}, {""label"": ""realization"", ""score"": 0.11438226699829102}, {""label"": ""relief"", ""score"": 0.001892196130938828}, {""label"": ""remorse"", ""score"": 0.007447738200426102}, {""label"": ""sadness"", ""score"": 0.008997398428618908}, {""label"": ""surprise"", ""score"": 0.0019974769093096256}, {""label"": ""neutral"", ""score"": 0.1447679102420807}]",annoyance,0.0,Ce tweet a un score de fiabilité de 0.0%.
at://did:plc:bgrosqdu6oqxidmizihp7og6/app.bsky.feed.post/3lt4vpvree22c,https://bsky.app/profile/markfa.bsky.social/post/3lt4vpvree22c,bafyreiddqddelewlt5tt2ya4ivvjwfknptza7jsir44zsgqsomhytsa2ty,Kill another green law? The EU wants to continue protecting polluters spreading greenwashing lies. Finally political momentum is on our side to stop this. Sign to demand the anti-greenwashing law. action.wemove.eu/sign/2025-07...,2025-07-04T09:14:27.273Z,2025-07-04T09:14:29.338Z,"""external=External(description='Kill another green law? The EU wants to continue protecting polluters spreading greenwashing lies. Finally political momentum is on our side to stop this. Sign to demand the anti-greenwashing law.', title='No more \u201cgreen\u201d lies! Don\u2019t let the EU kill the anti-greenwashing law.', uri='https://action.wemove.eu/sign/2025-07-antigreenwashing-directive-petition-EN?akid=s6343910..gocLEc', thumb=BlobRef(mime_type='image/jpeg', size=767302, ref=IpldLink(link='bafkreigpk5cfzh654eib76bsyx3a6g2adgdmf7xabbawx5jruwmhx2aape'), py_type='blob'), py_type='app.bsky.embed.external#external') py_type='app.bsky.embed.external'""",0,0,0,did:plc:bgrosqdu6oqxidmizihp7og6,markfa.bsky.social,Mark Farmiloe,0,0,0,2024-10-10T21:33:49.708Z,,False,,False,"""[]""",2025-07-04T10:10:32.791456Z,Vrai,"[0.0394713468849659, 0.9605286717414856]","[{""label"": ""admiration"", ""score"": 0.0016839979216456413}, {""label"": ""amusement"", ""score"": 0.0004929915885441005}, {""label"": ""anger"", ""score"": 0.002944828011095524}, {""label"": ""annoyance"", ""score"": 0.018479641526937485}, {""label"": ""approval"", ""score"": 0.1468077301979065}, {""label"": ""caring"", ""score"": 0.0038647360634058714}, {""label"": ""confusion"", ""score"": 0.03288692981004715}, {""label"": ""curiosity"", ""score"": 0.0952862799167633}, {""label"": ""desire"", ""score"": 0.012852080166339874}, {""label"": ""disappointment"", ""score"": 0.004153320100158453}, {""label"": ""disapproval"", ""score"": 0.012715266086161137}, {""label"": ""disgust"", ""score"": 0.001028468948788941}, {""label"": ""embarrassment"", ""score"": 0.00031061909976415336}, {""label"": ""excitement"", ""score"": 0.0015789128374308348}, {""label"": ""fear"", ""score"": 0.0007361075258813798}, {""label"": ""gratitude"", ""score"": 0.0002150461805285886}, {""label"": ""grief"", ""score"": 0.00022939361224416643}, {""label"": ""joy"", ""score"": 0.0006083790794946253}, {""label"": ""love"", ""score"": 0.0009232826996594667}, {""label"": ""nervousness"", ""score"": 0.0004140225937590003}, {""label"": ""optimism"", ""score"": 0.018010180443525314}, {""label"": ""pride"", ""score"": 0.0001908539270516485}, {""label"": ""realization"", ""score"": 0.010561616159975529}, {""label"": ""relief"", ""score"": 0.0003708678123075515}, {""label"": ""remorse"", ""score"": 0.00024312899040523916}, {""label"": ""sadness"", ""score"": 0.0009736286010593176}, {""label"": ""surprise"", ""score"": 0.0009408761980012059}, {""label"": ""neutral"", ""score"": 0.6617394685745239}]",neutral,0.0,Ce tweet a un score de fiabilité de 0.0%.
at://did:plc:522qce6brygfs4nhvii5znoh/app.bsky.feed.post/3lt4vpvktek2h,https://bsky.app/profile/brownflannel.bsky.social/post/3lt4vpvktek2h,bafyreidmzcwoqgswabqe67jhlbz2dfou4gdhosbrn27q7oi55pktnz5xle,"My whole political stance pretty much boils down to ""I care about other people and the planet"" and wow does that make some people mad.",2025-07-04T09:14:27.059Z,2025-07-04T09:14:27.735Z,{},0,0,0,did:plc:522qce6brygfs4nhvii5znoh,brownflannel.bsky.social,Plato’s Place,0,0,0,2024-10-19T17:20:26.413Z,,False,,False,"""[]""",2025-07-04T10:10:32.791527Z,Vrai,"[0.002120426157489419, 0.9978796243667603]","[{""label"": ""admiration"", ""score"": 0.11688987165689468}, {""label"": ""amusement"", ""score"": 0.007763389963656664}, {""label"": ""anger"", ""score"": 0.04395710304379463}, {""label"": ""annoyance"", ""score"": 0.19961629807949066}, {""label"": ""approval"", ""score"": 0.10882910341024399}, {""label"": ""caring"", ""score"": 0.004513073712587357}, {""label"": ""confusion"", ""score"": 0.0013510417193174362}, {""label"": ""curiosity"", ""score"": 0.005069707985967398}, {""label"": ""desire"", ""score"": 0.013283265754580498}, {""label"": ""disappointment"", ""score"": 0.015466458164155483}, {""label"": ""disapproval"", ""score"": 0.008131259121000767}, {""label"": ""disgust"", ""score"": 0.0046234289184212685}, {""label"": ""embarrassment"", ""score"": 0.0028337191324681044}, {""label"": ""excitement"", ""score"": 0.2404058426618576}, {""label"": ""fear"", ""score"": 0.0012784007703885436}, {""label"": ""gratitude"", ""score"": 0.0008306340896524489}, {""label"": ""grief"", ""score"": 0.0012314515188336372}, {""label"": ""joy"", ""score"": 0.05572524294257164}, {""label"": ""love"", ""score"": 0.002968098735436797}, {""label"": ""nervousness"", ""score"": 0.0014167933259159327}, {""label"": ""optimism"", ""score"": 0.014191546477377415}, {""label"": ""pride"", ""score"": 0.013717331923544407}, {""label"": ""realization"", ""score"": 0.025174716487526894}, {""label"": ""relief"", ""score"": 0.006200581789016724}, {""label"": ""remorse"", ""score"": 0.00033326735137961805}, {""label"": ""sadness"", ""score"": 0.00133337895385921}, {""label"": ""surprise"", ""score"": 0.10473813861608505}, {""label"": ""neutral"", ""score"": 0.06864792853593826}]",excitement,0.0,Ce tweet a un score de fiabilité de 0.0%.
at://did:plc:xgwypkacs3sqwmj7aum6adw3/app.bsky.feed.post/3lt4vpuna422q,https://bsky.app/profile/slainmonkey.bsky.social/post/3lt4vpuna422q,bafyreiasqjqcl3qlyn5b3g7mijrz7mtlu4ikf5ndvz3bncua3et2t76qua,"Even 10 years ago, if someone made a political satire of this shit; people would have scoffed at it, calling it “too ridiculous”…..yet depressingly, that’s just the reality we currently live in.",2025-07-04T09:14:26.085Z,2025-07-04T09:14:27.839Z,"""record=Main(cid='bafyreiazw54jn32ntqxu2rxqlqmrb4hyhu5uvpgimjrlqhjlq6bvfgpgoq', uri='at://did:plc:4llrhdclvdlmmynkwsmg5tdc/app.bsky.feed.post/3lt42tjwf5p2u', py_type='com.atproto.repo.strongRef') py_type='app.bsky.embed.record'""",2,1,1,did:plc:xgwypkacs3sqwmj7aum6adw3,slainmonkey.bsky.social,Slainmonkey,0,0,0,2023-09-02T18:32:02.267Z,,False,,False,"""[]""",2025-07-04T10:10:32.791611Z,Vrai,"[0.005358777474611998, 0.9946411848068237]","[{""label"": ""admiration"", ""score"": 0.0023413451854139566}, {""label"": ""amusement"", ""score"": 0.0064577264711260796}, {""label"": ""anger"", ""score"": 0.012758172117173672}, {""label"": ""annoyance"", ""score"": 0.18402305245399475}, {""label"": ""approval"", ""score"": 0.011143242008984089}, {""label"": ""caring"", ""score"": 0.001978131942451}, {""label"": ""confusion"", ""score"": 0.0023554996587336063}, {""label"": ""curiosity"", ""score"": 0.0024512039963155985}, {""label"": ""desire"", ""score"": 0.0035485834814608097}, {""label"": ""disappointment"", ""score"": 0.6243547201156616}, {""label"": ""disapproval"", ""score"": 0.03916717693209648}, {""label"": ""disgust"", ""score"": 0.009210801683366299}, {""label"": ""embarrassment"", ""score"": 0.00580790126696229}, {""label"": ""excitement"", ""score"": 0.001295940252020955}, {""label"": ""fear"", ""score"": 0.0013076774775981903}, {""label"": ""gratitude"", ""score"": 0.0006339583778753877}, {""label"": ""grief"", ""score"": 0.0036115662660449743}, {""label"": ""joy"", ""score"": 0.0031324985902756453}, {""label"": ""love"", ""score"": 0.0018205245723947883}, {""label"": ""nervousness"", ""score"": 0.004183217417448759}, {""label"": ""optimism"", ""score"": 0.007400568574666977}, {""label"": ""pride"", ""score"": 0.0004230818012729287}, {""label"": ""realization"", ""score"": 0.020767375826835632}, {""label"": ""relief"", ""score"": 0.00150018697604537}, {""label"": ""remorse"", ""score"": 0.002881256164982915}, {""label"": ""sadness"", ""score"": 0.29778140783309937}, {""label"": ""surprise"", ""score"": 0.002846847288310528}, {""label"": ""neutral"", ""score"": 0.06722266972064972}]",disappointment,8.031620553359684,Ce tweet a un score de fiabilité de 8.0%.
at://did:plc:w7iwhiu6yn27g3cvy2jzchds/app.bsky.feed.post/3lt4vp2b3fs2z,https://bsky.app/profile/israellycool.bsky.social/post/3lt4vp2b3fs2z,bafyreihrayxel6hgnrlt34hznqukm3pspzgzodtb4ynmipeaqprrpleh5q,"""Richard Nixon was no lover of the Jews, perhaps for political reasons, but when Golda Meir phoned him that night, he acted without a second thought."" www.israellycool.com/2025/07/04/w...",2025-07-04T09:13:58.427Z,2025-07-04T09:14:05.641Z,"""external=External(description='In 1973, U.S. President Richard Nixon answered Golda Meir\u2019s urgent call and launched Operation Nickel Grass', title='Why Nixon Helped Israel in 1973: A Promise To His Mother', uri='https://www.israellycool.com/2025/07/04/why-nixon-helped-israel-in-1973-a-promise-to-his-mother/', thumb=BlobRef(mime_type='image/jpeg', size=626512, ref=IpldLink(link='bafkreidpmgmmvqxiujbou2e2eilm5nh2rmrp7uzu7zwee4lvqabidbheey'), py_type='blob'), py_type='app.bsky.embed.external#external') py_type='app.bsky.embed.external'""",0,0,0,did:plc:w7iwhiu6yn27g3cvy2jzchds,israellycool.bsky.social,David Lange,0,0,0,2023-08-06T15:32:26.226Z,,False,,False,"""[]""",2025-07-04T10:10:32.791722Z,Vrai,"[0.002743994817137718, 0.9972559809684753]","[{""label"": ""admiration"", ""score"": 0.0025727981701493263}, {""label"": ""amusement"", ""score"": 0.001310234540142119}, {""label"": ""anger"", ""score"": 0.0013469131663441658}, {""label"": ""annoyance"", ""score"": 0.008822101168334484}, {""label"": ""approval"", ""score"": 0.05427635461091995}, {""label"": ""caring"", ""score"": 0.0011757498141378164}, {""label"": ""confusion"", ""score"": 0.001974785001948476}, {""label"": ""curiosity"", ""score"": 0.0006610718555748463}, {""label"": ""desire"", ""score"": 0.0008081544656306505}, {""label"": ""disappointment"", ""score"": 0.0047024814411997795}, {""label"": ""disapproval"", ""score"": 0.0165797621011734}, {""label"": ""disgust"", ""score"": 0.0016425874782726169}, {""label"": ""embarrassment"", ""score"": 0.0005776907200925052}, {""label"": ""excitement"", ""score"": 0.0006317691877484322}, {""label"": ""fear"", ""score"": 0.0007022313075140119}, {""label"": ""gratitude"", ""score"": 0.0009671997395344079}, {""label"": ""grief"", ""score"": 0.0003025490732397884}, {""label"": ""joy"", ""score"": 0.001006777980364859}, {""label"": ""love"", ""score"": 0.0008423316176049411}, {""label"": ""nervousness"", ""score"": 0.0002235748979728669}, {""label"": ""optimism"", ""score"": 0.002950959838926792}, {""label"": ""pride"", ""score"": 0.0003247660642955452}, {""label"": ""realization"", ""score"": 0.02276580035686493}, {""label"": ""relief"", ""score"": 0.0005596948903985322}, {""label"": ""remorse"", ""score"": 0.000358172575943172}, {""label"": ""sadness"", ""score"": 0.0013393550179898739}, {""label"": ""surprise"", ""score"": 0.0005461947293952107}, {""label"": ""neutral"", ""score"": 0.9326867461204529}]",neutral,0.0,Ce tweet a un score de fiabilité de 0.0%.
at://did:plc:dl5wrgqu2qqhmdf3flsylvhc/app.bsky.feed.post/3lt4vooqkgs2n,https://bsky.app/profile/economeager.bsky.social/post/3lt4vooqkgs2n,bafyreig5onsv5u5arxizfp7r54qaexou7hgpujzzibso5kkuitz2zfhppa,"i actually do not agree!, i think african is also a cultural and political identity (in the sense of ""pan africanism""), and in particular the nonwhite africans have a lot of complex cultural interplay and shared historical struggle  however, i think we can agree with, the ""who cares"" position",2025-07-04T09:13:46.352Z,2025-07-04T09:13:47.737Z,{},1,0,0,did:plc:dl5wrgqu2qqhmdf3flsylvhc,economeager.bsky.social,RM (they/them),0,0,0,2023-04-19T23:04:58.636Z,,False,,False,"""[]""",2025-07-04T10:10:32.791775Z,Vrai,"[0.013599627651274204, 0.9864003658294678]","[{""label"": ""admiration"", ""score"": 0.006151176057755947}, {""label"": ""amusement"", ""score"": 0.002702634781599045}, {""label"": ""anger"", ""score"": 0.010594910010695457}, {""label"": ""annoyance"", ""score"": 0.06430202722549438}, {""label"": ""approval"", ""score"": 0.15507417917251587}, {""label"": ""caring"", ""score"": 0.0056346687488257885}, {""label"": ""confusion"", ""score"": 0.01692592352628708}, {""label"": ""curiosity"", ""score"": 0.002611178206279874}, {""label"": ""desire"", ""score"": 0.002722472418099642}, {""label"": ""disappointment"", ""score"": 0.02457529492676258}, {""label"": ""disapproval"", ""score"": 0.8432601094245911}, {""label"": ""disgust"", ""score"": 0.005022196099162102}, {""label"": ""embarrassment"", ""score"": 0.0017439289949834347}, {""label"": ""excitement"", ""score"": 0.00203286693431437}, {""label"": ""fear"", ""score"": 0.0009258267236873507}, {""label"": ""gratitude"", ""score"": 0.0033970370423048735}, {""label"": ""grief"", ""score"": 0.00046481506433337927}, {""label"": ""joy"", ""score"": 0.0038019015919417143}, {""label"": ""love"", ""score"": 0.005473716650158167}, {""label"": ""nervousness"", ""score"": 0.0008051194017753005}, {""label"": ""optimism"", ""score"": 0.00703790970146656}, {""label"": ""pride"", ""score"": 0.0006835499661974609}, {""label"": ""realization"", ""score"": 0.015231090597808361}, {""label"": ""relief"", ""score"": 0.0019374866969883442}, {""label"": ""remorse"", ""score"": 0.0012426351895555854}, {""label"": ""sadness"", ""score"": 0.003654007101431489}, {""label"": ""surprise"", ""score"": 0.001307961530983448}, {""label"": ""neutral"", ""score"": 0.0640740692615509}]",disapproval,0.36363636363636365,Ce tweet a un score de fiabilité de 0.4%.
at://did:plc:xu7uky7gpiul3yrhi2ftblzv/app.bsky.feed.post/3lt4vmcr4rk2r,https://bsky.app/profile/clacksee.bsky.social/post/3lt4vmcr4rk2r,bafyreiav4f4iv5kzknf5yyfh57xr5oiel2ofnh4d33rscqpg4aqbkd4uke,He brought in good policies and yet his focus on political purity meant none of them were ever implemented. He was great at getting young people interested in politics and terrible as a leader.,2025-07-04T09:12:26.475Z,2025-07-04T09:12:27.758Z,{},1,0,2,did:plc:xu7uky7gpiul3yrhi2ftblzv,clacksee.bsky.social,Shouty person,0,0,0,2024-02-07T09:26:40.082Z,,False,,False,"""[]""",2025-07-04T10:10:32.792260Z,Vrai,"[0.004508136305958033, 0.9954919219017029]","[{""label"": ""admiration"", ""score"": 0.6913245320320129}, {""label"": ""amusement"", ""score"": 0.0009551520342938602}, {""label"": ""anger"", ""score"": 0.0058680386282503605}, {""label"": ""annoyance"", ""score"": 0.05389203876256943}, {""label"": ""approval"", ""score"": 0.052207883447408676}, {""label"": ""caring"", ""score"": 0.0017185189062729478}, {""label"": ""confusion"", ""score"": 0.004628652241080999}, {""label"": ""curiosity"", ""score"": 0.0019254969665780663}, {""label"": ""desire"", ""score"": 0.0017975835362449288}, {""label"": ""disappointment"", ""score"": 0.3180501461029053}, {""label"": ""disapproval"", ""score"": 0.08063479512929916}, {""label"": ""disgust"", ""score"": 0.005127074662595987}, {""label"": ""embarrassment"", ""score"": 0.0033539296127855778}, {""label"": ""excitement"", ""score"": 0.0019327510381117463}, {""label"": ""fear"", ""score"": 0.0009584406507201493}, {""label"": ""gratitude"", ""score"": 0.006567272357642651}, {""label"": ""grief"", ""score"": 0.001823706435970962}, {""label"": ""joy"", ""score"": 0.0021441918797791004}, {""label"": ""love"", ""score"": 0.0030660945922136307}, {""label"": ""nervousness"", ""score"": 0.0007068341365084052}, {""label"": ""optimism"", ""score"": 0.008761798031628132}, {""label"": ""pride"", ""score"": 0.004242612048983574}, {""label"": ""realization"", ""score"": 0.028473814949393272}, {""label"": ""relief"", ""score"": 0.002055979799479246}, {""label"": ""remorse"", ""score"": 0.002217538421973586}, {""label"": ""sadness"", ""score"": 0.011639650911092758}, {""label"": ""surprise"", ""score"": 0.0031521013006567955}, {""label"": ""neutral"", ""score"": 0.09216408431529999}]",admiration,12.363636363636363,Ce tweet a un score de fiabilité de 12.4%.
at://did:plc:l4oxy252fkfqaw3dctowvz4f/app.bsky.feed.post/3lt4vlrztuk2b,https://bsky.app/profile/peterwelsh68.bsky.social/post/3lt4vlrztuk2b,bafyreihj7mgrkvgbuev2dpajhxqbymiq7p25gf5gobfgldokfrelobyd64,Keir has political composure none.,2025-07-04T09:12:09.138Z,2025-07-04T09:12:11.235Z,{},1,0,0,did:plc:l4oxy252fkfqaw3dctowvz4f,peterwelsh68.bsky.social,Peter Welsh,0,0,0,2024-11-06T13:13:24.080Z,,False,,False,"""[]""",2025-07-04T10:10:32.792865Z,Vrai,"[0.005793796386569738, 0.9942061901092529]","[{""label"": ""admiration"", ""score"": 0.018208608031272888}, {""label"": ""amusement"", ""score"": 0.0015191113343462348}, {""label"": ""anger"", ""score"": 0.0031079163309186697}, {""label"": ""annoyance"", ""score"": 0.02486584149301052}, {""label"": ""approval"", ""score"": 0.02549116685986519}, {""label"": ""caring"", ""score"": 0.0005649955710396171}, {""label"": ""confusion"", ""score"": 0.0009030852233991027}, {""label"": ""curiosity"", ""score"": 0.0005697880988009274}, {""label"": ""desire"", ""score"": 0.0005989937926642597}, {""label"": ""disappointment"", ""score"": 0.012220853008329868}, {""label"": ""disapproval"", ""score"": 0.029163017868995667}, {""label"": ""disgust"", ""score"": 0.0031507620587944984}, {""label"": ""embarrassment"", ""score"": 0.0011809163261204958}, {""label"": ""excitement"", ""score"": 0.0015161465853452682}, {""label"": ""fear"", ""score"": 0.0006949238013476133}, {""label"": ""gratitude"", ""score"": 0.002016275655478239}, {""label"": ""grief"", ""score"": 0.0004245444724801928}, {""label"": ""joy"", ""score"": 0.0014416895573958755}, {""label"": ""love"", ""score"": 0.0006116192089393735}, {""label"": ""nervousness"", ""score"": 0.0001901074720080942}, {""label"": ""optimism"", ""score"": 0.0012708179419860244}, {""label"": ""pride"", ""score"": 0.0009895353578031063}, {""label"": ""realization"", ""score"": 0.011828393675386906}, {""label"": ""relief"", ""score"": 0.0007725629257038236}, {""label"": ""remorse"", ""score"": 0.00030360001255758107}, {""label"": ""sadness"", ""score"": 0.0018777409568428993}, {""label"": ""surprise"", ""score"": 0.001799489837139845}, {""label"": ""neutral"", ""score"": 0.8988856077194214}]",neutral,0.36363636363636365,Ce tweet a un score de fiabilité de 0.4%.
at://did:plc:445txkzk2c6qvvpcuzehrbxv/app.bsky.feed.post/3lt4vj6fvyc2m,https://bsky.app/profile/henriklarsen.bsky.social/post/3lt4vj6fvyc2m,bafyreibvhyo4mdsfrkws22c2jdhtpzyidcookqxesr64c7dtkxgntgvsle,"I hope every employee says f**k you, my private mails are non of your business, sorry.  Denmark should prepare for accepting American political refugees.  Happy 4th of July  Hoping you find something to celebrate.",2025-07-04T09:10:41.453Z,2025-07-04T09:10:43.439Z,"""external=External(description='ALT: a black and white photo of a man with a beard and a hat standing in a circle .', title='a black and white photo of a man with a beard and a hat standing in a circle .', uri='https://media.tenor.com/ZZC75VrIenUAAAAC/smh-dumbledore.gif?hh=300&ww=500', thumb=BlobRef(mime_type='image/jpeg', size=127367, ref=IpldLink(link='bafkreihxyjbv6xefv3g7bjk453s2loithfht2e3nfixvp6kn7s2bejf63u'), py_type='blob'), py_type='app.bsky.embed.external#external') py_type='app.bsky.embed.external'""",0,0,0,did:plc:445txkzk2c6qvvpcuzehrbxv,henriklarsen.bsky.social,Henrik Larsen,0,0,0,2023-09-20T19:11:32.657Z,,False,,False,"""[]""",2025-07-04T10:10:32.793018Z,Vrai,"[0.004346618428826332, 0.9956533908843994]","[{""label"": ""admiration"", ""score"": 0.00939437747001648}, {""label"": ""amusement"", ""score"": 0.005451919045299292}, {""label"": ""anger"", ""score"": 0.009458499029278755}, {""label"": ""annoyance"", ""score"": 0.01215844601392746}, {""label"": ""approval"", ""score"": 0.025406992062926292}, {""label"": ""caring"", ""score"": 0.24371811747550964}, {""label"": ""confusion"", ""score"": 0.0037454438861459494}, {""label"": ""curiosity"", ""score"": 0.004858445376157761}, {""label"": ""desire"", ""score"": 0.1018047109246254}, {""label"": ""disappointment"", ""score"": 0.014185288920998573}, {""label"": ""disapproval"", ""score"": 0.011775638908147812}, {""label"": ""disgust"", ""score"": 0.0025988733395934105}, {""label"": ""embarrassment"", ""score"": 0.0046861618757247925}, {""label"": ""excitement"", ""score"": 0.007203844841569662}, {""label"": ""fear"", ""score"": 0.0032023724634200335}, {""label"": ""gratitude"", ""score"": 0.04119409993290901}, {""label"": ""grief"", ""score"": 0.004868639167398214}, {""label"": ""joy"", ""score"": 0.02783798985183239}, {""label"": ""love"", ""score"": 0.008841619826853275}, {""label"": ""nervousness"", ""score"": 0.003413359634578228}, {""label"": ""optimism"", ""score"": 0.7897970080375671}, {""label"": ""pride"", ""score"": 0.0049175382591784}, {""label"": ""realization"", ""score"": 0.010192550718784332}, {""label"": ""relief"", ""score"": 0.007116982247680426}, {""label"": ""remorse"", ""score"": 0.43216270208358765}, {""label"": ""sadness"", ""score"": 0.03572611138224602}, {""label"": ""surprise"", ""score"": 0.002224082825705409}, {""label"": ""neutral"", ""score"": 0.024860486388206482}]",optimism,0.0,Ce tweet a un score de fiabilité de 0.0%.
at://did:plc:ersghshmaaptp3dbmihdvayd/app.bsky.feed.post/3lt4viv5vdc2q,https://bsky.app/profile/onehawkeye.bsky.social/post/3lt4viv5vdc2q,bafyreidt6tnosllczufnq5vv2ewlgte3awppospp4hg3jzaajzscuhhkkm,Kill another green law? The EU wants to continue protecting polluters spreading greenwashing lies. Finally political momentum is on our side to stop this. Sign to demand the anti-greenwashing law. action.wemove.eu/sign/2025-07...,2025-07-04T09:10:31.753Z,2025-07-04T09:10:35.741Z,"""external=External(description='Kill another green law? The EU wants to continue protecting polluters spreading greenwashing lies. Finally political momentum is on our side to stop this. Sign to demand the anti-greenwashing law.', title='No more \u201cgreen\u201d lies! Don\u2019t let the EU kill the anti-greenwashing law.', uri='https://action.wemove.eu/sign/2025-07-antigreenwashing-directive-petition-EN?akid=s6343873..utIGEL', thumb=BlobRef(mime_type='image/jpeg', size=524451, ref=IpldLink(link='bafkreiatn3njs2tkm7pn7yhdl2sy5umt6x3xpkais7yiz433adzfu3i2u4'), py_type='blob'), py_type='app.bsky.embed.external#external') py_type='app.bsky.embed.external'""",0,0,0,did:plc:ersghshmaaptp3dbmihdvayd,onehawkeye.bsky.social,,0,0,0,2023-12-28T17:56:47.108Z,,False,,False,"""[]""",2025-07-04T10:10:32.793149Z,Vrai,"[0.0394713468849659, 0.9605286717414856]","[{""label"": ""admiration"", ""score"": 0.0016839979216456413}, {""label"": ""amusement"", ""score"": 0.0004929915885441005}, {""label"": ""anger"", ""score"": 0.002944828011095524}, {""label"": ""annoyance"", ""score"": 0.018479641526937485}, {""label"": ""approval"", ""score"": 0.1468077301979065}, {""label"": ""caring"", ""score"": 0.0038647360634058714}, {""label"": ""confusion"", ""score"": 0.03288692981004715}, {""label"": ""curiosity"", ""score"": 0.0952862799167633}, {""label"": ""desire"", ""score"": 0.012852080166339874}, {""label"": ""disappointment"", ""score"": 0.004153320100158453}, {""label"": ""disapproval"", ""score"": 0.012715266086161137}, {""label"": ""disgust"", ""score"": 0.001028468948788941}, {""label"": ""embarrassment"", ""score"": 0.00031061909976415336}, {""label"": ""excitement"", ""score"": 0.0015789128374308348}, {""label"": ""fear"", ""score"": 0.0007361075258813798}, {""label"": ""gratitude"", ""score"": 0.0002150461805285886}, {""label"": ""grief"", ""score"": 0.00022939361224416643}, {""label"": ""joy"", ""score"": 0.0006083790794946253}, {""label"": ""love"", ""score"": 0.0009232826996594667}, {""label"": ""nervousness"", ""score"": 0.0004140225937590003}, {""label"": ""optimism"", ""score"": 0.018010180443525314}, {""label"": ""pride"", ""score"": 0.0001908539270516485}, {""label"": ""realization"", ""score"": 0.010561616159975529}, {""label"": ""relief"", ""score"": 0.0003708678123075515}, {""label"": ""remorse"", ""score"": 0.00024312899040523916}, {""label"": ""sadness"", ""score"": 0.0009736286010593176}, {""label"": ""surprise"", ""score"": 0.0009408761980012059}, {""label"": ""neutral"", ""score"": 0.6617394685745239}]",neutral,0.0,Ce tweet a un score de fiabilité de 0.0%.
at://did:plc:2cgvoarixmr367a7a4rqpr5k/app.bsky.feed.post/3lt4vit23fs2y,https://bsky.app/profile/comicprintinguk.bsky.social/post/3lt4vit23fs2y,bafyreidgixl6b7dk2guvty74grxpbd67iav6i7nhu6b7yfcxctfysvqe4y,"I rate Bernie a lot higher for political nous, but it’s similar for sure.",2025-07-04T09:10:29.532Z,2025-07-04T09:10:30.138Z,{},4,0,1,did:plc:2cgvoarixmr367a7a4rqpr5k,comicprintinguk.bsky.social,cpuk (trampoline park connoisseur and occasional comic printer),0,0,0,2023-06-06T11:48:24.986Z,,False,,False,"""[]""",2025-07-04T10:10:32.793210Z,Vrai,"[0.2209583818912506, 0.7790416479110718]","[{""label"": ""admiration"", ""score"": 0.05545777082443237}, {""label"": ""amusement"", ""score"": 0.0007389438105747104}, {""label"": ""anger"", ""score"": 0.0009146202355623245}, {""label"": ""annoyance"", ""score"": 0.0051969806663692}, {""label"": ""approval"", ""score"": 0.7403666377067566}, {""label"": ""caring"", ""score"": 0.0018702246015891433}, {""label"": ""confusion"", ""score"": 0.002355879871174693}, {""label"": ""curiosity"", ""score"": 0.0015879991697147489}, {""label"": ""desire"", ""score"": 0.0016302453586831689}, {""label"": ""disappointment"", ""score"": 0.001583611941896379}, {""label"": ""disapproval"", ""score"": 0.0060809822753071785}, {""label"": ""disgust"", ""score"": 0.0010149679146707058}, {""label"": ""embarrassment"", ""score"": 0.00019633310148492455}, {""label"": ""excitement"", ""score"": 0.0019724040757864714}, {""label"": ""fear"", ""score"": 0.0003549296816345304}, {""label"": ""gratitude"", ""score"": 0.0026319255121052265}, {""label"": ""grief"", ""score"": 0.00014169156202115119}, {""label"": ""joy"", ""score"": 0.0013076439499855042}, {""label"": ""love"", ""score"": 0.0044799852184951305}, {""label"": ""nervousness"", ""score"": 0.0001642754941713065}, {""label"": ""optimism"", ""score"": 0.01136754360049963}, {""label"": ""pride"", ""score"": 0.0010555146727710962}, {""label"": ""realization"", ""score"": 0.01423721481114626}, {""label"": ""relief"", ""score"": 0.0008228585938923061}, {""label"": ""remorse"", ""score"": 0.00025129769346676767}, {""label"": ""sadness"", ""score"": 0.000484233460156247}, {""label"": ""surprise"", ""score"": 0.0006015626713633537}, {""label"": ""neutral"", ""score"": 0.2062491476535797}]",approval,7.454545454545454,Ce tweet a un score de fiabilité de 7.5%.
at://did:plc:pwdyrqn7jdytvx7zmfriokw4/app.bsky.feed.post/3lt4vhvr2zs2o,https://bsky.app/profile/rgf26.bsky.social/post/3lt4vhvr2zs2o,bafyreicwff6fop54ivgzjn6kcxq2y3od3xow3p4z57mcx6n2c4l3wmbrki,"Here’s a novel idea. If you don’t like a book, then just don’t borrow it. You don’t have to enforce your prejudice on everyone else.   Except this is exactly how Terfs operate, and they’re only being further legitimised in the political field.   www.bbc.co.uk/news/article...",2025-07-04T09:09:58.826Z,2025-07-04T09:10:01.735Z,"""external=External(description='KCC says the move came after a \""concerned member of the public\"" contacted them.', title='Kent council bans transgender books in children\u2019s library section - BBC News', uri='https://www.bbc.co.uk/news/articles/c6257p2vry3o.amp', thumb=BlobRef(mime_type='image/jpeg', size=523708, ref=IpldLink(link='bafkreibdgmetrty3rftclcivy5ehnyfnpbrhdef55qp3ellg5qhvauyeay'), py_type='blob'), py_type='app.bsky.embed.external#external') py_type='app.bsky.embed.external'""",0,0,1,did:plc:pwdyrqn7jdytvx7zmfriokw4,rgf26.bsky.social,Dr Rachel Gregory Fox,0,0,0,2023-12-06T16:07:30.586Z,,False,,False,"""[]""",2025-07-04T10:10:32.793384Z,Vrai,"[0.003013997571542859, 0.9969859719276428]","[{""label"": ""admiration"", ""score"": 0.0015754424966871738}, {""label"": ""amusement"", ""score"": 0.0010985819390043616}, {""label"": ""anger"", ""score"": 0.0018589576939120889}, {""label"": ""annoyance"", ""score"": 0.02713688090443611}, {""label"": ""approval"", ""score"": 0.12788909673690796}, {""label"": ""caring"", ""score"": 0.0021253919694572687}, {""label"": ""confusion"", ""score"": 0.0024528377689421177}, {""label"": ""curiosity"", ""score"": 0.0007723324815742671}, {""label"": ""desire"", ""score"": 0.0009208021219819784}, {""label"": ""disappointment"", ""score"": 0.004168664570897818}, {""label"": ""disapproval"", ""score"": 0.048260647803545}, {""label"": ""disgust"", ""score"": 0.0010476321913301945}, {""label"": ""embarrassment"", ""score"": 0.00036202825140208006}, {""label"": ""excitement"", ""score"": 0.0005171432858332992}, {""label"": ""fear"", ""score"": 0.0003411761426832527}, {""label"": ""gratitude"", ""score"": 0.0004779486043844372}, {""label"": ""grief"", ""score"": 0.00016352083184756339}, {""label"": ""joy"", ""score"": 0.000822481932118535}, {""label"": ""love"", ""score"": 0.0004967314889654517}, {""label"": ""nervousness"", ""score"": 0.00019357293786015362}, {""label"": ""optimism"", ""score"": 0.006492374464869499}, {""label"": ""pride"", ""score"": 0.0002680866455193609}, {""label"": ""realization"", ""score"": 0.030807141214609146}, {""label"": ""relief"", ""score"": 0.0006483649485744536}, {""label"": ""remorse"", ""score"": 0.000179059716174379}, {""label"": ""sadness"", ""score"": 0.0006844805320724845}, {""label"": ""surprise"", ""score"": 0.00047635557712055743}, {""label"": ""neutral"", ""score"": 0.8191781044006348}]",neutral,6.0,Ce tweet a un score de fiabilité de 6.0%.
at://did:plc:xfy64vnxqdqlpcg3fj4jgx6u/app.bsky.feed.post/3lt4vhulum22s,https://bsky.app/profile/mat70x.bsky.social/post/3lt4vhulum22s,bafyreihkwjjpfhhwixqjirizflwbnowzclmmauiz5x6fgv5pze4vyqcuqu,"cost effectively! There is a place for private input to the state, there are cases for outsourcing...... but neither This Gov or the (any) previous ones are interested in the wishes of the public on the matter of services, just political ideology!",2025-07-04T09:09:56.906Z,2025-07-04T09:09:58.762Z,{},0,0,0,did:plc:xfy64vnxqdqlpcg3fj4jgx6u,mat70x.bsky.social,Richard M.,0,0,0,2024-10-24T18:20:09.607Z,,False,,False,"""[]""",2025-07-04T10:10:32.793479Z,Vrai,"[0.004068394657224417, 0.9959315657615662]","[{""label"": ""admiration"", ""score"": 0.001217141980305314}, {""label"": ""amusement"", ""score"": 0.0007534220931120217}, {""label"": ""anger"", ""score"": 0.0012053381651639938}, {""label"": ""annoyance"", ""score"": 0.012329867109656334}, {""label"": ""approval"", ""score"": 0.041971832513809204}, {""label"": ""caring"", ""score"": 0.0010609203018248081}, {""label"": ""confusion"", ""score"": 0.007389560341835022}, {""label"": ""curiosity"", ""score"": 0.0012550319079309702}, {""label"": ""desire"", ""score"": 0.0011266485089436173}, {""label"": ""disappointment"", ""score"": 0.006689003668725491}, {""label"": ""disapproval"", ""score"": 0.10278084874153137}, {""label"": ""disgust"", ""score"": 0.0009981984039768577}, {""label"": ""embarrassment"", ""score"": 0.00037311878986656666}, {""label"": ""excitement"", ""score"": 0.0004133249167352915}, {""label"": ""fear"", ""score"": 0.000315618613967672}, {""label"": ""gratitude"", ""score"": 0.0008744368678890169}, {""label"": ""grief"", ""score"": 0.00018302806711290032}, {""label"": ""joy"", ""score"": 0.0005882742116227746}, {""label"": ""love"", ""score"": 0.0004964746767655015}, {""label"": ""nervousness"", ""score"": 0.0001832968118833378}, {""label"": ""optimism"", ""score"": 0.0034989467822015285}, {""label"": ""pride"", ""score"": 0.0001495325268479064}, {""label"": ""realization"", ""score"": 0.018461761996150017}, {""label"": ""relief"", ""score"": 0.0003325731959193945}, {""label"": ""remorse"", ""score"": 0.0003030626685358584}, {""label"": ""sadness"", ""score"": 0.0010206379229202867}, {""label"": ""surprise"", ""score"": 0.00043602564255706966}, {""label"": ""neutral"", ""score"": 0.8384028077125549}]",neutral,0.0,Ce tweet a un score de fiabilité de 0.0%.
at://did:plc:edt24sbrn3d2dapjf565jqm3/app.bsky.feed.post/3lt4vfuztqc2r,https://bsky.app/profile/cherylmorgan.bsky.social/post/3lt4vfuztqc2r,bafyreihyis3luinyh4e7kvv2hiq6cmi7gmu7pnqyw3ajxloaufcwbafeq4,Anyone whose family values are similar to Rump’s is totally unfit to hold political office,2025-07-04T09:08:50.957Z,2025-07-04T09:08:51.439Z,"""record=Main(cid='bafyreiawcpq5m2udke6zkzxbzbz2smbgdqsj4pmtbj6tecelrx4mfokh5y', uri='at://did:plc:7bdyw3t7ynnirri4m3dr3bjm/app.bsky.feed.post/3lt4v7dotl22z', py_type='com.atproto.repo.strongRef') py_type='app.bsky.embed.record'""",6,0,0,did:plc:edt24sbrn3d2dapjf565jqm3,cherylmorgan.bsky.social,Cheryl Morgan,0,0,0,2023-07-05T09:11:54.889Z,,False,,False,"""[]""",2025-07-04T10:10:32.794054Z,Vrai,"[0.02984192594885826, 0.9701581001281738]","[{""label"": ""admiration"", ""score"": 0.0018146536312997341}, {""label"": ""amusement"", ""score"": 0.0012648338451981544}, {""label"": ""anger"", ""score"": 0.021718157455325127}, {""label"": ""annoyance"", ""score"": 0.12142062187194824}, {""label"": ""approval"", ""score"": 0.02234485372900963}, {""label"": ""caring"", ""score"": 0.002387609099969268}, {""label"": ""confusion"", ""score"": 0.003211881499737501}, {""label"": ""curiosity"", ""score"": 0.001072090701200068}, {""label"": ""desire"", ""score"": 0.0012823378201574087}, {""label"": ""disappointment"", ""score"": 0.027350978925824165}, {""label"": ""disapproval"", ""score"": 0.7385831475257874}, {""label"": ""disgust"", ""score"": 0.008623183704912663}, {""label"": ""embarrassment"", ""score"": 0.002112704562023282}, {""label"": ""excitement"", ""score"": 0.0009135123691521585}, {""label"": ""fear"", ""score"": 0.0009245612309314311}, {""label"": ""gratitude"", ""score"": 0.0019678822718560696}, {""label"": ""grief"", ""score"": 0.00036302220541983843}, {""label"": ""joy"", ""score"": 0.0010497125331312418}, {""label"": ""love"", ""score"": 0.0007398481830023229}, {""label"": ""nervousness"", ""score"": 0.0004717883130069822}, {""label"": ""optimism"", ""score"": 0.0028770111966878176}, {""label"": ""pride"", ""score"": 0.0003460874140728265}, {""label"": ""realization"", ""score"": 0.01015595905482769}, {""label"": ""relief"", ""score"": 0.0007010424160398543}, {""label"": ""remorse"", ""score"": 0.0007704650051891804}, {""label"": ""sadness"", ""score"": 0.003749640192836523}, {""label"": ""surprise"", ""score"": 0.0011944365687668324}, {""label"": ""neutral"", ""score"": 0.1995387077331543}]",disapproval,2.181818181818182,Ce tweet a un score de fiabilité de 2.2%.
at://did:plc:b6shfqmagem7fkpj2uvofzyi/app.bsky.feed.post/3lt4vftqbns2g,https://bsky.app/profile/vsapiro.bsky.social/post/3lt4vftqbns2g,bafyreifaudlemkpvamejpwpttdth3lv3aqwmqh4jv3vu4p6u47xtl25h6a,How much do I resent getting a political ad from the Social Security Administration?,2025-07-04T09:08:49.596Z,2025-07-04T09:08:49.837Z,{},2,0,1,did:plc:b6shfqmagem7fkpj2uvofzyi,vsapiro.bsky.social,Virginia Sapiro,0,0,0,2023-07-24T13:24:58.538Z,,False,,False,"""[]""",2025-07-04T10:10:32.794121Z,Vrai,"[0.005994667764753103, 0.9940053820610046]","[{""label"": ""admiration"", ""score"": 0.001058859401382506}, {""label"": ""amusement"", ""score"": 0.0015501065645366907}, {""label"": ""anger"", ""score"": 0.07465668022632599}, {""label"": ""annoyance"", ""score"": 0.2095801830291748}, {""label"": ""approval"", ""score"": 0.005399064160883427}, {""label"": ""caring"", ""score"": 0.0035545399878174067}, {""label"": ""confusion"", ""score"": 0.15011978149414062}, {""label"": ""curiosity"", ""score"": 0.36872491240501404}, {""label"": ""desire"", ""score"": 0.0017172029474750161}, {""label"": ""disappointment"", ""score"": 0.017879752442240715}, {""label"": ""disapproval"", ""score"": 0.03265839070081711}, {""label"": ""disgust"", ""score"": 0.0037277673836797476}, {""label"": ""embarrassment"", ""score"": 0.00259027979336679}, {""label"": ""excitement"", ""score"": 0.0010973053285852075}, {""label"": ""fear"", ""score"": 0.0009650766151025891}, {""label"": ""gratitude"", ""score"": 0.0005059658433310688}, {""label"": ""grief"", ""score"": 0.0005773475277237594}, {""label"": ""joy"", ""score"": 0.000926964043173939}, {""label"": ""love"", ""score"": 0.000693351321388036}, {""label"": ""nervousness"", ""score"": 0.0011204472975805402}, {""label"": ""optimism"", ""score"": 0.0024382947012782097}, {""label"": ""pride"", ""score"": 0.000123831516248174}, {""label"": ""realization"", ""score"": 0.003961758688092232}, {""label"": ""relief"", ""score"": 0.00017641595331951976}, {""label"": ""remorse"", ""score"": 0.0007773864199407399}, {""label"": ""sadness"", ""score"": 0.003994079772382975}, {""label"": ""surprise"", ""score"": 0.0027146372012794018}, {""label"": ""neutral"", ""score"": 0.2830969989299774}]",curiosity,6.7272727272727275,Ce tweet a un score de fiabilité de 6.7%.
at://did:plc:npxv4xbjzv7ent7kinrlxvld/app.bsky.feed.post/3lt4vfsqnws2j,https://bsky.app/profile/kmhall82.bsky.social/post/3lt4vfsqnws2j,bafyreibsccpdujgird2ahcnytq6cyk2x2c6o3go3dggmyvcncawxciw4xy,"But then it becomes a political football every time; how do you run the org like that when it becomes so politicized? Now, we’ve effectively entered that reality now, but it was developed with a longer-term view and structure, which I think was preferable.",2025-07-04T09:08:48.559Z,2025-07-04T09:08:49.737Z,{},1,0,1,did:plc:npxv4xbjzv7ent7kinrlxvld,kmhall82.bsky.social,Melt ICE this summer ☀️,0,0,0,2024-11-12T08:11:23.909Z,,False,,False,"""[]""",2025-07-04T10:10:32.794179Z,Vrai,"[0.002521637361496687, 0.9974783062934875]","[{""label"": ""admiration"", ""score"": 0.005451071076095104}, {""label"": ""amusement"", ""score"": 0.0008634230471216142}, {""label"": ""anger"", ""score"": 0.0022547878324985504}, {""label"": ""annoyance"", ""score"": 0.025003721937537193}, {""label"": ""approval"", ""score"": 0.2030721753835678}, {""label"": ""caring"", ""score"": 0.0026619064155966043}, {""label"": ""confusion"", ""score"": 0.39319127798080444}, {""label"": ""curiosity"", ""score"": 0.24201835691928864}, {""label"": ""desire"", ""score"": 0.0025487744715064764}, {""label"": ""disappointment"", ""score"": 0.011583066545426846}, {""label"": ""disapproval"", ""score"": 0.020184660330414772}, {""label"": ""disgust"", ""score"": 0.0018381963018327951}, {""label"": ""embarrassment"", ""score"": 0.001292712870053947}, {""label"": ""excitement"", ""score"": 0.0018071177182719111}, {""label"": ""fear"", ""score"": 0.001419800566509366}, {""label"": ""gratitude"", ""score"": 0.0004726899787783623}, {""label"": ""grief"", ""score"": 0.0004350576491560787}, {""label"": ""joy"", ""score"": 0.0013231264892965555}, {""label"": ""love"", ""score"": 0.001313396031036973}, {""label"": ""nervousness"", ""score"": 0.0013987728161737323}, {""label"": ""optimism"", ""score"": 0.016213668510317802}, {""label"": ""pride"", ""score"": 0.0003388583136256784}, {""label"": ""realization"", ""score"": 0.04260697588324547}, {""label"": ""relief"", ""score"": 0.000852312077768147}, {""label"": ""remorse"", ""score"": 0.0007559795631095767}, {""label"": ""sadness"", ""score"": 0.0017417013878002763}, {""label"": ""surprise"", ""score"": 0.00377826439216733}, {""label"": ""neutral"", ""score"": 0.29619714617729187}]",confusion,6.363636363636363,Ce tweet a un score de fiabilité de 6.4%.
at://did:plc:5q5aphkryddfhrwdtbnf6nlk/app.bsky.feed.post/3lt4vdcliy22m,https://bsky.app/profile/drbenwhitham.bsky.social/post/3lt4vdcliy22m,bafyreihyiav5jfwmbql6ogqe6i3g7ugnueu4o3sxeinjxzfu3oe4nhjulm,"""the centre""? this might be the furthest to the right that party's leadership has ever been on immigration, racism, gender, disability, welfare, taxation, union / worker power - and, with it's unambiguous support for genocide in Palestine, even on foreign policy (despite Blair's wars)",2025-07-04T09:07:24.503Z,2025-07-04T09:07:44.840Z,"""images=[Image(alt='From the Guardian: \""The move could dismantle the left-of-centre vote and present a headache for Starmer, who has repositioned Labour in the political centre.\""', image=BlobRef(mime_type='image/jpeg', size=116040, ref=IpldLink(link='bafkreibirsvjclvmdfrsij27aqzmtggerixij4g5rfdzrrli4okbhq6zgm'), py_type='blob'), aspect_ratio=AspectRatio(height=234, width=480, py_type='app.bsky.embed.defs#aspectRatio'), py_type='app.bsky.embed.images#image')] py_type='app.bsky.embed.images'""",6,1,1,did:plc:5q5aphkryddfhrwdtbnf6nlk,drbenwhitham.bsky.social,Ben Whitham,0,0,0,2023-09-07T12:39:45.638Z,,False,,False,"""[]""",2025-07-04T10:10:32.794888Z,Vrai,"[0.0026539377868175507, 0.997346043586731]","[{""label"": ""admiration"", ""score"": 0.006036220118403435}, {""label"": ""amusement"", ""score"": 0.0005044174613431096}, {""label"": ""anger"", ""score"": 0.0009199812775477767}, {""label"": ""annoyance"", ""score"": 0.004876847844570875}, {""label"": ""approval"", ""score"": 0.2738629877567291}, {""label"": ""caring"", ""score"": 0.001718700397759676}, {""label"": ""confusion"", ""score"": 0.05608731880784035}, {""label"": ""curiosity"", ""score"": 0.02947171777486801}, {""label"": ""desire"", ""score"": 0.001185920787975192}, {""label"": ""disappointment"", ""score"": 0.002840746194124222}, {""label"": ""disapproval"", ""score"": 0.006701253354549408}, {""label"": ""disgust"", ""score"": 0.0010463607031852007}, {""label"": ""embarrassment"", ""score"": 0.0004089413268957287}, {""label"": ""excitement"", ""score"": 0.0008861615788191557}, {""label"": ""fear"", ""score"": 0.0007990081212483346}, {""label"": ""gratitude"", ""score"": 0.0005230256356298923}, {""label"": ""grief"", ""score"": 0.00029183379956521094}, {""label"": ""joy"", ""score"": 0.0006973356357775629}, {""label"": ""love"", ""score"": 0.0018097053980454803}, {""label"": ""nervousness"", ""score"": 0.00044194349902682006}, {""label"": ""optimism"", ""score"": 0.00974976271390915}, {""label"": ""pride"", ""score"": 0.00031448714435100555}, {""label"": ""realization"", ""score"": 0.039545297622680664}, {""label"": ""relief"", ""score"": 0.0005706656374968588}, {""label"": ""remorse"", ""score"": 0.0005194709519855678}, {""label"": ""sadness"", ""score"": 0.0012133648851886392}, {""label"": ""surprise"", ""score"": 0.0014530288754031062}, {""label"": ""neutral"", ""score"": 0.6625687479972839}]",neutral,9.486166007905139,Ce tweet a un score de fiabilité de 9.5%.
at://did:plc:dottdevndkca5j72vxllp5lo/app.bsky.feed.post/3lt4vct5oak2x,https://bsky.app/profile/gavinsteven.bsky.social/post/3lt4vct5oak2x,bafyreibdc7mhvyyfkdzv63qa6qbvok23itnth3sc745mq2cvcqftaxuagq,"I was just reacting to your statement that there are no political parties advocating #RejoinEU. There are. In England, the Greens.  By your inference then so are Plaid as they will get over-ruled by whoever is the majority in England. I guess that's what you get as a colony.",2025-07-04T09:07:08.323Z,2025-07-04T09:07:07.639Z,{},2,0,1,did:plc:dottdevndkca5j72vxllp5lo,gavinsteven.bsky.social,Gavin Steven,0,0,0,2023-09-20T21:33:48.244Z,,False,,False,"""[]""",2025-07-04T10:10:32.795600Z,Vrai,"[0.35335540771484375, 0.6466445922851562]","[{""label"": ""admiration"", ""score"": 0.001108880271203816}, {""label"": ""amusement"", ""score"": 0.0009466069750487804}, {""label"": ""anger"", ""score"": 0.0009363804128952324}, {""label"": ""annoyance"", ""score"": 0.011246156878769398}, {""label"": ""approval"", ""score"": 0.09307881444692612}, {""label"": ""caring"", ""score"": 0.0013119514333084226}, {""label"": ""confusion"", ""score"": 0.01685839146375656}, {""label"": ""curiosity"", ""score"": 0.002718714065849781}, {""label"": ""desire"", ""score"": 0.0010298260021954775}, {""label"": ""disappointment"", ""score"": 0.004999136086553335}, {""label"": ""disapproval"", ""score"": 0.017921768128871918}, {""label"": ""disgust"", ""score"": 0.0008684761123731732}, {""label"": ""embarrassment"", ""score"": 0.00042743273661471903}, {""label"": ""excitement"", ""score"": 0.0004659075930248946}, {""label"": ""fear"", ""score"": 0.00040705068386159837}, {""label"": ""gratitude"", ""score"": 0.00047943429672159255}, {""label"": ""grief"", ""score"": 0.00021189644758123904}, {""label"": ""joy"", ""score"": 0.0007082597003318369}, {""label"": ""love"", ""score"": 0.0006893730605952442}, {""label"": ""nervousness"", ""score"": 0.00029547218582592905}, {""label"": ""optimism"", ""score"": 0.010088957846164703}, {""label"": ""pride"", ""score"": 0.0002057090459857136}, {""label"": ""realization"", ""score"": 0.05514611303806305}, {""label"": ""relief"", ""score"": 0.0004568345029838383}, {""label"": ""remorse"", ""score"": 0.0003482285828795284}, {""label"": ""sadness"", ""score"": 0.0008799327188171446}, {""label"": ""surprise"", ""score"": 0.0007674430380575359}, {""label"": ""neutral"", ""score"": 0.857214093208313}]",neutral,6.7272727272727275,Ce tweet a un score de fiabilité de 6.7%.
at://did:plc:wsukbw7jsndq3u7hqg7a2uje/app.bsky.feed.post/3lt4vcoilqc2i,https://bsky.app/profile/mliviartist.bsky.social/post/3lt4vcoilqc2i,bafyreievenvwtfrwjwjnk66rdisluh4yogpgpocm7icf57xyqevcqln77q,Trouble is loads of those who voted out are also Labour/non party political. I know many folk personally who voted out and are not at all wedded to one party or traditional Tory. I also know some who wouldn’t admit to it publicly and some who just thought it wouldn’t make much difference. 😳😳,2025-07-04T09:07:03.438Z,2025-07-04T09:07:04.536Z,{},0,0,0,did:plc:wsukbw7jsndq3u7hqg7a2uje,mliviartist.bsky.social,Michelle,0,0,0,2024-08-16T19:34:17.288Z,,False,,False,"""[]""",2025-07-04T10:10:32.795727Z,Vrai,"[0.0026873524766415358, 0.997312605381012]","[{""label"": ""admiration"", ""score"": 0.0011560874991118908}, {""label"": ""amusement"", ""score"": 0.007239854894578457}, {""label"": ""anger"", ""score"": 0.002797073917463422}, {""label"": ""annoyance"", ""score"": 0.033625535666942596}, {""label"": ""approval"", ""score"": 0.1175624206662178}, {""label"": ""caring"", ""score"": 0.01578427106142044}, {""label"": ""confusion"", ""score"": 0.010304579511284828}, {""label"": ""curiosity"", ""score"": 0.0028897211886942387}, {""label"": ""desire"", ""score"": 0.0066903154365718365}, {""label"": ""disappointment"", ""score"": 0.15173125267028809}, {""label"": ""disapproval"", ""score"": 0.07371068000793457}, {""label"": ""disgust"", ""score"": 0.001644759438931942}, {""label"": ""embarrassment"", ""score"": 0.0041043516248464584}, {""label"": ""excitement"", ""score"": 0.00048629107186570764}, {""label"": ""fear"", ""score"": 0.0023524563293904066}, {""label"": ""gratitude"", ""score"": 0.00014314365398604423}, {""label"": ""grief"", ""score"": 0.0022561056539416313}, {""label"": ""joy"", ""score"": 0.002624435117468238}, {""label"": ""love"", ""score"": 0.0028060832992196083}, {""label"": ""nervousness"", ""score"": 0.009203402325510979}, {""label"": ""optimism"", ""score"": 0.03219234198331833}, {""label"": ""pride"", ""score"": 0.0005366673576645553}, {""label"": ""realization"", ""score"": 0.07835645228624344}, {""label"": ""relief"", ""score"": 0.0035172426141798496}, {""label"": ""remorse"", ""score"": 0.009949815459549427}, {""label"": ""sadness"", ""score"": 0.1538867950439453}, {""label"": ""surprise"", ""score"": 0.0005153383244760334}, {""label"": ""neutral"", ""score"": 0.3208555579185486}]",neutral,0.0,Ce tweet a un score de fiabilité de 0.0%.
at://did:plc:nitmwn5f5qx5yqebcj6ra73o/app.bsky.feed.post/3lt4vazmhcc22,https://bsky.app/profile/bencoates1.bsky.social/post/3lt4vazmhcc22,bafyreianvcmgb6xewq4ary6g2desduox424u7qjfes2zayjyp3xp24sjxi,It’s remarkable how much of Dutch political discourse at the moment consists of parties which are/were part of the current government bitterly complaining about the failures of the current government. Literally: the policy I was implementing last month is a disgrace.,2025-07-04T09:06:07.989Z,2025-07-04T09:06:08.736Z,{},26,5,2,did:plc:nitmwn5f5qx5yqebcj6ra73o,bencoates1.bsky.social,Ben Coates,0,0,0,2024-11-16T17:13:24.180Z,,False,,False,"""[]""",2025-07-04T10:10:32.795828Z,Vrai,"[0.0032591314520686865, 0.9967408776283264]","[{""label"": ""admiration"", ""score"": 0.021485459059476852}, {""label"": ""amusement"", ""score"": 0.0024732721503823996}, {""label"": ""anger"", ""score"": 0.010691836476325989}, {""label"": ""annoyance"", ""score"": 0.22751624882221222}, {""label"": ""approval"", ""score"": 0.014134841039776802}, {""label"": ""caring"", ""score"": 0.0006985199288465083}, {""label"": ""confusion"", ""score"": 0.0033108522184193134}, {""label"": ""curiosity"", ""score"": 0.0026787666138261557}, {""label"": ""desire"", ""score"": 0.0012113001430407166}, {""label"": ""disappointment"", ""score"": 0.5262482762336731}, {""label"": ""disapproval"", ""score"": 0.11806823313236237}, {""label"": ""disgust"", ""score"": 0.06801667809486389}, {""label"": ""embarrassment"", ""score"": 0.11002922803163528}, {""label"": ""excitement"", ""score"": 0.002192589221522212}, {""label"": ""fear"", ""score"": 0.001626075361855328}, {""label"": ""gratitude"", ""score"": 0.0015797963133081794}, {""label"": ""grief"", ""score"": 0.0015083675971254706}, {""label"": ""joy"", ""score"": 0.0012538406299427152}, {""label"": ""love"", ""score"": 0.0014195976546034217}, {""label"": ""nervousness"", ""score"": 0.0009871494257822633}, {""label"": ""optimism"", ""score"": 0.0027856631204485893}, {""label"": ""pride"", ""score"": 0.001837305841036141}, {""label"": ""realization"", ""score"": 0.02820928767323494}, {""label"": ""relief"", ""score"": 0.001591063803061843}, {""label"": ""remorse"", ""score"": 0.004393087700009346}, {""label"": ""sadness"", ""score"": 0.011141649447381496}, {""label"": ""surprise"", ""score"": 0.010711494833230972}, {""label"": ""neutral"", ""score"": 0.15893737971782684}]",disappointment,27.976284584980238,Ce tweet a un score de fiabilité de 28.0%.
at://did:plc:jjoabwun256v5d4ndjuc5sly/app.bsky.feed.post/3lt4vapdos227,https://bsky.app/profile/dominiccottrill.bsky.social/post/3lt4vapdos227,bafyreiahbo2rhzmjm4fobmliazch7ppqfrt42km5aenn6hn2kfxegzwmkq,It's a good job nothing is happening in the political world at the moment.,2025-07-04T09:05:57.217Z,2025-07-04T09:05:59.136Z,{},0,0,0,did:plc:jjoabwun256v5d4ndjuc5sly,dominiccottrill.bsky.social,Dominic Cottrill,0,0,0,2024-11-12T09:17:16.408Z,,False,,False,"""[]""",2025-07-04T10:10:32.796797Z,Vrai,"[0.007866610772907734, 0.992133378982544]","[{""label"": ""admiration"", ""score"": 0.8543952703475952}, {""label"": ""amusement"", ""score"": 0.00101652299053967}, {""label"": ""anger"", ""score"": 0.002216610126197338}, {""label"": ""annoyance"", ""score"": 0.017830364406108856}, {""label"": ""approval"", ""score"": 0.1258181780576706}, {""label"": ""caring"", ""score"": 0.0032510787714272738}, {""label"": ""confusion"", ""score"": 0.005497647449374199}, {""label"": ""curiosity"", ""score"": 0.001724936068058014}, {""label"": ""desire"", ""score"": 0.0017349700210615993}, {""label"": ""disappointment"", ""score"": 0.0810384675860405}, {""label"": ""disapproval"", ""score"": 0.06886740773916245}, {""label"": ""disgust"", ""score"": 0.0021231842692941427}, {""label"": ""embarrassment"", ""score"": 0.0015172831481322646}, {""label"": ""excitement"", ""score"": 0.002482474083080888}, {""label"": ""fear"", ""score"": 0.0007795956335030496}, {""label"": ""gratitude"", ""score"": 0.02561957761645317}, {""label"": ""grief"", ""score"": 0.0012022667797282338}, {""label"": ""joy"", ""score"": 0.003816775744780898}, {""label"": ""love"", ""score"": 0.002765767043456435}, {""label"": ""nervousness"", ""score"": 0.0005557105760090053}, {""label"": ""optimism"", ""score"": 0.017962340265512466}, {""label"": ""pride"", ""score"": 0.005530046299099922}, {""label"": ""realization"", ""score"": 0.028652025386691093}, {""label"": ""relief"", ""score"": 0.003488862421363592}, {""label"": ""remorse"", ""score"": 0.0018711693119257689}, {""label"": ""sadness"", ""score"": 0.006209993734955788}, {""label"": ""surprise"", ""score"": 0.002139198360964656}, {""label"": ""neutral"", ""score"": 0.040978431701660156}]",admiration,0.0,Ce tweet a un score de fiabilité de 0.0%.
at://did:plc:zlxl3hd3ityxyaxhaktedpx6/app.bsky.feed.post/3lt4v6xvoac24,https://bsky.app/profile/kevinbeee.bsky.social/post/3lt4v6xvoac24,bafyreigqtjpgt6vnas5yptdk42yfnoyvvrqre6s2qjxms47wmh6jn6xmhm,"It really does feel though like political tensions here are months away from escalating to a level that most living Americans have not experienced and are not equipped (psychologically, at least) to deal with.",2025-07-04T09:04:59.082Z,2025-07-04T09:04:59.437Z,{},0,0,0,did:plc:zlxl3hd3ityxyaxhaktedpx6,kevinbeee.bsky.social,Kevin Beeee,0,0,0,2024-11-11T09:30:52.078Z,,False,,False,"""[]""",2025-07-04T10:10:32.797364Z,Vrai,"[0.002214982407167554, 0.9977849721908569]","[{""label"": ""admiration"", ""score"": 0.000846365699544549}, {""label"": ""amusement"", ""score"": 0.0007270922069437802}, {""label"": ""anger"", ""score"": 0.004814262501895428}, {""label"": ""annoyance"", ""score"": 0.12884196639060974}, {""label"": ""approval"", ""score"": 0.030620520934462547}, {""label"": ""caring"", ""score"": 0.0025457541923969984}, {""label"": ""confusion"", ""score"": 0.011955791153013706}, {""label"": ""curiosity"", ""score"": 0.0015367022715508938}, {""label"": ""desire"", ""score"": 0.0025308646727353334}, {""label"": ""disappointment"", ""score"": 0.3029753565788269}, {""label"": ""disapproval"", ""score"": 0.2264881432056427}, {""label"": ""disgust"", ""score"": 0.004217497538775206}, {""label"": ""embarrassment"", ""score"": 0.005653060972690582}, {""label"": ""excitement"", ""score"": 0.0008930311887525022}, {""label"": ""fear"", ""score"": 0.0027672655414789915}, {""label"": ""gratitude"", ""score"": 0.000494649400934577}, {""label"": ""grief"", ""score"": 0.0011030808091163635}, {""label"": ""joy"", ""score"": 0.0012080790475010872}, {""label"": ""love"", ""score"": 0.0005845254054293036}, {""label"": ""nervousness"", ""score"": 0.004560047294944525}, {""label"": ""optimism"", ""score"": 0.010069023817777634}, {""label"": ""pride"", ""score"": 0.00047654903028160334}, {""label"": ""realization"", ""score"": 0.06189730390906334}, {""label"": ""relief"", ""score"": 0.0018617574824020267}, {""label"": ""remorse"", ""score"": 0.002446554834023118}, {""label"": ""sadness"", ""score"": 0.023593857884407043}, {""label"": ""surprise"", ""score"": 0.0015392781933769584}, {""label"": ""neutral"", ""score"": 0.4483163058757782}]",neutral,0.0,Ce tweet a un score de fiabilité de 0.0%.
at://did:plc:demwgynhy6e56sws7adwanvi/app.bsky.feed.post/3lt4v6w3rp22a,https://bsky.app/profile/chrisjmonaghan.bsky.social/post/3lt4v6w3rp22a,bafyreiea5pj2eq47o2qx6nmfclnwvycsjswal3lrzthh4hbm6csvuymkei,Another fantastic round of papers at this morning’s #WarrenHastings conference.   Jocelyn Harris’ discussion of the link between Jane Austen and Warren Hastings - and whether he was the inspiration for Col Brandon.  Martyn Powell’s paper on the career and political writings of Richard Sheridan.,2025-07-04T09:04:57.189Z,2025-07-04T09:05:01.137Z,{},0,0,1,did:plc:demwgynhy6e56sws7adwanvi,chrisjmonaghan.bsky.social,Chris Monaghan,0,0,0,2024-10-10T08:15:34.207Z,,False,,False,"""[]""",2025-07-04T10:10:32.797473Z,Vrai,"[0.006743798032402992, 0.9932562112808228]","[{""label"": ""admiration"", ""score"": 0.1303493082523346}, {""label"": ""amusement"", ""score"": 0.0013644054997712374}, {""label"": ""anger"", ""score"": 0.0005132867372594774}, {""label"": ""annoyance"", ""score"": 0.002697484567761421}, {""label"": ""approval"", ""score"": 0.11117873340845108}, {""label"": ""caring"", ""score"": 0.00046103374916128814}, {""label"": ""confusion"", ""score"": 0.0071626934222877026}, {""label"": ""curiosity"", ""score"": 0.016376065090298653}, {""label"": ""desire"", ""score"": 0.0011858021607622504}, {""label"": ""disappointment"", ""score"": 0.0016539153875783086}, {""label"": ""disapproval"", ""score"": 0.002015479374676943}, {""label"": ""disgust"", ""score"": 0.0007349152001552284}, {""label"": ""embarrassment"", ""score"": 0.0002659537422005087}, {""label"": ""excitement"", ""score"": 0.02822878398001194}, {""label"": ""fear"", ""score"": 0.0004357503494247794}, {""label"": ""gratitude"", ""score"": 0.0009271429153159261}, {""label"": ""grief"", ""score"": 0.00015855288074817508}, {""label"": ""joy"", ""score"": 0.0043538534082472324}, {""label"": ""love"", ""score"": 0.0011681320611387491}, {""label"": ""nervousness"", ""score"": 0.00023421863443218172}, {""label"": ""optimism"", ""score"": 0.004973396193236113}, {""label"": ""pride"", ""score"": 0.001146356575191021}, {""label"": ""realization"", ""score"": 0.009870059788227081}, {""label"": ""relief"", ""score"": 0.0005882038967683911}, {""label"": ""remorse"", ""score"": 0.00013093125016894192}, {""label"": ""sadness"", ""score"": 0.0003926905628759414}, {""label"": ""surprise"", ""score"": 0.0055787027813494205}, {""label"": ""neutral"", ""score"": 0.7033042311668396}]",neutral,6.0,Ce tweet a un score de fiabilité de 6.0%.
at://did:plc:x4o6wnnaozelkdsk3qqjlw3a/app.bsky.feed.post/3lt4v3cgjbc2r,https://bsky.app/profile/mrfrodough.bsky.social/post/3lt4v3cgjbc2r,bafyreievhmf5izdbffyanxpc6ojlxi6zaxqno6zkgvv7japengsoedeqwu,Well the government does have this thing called a military.  Governments necessarily enforce law with violence or the threat of violence. It can work on the rich with the political will.,2025-07-04T09:02:55.905Z,2025-07-04T09:02:56.335Z,{},0,0,0,did:plc:x4o6wnnaozelkdsk3qqjlw3a,mrfrodough.bsky.social,,0,0,0,2025-04-11T02:02:59.572Z,,False,,False,"""[]""",2025-07-04T10:10:33.265222Z,Vrai,"[0.07555161416530609, 0.9244483709335327]","[{""label"": ""admiration"", ""score"": 0.0046672155149281025}, {""label"": ""amusement"", ""score"": 0.0006436362164095044}, {""label"": ""anger"", ""score"": 0.0009192646248266101}, {""label"": ""annoyance"", ""score"": 0.005459041800349951}, {""label"": ""approval"", ""score"": 0.3100253641605377}, {""label"": ""caring"", ""score"": 0.003000714350491762}, {""label"": ""confusion"", ""score"": 0.006513514090329409}, {""label"": ""curiosity"", ""score"": 0.0012256404152140021}, {""label"": ""desire"", ""score"": 0.002100389450788498}, {""label"": ""disappointment"", ""score"": 0.0030895466916263103}, {""label"": ""disapproval"", ""score"": 0.013375897891819477}, {""label"": ""disgust"", ""score"": 0.0008627470815554261}, {""label"": ""embarrassment"", ""score"": 0.00028109477716498077}, {""label"": ""excitement"", ""score"": 0.0006130928522907197}, {""label"": ""fear"", ""score"": 0.0006434007082134485}, {""label"": ""gratitude"", ""score"": 0.0012374116340652108}, {""label"": ""grief"", ""score"": 0.00024125190975610167}, {""label"": ""joy"", ""score"": 0.0007000833284109831}, {""label"": ""love"", ""score"": 0.0007555517950095236}, {""label"": ""nervousness"", ""score"": 0.0003097674052696675}, {""label"": ""optimism"", ""score"": 0.031992554664611816}, {""label"": ""pride"", ""score"": 0.0005404490511864424}, {""label"": ""realization"", ""score"": 0.04774395748972893}, {""label"": ""relief"", ""score"": 0.0008691504481248558}, {""label"": ""remorse"", ""score"": 0.0003874220128636807}, {""label"": ""sadness"", ""score"": 0.000913775700610131}, {""label"": ""surprise"", ""score"": 0.0004808088415302336}, {""label"": ""neutral"", ""score"": 0.7464528679847717}]",neutral,0.0,Ce tweet a un score de fiabilité de 0.0%.
at://did:plc:zngipol5qkxkwd7t7yiujdky/app.bsky.feed.post/3lt4v2u2x7k2h,https://bsky.app/profile/benandersongeog.bsky.social/post/3lt4v2u2x7k2h,bafyreickpixajzwtqvr7yutefi3az6vlej6rutdy64ondr6fvtx4pkuvya,"The Politics of Feeling, with @ajsecor.bsky.social , is now out! It’s a book of propositions about the affective politics of three political forms - right wing populism, progressivism, liberalism - in the present post 2008 conjunctural crisis:   mitpress.mit.edu/978191598329...",2025-07-04T09:02:40.844Z,2025-07-04T09:02:43.136Z,"""external=External(description='The Politics of Feeling argues that politics has become a matter of political feelings in an age of uncertainty. The uncertainties of the post-2008 period ha...', title='The Politics of Feeling', uri='https://mitpress.mit.edu/9781915983299/the-politics-of-feeling/', thumb=BlobRef(mime_type='image/jpeg', size=108278, ref=IpldLink(link='bafkreigttqcxtzhi2hbdglfgqzsrln7h6yruvpxd2hq5xl5awcvgpr63pu'), py_type='blob'), py_type='app.bsky.embed.external#external') py_type='app.bsky.embed.external'""",5,4,0,did:plc:zngipol5qkxkwd7t7yiujdky,benandersongeog.bsky.social,Ben Anderson,0,0,0,2024-12-08T15:42:25.245Z,,False,,False,"""[]""",2025-07-04T10:10:33.265437Z,Vrai,"[0.11267787218093872, 0.8873220682144165]","[{""label"": ""admiration"", ""score"": 0.0036102195736020803}, {""label"": ""amusement"", ""score"": 0.001122222631238401}, {""label"": ""anger"", ""score"": 0.0007569732842966914}, {""label"": ""annoyance"", ""score"": 0.005277575459331274}, {""label"": ""approval"", ""score"": 0.06737744063138962}, {""label"": ""caring"", ""score"": 0.0006138061289675534}, {""label"": ""confusion"", ""score"": 0.001974788960069418}, {""label"": ""curiosity"", ""score"": 0.0011969723273068666}, {""label"": ""desire"", ""score"": 0.0011449777521193027}, {""label"": ""disappointment"", ""score"": 0.002955123782157898}, {""label"": ""disapproval"", ""score"": 0.00392134627327323}, {""label"": ""disgust"", ""score"": 0.0010771166998893023}, {""label"": ""embarrassment"", ""score"": 0.0003759446553885937}, {""label"": ""excitement"", ""score"": 0.003056854708120227}, {""label"": ""fear"", ""score"": 0.0008106367313303053}, {""label"": ""gratitude"", ""score"": 0.0005871765897609293}, {""label"": ""grief"", ""score"": 0.00022516114404425025}, {""label"": ""joy"", ""score"": 0.0019646110013127327}, {""label"": ""love"", ""score"": 0.0009369177278131247}, {""label"": ""nervousness"", ""score"": 0.000351295544533059}, {""label"": ""optimism"", ""score"": 0.0023253397084772587}, {""label"": ""pride"", ""score"": 0.00036823368282057345}, {""label"": ""realization"", ""score"": 0.01700904406607151}, {""label"": ""relief"", ""score"": 0.00056316121481359}, {""label"": ""remorse"", ""score"": 0.00019441344193182886}, {""label"": ""sadness"", ""score"": 0.001277429866604507}, {""label"": ""surprise"", ""score"": 0.0008828657446429133}, {""label"": ""neutral"", ""score"": 0.9293896555900574}]",neutral,7.035573122529644,Ce tweet a un score de fiabilité de 7.0%.
at://did:plc:3ozzh65qmvew4dofcnh55glz/app.bsky.feed.post/3lt4v2at37c2f,https://bsky.app/profile/europeantimenews.bsky.social/post/3lt4v2at37c2f,bafyreia75qymbysembxjrhlsywzo2caosus3nuf6a6n2f4pschuwbdxutu,"You may be thinking ""How can an entire political party be organized around the policy of taking from everyone and giving to the rich? No one would vote for them."" Well that's where Lying comes in",2025-07-04T09:02:20.666Z,2025-07-04T09:02:23.439Z,{},1,0,0,did:plc:3ozzh65qmvew4dofcnh55glz,europeantimenews.bsky.social,European Time News,0,0,0,2025-06-25T08:11:34.032Z,,False,,False,"""[]""",2025-07-04T10:10:33.265532Z,Vrai,"[0.00632950384169817, 0.9936704635620117]","[{""label"": ""admiration"", ""score"": 0.0008072385680861771}, {""label"": ""amusement"", ""score"": 0.006022177170962095}, {""label"": ""anger"", ""score"": 0.006167848594486713}, {""label"": ""annoyance"", ""score"": 0.14279720187187195}, {""label"": ""approval"", ""score"": 0.029794666916131973}, {""label"": ""caring"", ""score"": 0.0011252344120293856}, {""label"": ""confusion"", ""score"": 0.02679160051047802}, {""label"": ""curiosity"", ""score"": 0.01943095214664936}, {""label"": ""desire"", ""score"": 0.0011457381770014763}, {""label"": ""disappointment"", ""score"": 0.03472765535116196}, {""label"": ""disapproval"", ""score"": 0.027618903666734695}, {""label"": ""disgust"", ""score"": 0.005889991298317909}, {""label"": ""embarrassment"", ""score"": 0.004213330335915089}, {""label"": ""excitement"", ""score"": 0.0006334609934128821}, {""label"": ""fear"", ""score"": 0.0016004956560209394}, {""label"": ""gratitude"", ""score"": 7.695917884120718e-05}, {""label"": ""grief"", ""score"": 0.0005792274023406208}, {""label"": ""joy"", ""score"": 0.0007610291359014809}, {""label"": ""love"", ""score"": 0.00023138397955335677}, {""label"": ""nervousness"", ""score"": 0.0013858512975275517}, {""label"": ""optimism"", ""score"": 0.00523979589343071}, {""label"": ""pride"", ""score"": 0.00020096411753911525}, {""label"": ""realization"", ""score"": 0.06336671113967896}, {""label"": ""relief"", ""score"": 0.0005183867760933936}, {""label"": ""remorse"", ""score"": 0.0004398339078761637}, {""label"": ""sadness"", ""score"": 0.005298317410051823}, {""label"": ""surprise"", ""score"": 0.003892421955242753}, {""label"": ""neutral"", ""score"": 0.6654030084609985}]",neutral,0.36363636363636365,Ce tweet a un score de fiabilité de 0.4%.
at://did:plc:sdsyymccm4rj75gn7if24eef/app.bsky.feed.post/3lt4uxn56t226,https://bsky.app/profile/annharries.bsky.social/post/3lt4uxn56t226,bafyreih76sukcjuphiij6gbfzx4virbfxgqbrq325tah3y3c5dwvv4nwyy,"If you look at the arc political beliefs within the UK Labour is still left-wing. I don’t see that this will add anything because if you want to vote further left, there’s already the green party.",2025-07-04T09:00:52.917Z,2025-07-04T09:00:53.536Z,{},1,0,1,did:plc:sdsyymccm4rj75gn7if24eef,annharries.bsky.social,Ann Harries,0,0,0,2023-09-24T06:38:19.907Z,,False,,False,"""[]""",2025-07-04T10:10:33.266302Z,Vrai,"[0.0018389347242191434, 0.9981610178947449]","[{""label"": ""admiration"", ""score"": 0.0026064286939799786}, {""label"": ""amusement"", ""score"": 0.0010264456504955888}, {""label"": ""anger"", ""score"": 0.001278750249184668}, {""label"": ""annoyance"", ""score"": 0.012995836324989796}, {""label"": ""approval"", ""score"": 0.09810496866703033}, {""label"": ""caring"", ""score"": 0.0022350747603923082}, {""label"": ""confusion"", ""score"": 0.02827947400510311}, {""label"": ""curiosity"", ""score"": 0.0016413993434980512}, {""label"": ""desire"", ""score"": 0.001709389267489314}, {""label"": ""disappointment"", ""score"": 0.008941601030528545}, {""label"": ""disapproval"", ""score"": 0.36176905035972595}, {""label"": ""disgust"", ""score"": 0.0008438202203251421}, {""label"": ""embarrassment"", ""score"": 0.0004786808858625591}, {""label"": ""excitement"", ""score"": 0.0007979585789144039}, {""label"": ""fear"", ""score"": 0.0005021548131480813}, {""label"": ""gratitude"", ""score"": 0.000946876360103488}, {""label"": ""grief"", ""score"": 0.00023210627841763198}, {""label"": ""joy"", ""score"": 0.0012128119124099612}, {""label"": ""love"", ""score"": 0.000799441069830209}, {""label"": ""nervousness"", ""score"": 0.0004363953194115311}, {""label"": ""optimism"", ""score"": 0.011445590294897556}, {""label"": ""pride"", ""score"": 0.0003169045376125723}, {""label"": ""realization"", ""score"": 0.03927699476480484}, {""label"": ""relief"", ""score"": 0.0008320635533891618}, {""label"": ""remorse"", ""score"": 0.0003692800528369844}, {""label"": ""sadness"", ""score"": 0.0011525325244292617}, {""label"": ""surprise"", ""score"": 0.0009631604189053178}, {""label"": ""neutral"", ""score"": 0.6105902194976807}]",neutral,6.363636363636363,Ce tweet a un score de fiabilité de 6.4%.
at://did:plc:djqpqfxusodphmduoy2k4svg/app.bsky.feed.post/3lt4uxklqes2v,https://bsky.app/profile/twicelost.bsky.social/post/3lt4uxklqes2v,bafyreiarrm2wfs352twtmulqp7rijck5htwv2ihcs4lo6krjb6llsjz6bi,Not to get all political but ure mama is the one who is gross,2025-07-04T09:00:50.247Z,2025-07-04T09:00:53.940Z,{},0,0,0,did:plc:djqpqfxusodphmduoy2k4svg,twicelost.bsky.social,Hippo Potato,0,0,0,2024-11-06T14:20:57.387Z,,False,,False,"""[]""",2025-07-04T10:10:33.266401Z,Faux,"[0.7881962656974792, 0.21180371940135956]","[{""label"": ""admiration"", ""score"": 0.005561951547861099}, {""label"": ""amusement"", ""score"": 0.011091574095189571}, {""label"": ""anger"", ""score"": 0.01469628419727087}, {""label"": ""annoyance"", ""score"": 0.14013659954071045}, {""label"": ""approval"", ""score"": 0.028800608590245247}, {""label"": ""caring"", ""score"": 0.0011132307117804885}, {""label"": ""confusion"", ""score"": 0.0031119801569730043}, {""label"": ""curiosity"", ""score"": 0.003343396121636033}, {""label"": ""desire"", ""score"": 0.0029648987110704184}, {""label"": ""disappointment"", ""score"": 0.018054135143756866}, {""label"": ""disapproval"", ""score"": 0.059420838952064514}, {""label"": ""disgust"", ""score"": 0.6862878799438477}, {""label"": ""embarrassment"", ""score"": 0.016214413568377495}, {""label"": ""excitement"", ""score"": 0.0018605828518047929}, {""label"": ""fear"", ""score"": 0.00504769803956151}, {""label"": ""gratitude"", ""score"": 0.0014452622272074223}, {""label"": ""grief"", ""score"": 0.0005777072510682046}, {""label"": ""joy"", ""score"": 0.0014296658337116241}, {""label"": ""love"", ""score"": 0.003465685760602355}, {""label"": ""nervousness"", ""score"": 0.0006539065507240593}, {""label"": ""optimism"", ""score"": 0.0012856965186074376}, {""label"": ""pride"", ""score"": 0.0005246918881312013}, {""label"": ""realization"", ""score"": 0.007920079864561558}, {""label"": ""relief"", ""score"": 0.0005995627143420279}, {""label"": ""remorse"", ""score"": 0.0008974791271612048}, {""label"": ""sadness"", ""score"": 0.004451430402696133}, {""label"": ""surprise"", ""score"": 0.0015270336298272014}, {""label"": ""neutral"", ""score"": 0.1707751601934433}]",disgust,0.0,Ce tweet a un score de fiabilité de 0.0%.
at://did:plc:dacqb5pqgmkpig2l5oo4n6m4/app.bsky.feed.post/3lt4ux6exik26,https://bsky.app/profile/mathdemocrat.bsky.social/post/3lt4ux6exik26,bafyreieoka57b7z3orr5frz4nndjttzxv364zyad75xhbg2ehdpx7cu6wm,""" The administration was pursuing a weak legal case in court while simultaneously trying a much more sensational political case in the court of public opinion.""",2025-07-04T09:00:37.442Z,2025-07-04T09:00:39.338Z,{},0,0,0,did:plc:dacqb5pqgmkpig2l5oo4n6m4,mathdemocrat.bsky.social,math democrat,0,0,0,2024-11-21T03:40:15.570Z,,False,,False,"""[]""",2025-07-04T10:10:33.266478Z,Vrai,"[0.000960257719270885, 0.9990397095680237]","[{""label"": ""admiration"", ""score"": 0.001653802813962102}, {""label"": ""amusement"", ""score"": 0.001264744671061635}, {""label"": ""anger"", ""score"": 0.0025157546624541283}, {""label"": ""annoyance"", ""score"": 0.013460668735206127}, {""label"": ""approval"", ""score"": 0.02878318727016449}, {""label"": ""caring"", ""score"": 0.0009282491519115865}, {""label"": ""confusion"", ""score"": 0.0012763841077685356}, {""label"": ""curiosity"", ""score"": 0.0007313193054869771}, {""label"": ""desire"", ""score"": 0.000550351629499346}, {""label"": ""disappointment"", ""score"": 0.0050630890764296055}, {""label"": ""disapproval"", ""score"": 0.011053062044084072}, {""label"": ""disgust"", ""score"": 0.0017041811952367425}, {""label"": ""embarrassment"", ""score"": 0.0007314845570363104}, {""label"": ""excitement"", ""score"": 0.0007864809012971818}, {""label"": ""fear"", ""score"": 0.0011061682598665357}, {""label"": ""gratitude"", ""score"": 0.000565894297324121}, {""label"": ""grief"", ""score"": 0.0003420696593821049}, {""label"": ""joy"", ""score"": 0.00093036302132532}, {""label"": ""love"", ""score"": 0.0004979384830221534}, {""label"": ""nervousness"", ""score"": 0.0003181193314958364}, {""label"": ""optimism"", ""score"": 0.0016794564435258508}, {""label"": ""pride"", ""score"": 0.00025021322653628886}, {""label"": ""realization"", ""score"": 0.013703055679798126}, {""label"": ""relief"", ""score"": 0.0003784179862122983}, {""label"": ""remorse"", ""score"": 0.0002449067251291126}, {""label"": ""sadness"", ""score"": 0.002353182528167963}, {""label"": ""surprise"", ""score"": 0.0006138629396446049}, {""label"": ""neutral"", ""score"": 0.9370655417442322}]",neutral,0.0,Ce tweet a un score de fiabilité de 0.0%.
at://did:plc:q53ibv7ujf27tbhk7ar76tfz/app.bsky.feed.post/3lt4uwrqpx223,https://bsky.app/profile/marc55.bsky.social/post/3lt4uwrqpx223,bafyreibxwhezsth3ibfs364kxd4qeso33ued3uzkxxnlquw3te4m6snl6y,See?  Half of America still hates the other half. This is not just Trump sentiments either. Listen to the way GOP talks about their political opponents. They hate each other and it sells news.  Complete bullshit country.,2025-07-04T09:00:24.196Z,2025-07-04T09:00:24.042Z,"""record=Main(cid='bafyreigp6l7n2qmwwqoeyrwhjn3w3v7vcgvol7b4gkweyifnmuio6xkzge', uri='at://did:plc:4ownlsrdmnvwgzmcdi2bof6s/app.bsky.feed.post/3lt4sznabak2d', py_type='com.atproto.repo.strongRef') py_type='app.bsky.embed.record'""",2,0,0,did:plc:q53ibv7ujf27tbhk7ar76tfz,marc55.bsky.social,Marc 🍁,0,0,0,2024-01-12T07:07:53.450Z,,False,,False,"""[]""",2025-07-04T10:10:33.266612Z,Vrai,"[0.001071081031113863, 0.9989288449287415]","[{""label"": ""admiration"", ""score"": 0.001858162460848689}, {""label"": ""amusement"", ""score"": 0.0017093510832637548}, {""label"": ""anger"", ""score"": 0.18003226816654205}, {""label"": ""annoyance"", ""score"": 0.5353725552558899}, {""label"": ""approval"", ""score"": 0.023109305649995804}, {""label"": ""caring"", ""score"": 0.0013100384967401624}, {""label"": ""confusion"", ""score"": 0.005076027940958738}, {""label"": ""curiosity"", ""score"": 0.005978669039905071}, {""label"": ""desire"", ""score"": 0.0011433068430051208}, {""label"": ""disappointment"", ""score"": 0.018627509474754333}, {""label"": ""disapproval"", ""score"": 0.06253393739461899}, {""label"": ""disgust"", ""score"": 0.02029387280344963}, {""label"": ""embarrassment"", ""score"": 0.00228619622066617}, {""label"": ""excitement"", ""score"": 0.0006257685017772019}, {""label"": ""fear"", ""score"": 0.00051807303680107}, {""label"": ""gratitude"", ""score"": 0.0002968868939206004}, {""label"": ""grief"", ""score"": 0.000281941844150424}, {""label"": ""joy"", ""score"": 0.0005269809043966234}, {""label"": ""love"", ""score"": 0.0005457170773297548}, {""label"": ""nervousness"", ""score"": 0.00029362132772803307}, {""label"": ""optimism"", ""score"": 0.0022316088434308767}, {""label"": ""pride"", ""score"": 0.0002791637962218374}, {""label"": ""realization"", ""score"": 0.008868597447872162}, {""label"": ""relief"", ""score"": 0.00018618367903400213}, {""label"": ""remorse"", ""score"": 0.00020729225070681423}, {""label"": ""sadness"", ""score"": 0.001517092576250434}, {""label"": ""surprise"", ""score"": 0.00142281677108258}, {""label"": ""neutral"", ""score"": 0.3535551428794861}]",annoyance,0.7272727272727273,Ce tweet a un score de fiabilité de 0.7%.
at://did:plc:hi4pzyariicgzdfvwuytipdi/app.bsky.feed.post/3lt4uw5fd7s24,https://bsky.app/profile/rowlandcarson.bsky.social/post/3lt4uw5fd7s24,bafyreifhshb4l4qu2p745ka5uozyqnu4cf3cey5se7z6ob37g4udmoi7jm,Kill another green law? The EU wants to continue protecting polluters spreading greenwashing lies. Finally political momentum is on our side to stop this. Sign to demand the anti-greenwashing law. action.wemove.eu/sign/2025-07...,2025-07-04T09:00:02.852Z,2025-07-04T09:00:06.056Z,"""external=External(description='Kill another green law? The EU wants to continue protecting polluters spreading greenwashing lies. Finally political momentum is on our side to stop this. Sign to demand the anti-greenwashing law.', title='No more \u201cgreen\u201d lies! Don\u2019t let the EU kill the anti-greenwashing law.', uri='https://action.wemove.eu/sign/2025-07-antigreenwashing-directive-petition-EN?akid=s6343753..kNy8Sz', thumb=BlobRef(mime_type='image/jpeg', size=506512, ref=IpldLink(link='bafkreib5v7fkonar7ioqvsgscvlut3j6w4zvhwro2rfpicfazktkwvdjoi'), py_type='blob'), py_type='app.bsky.embed.external#external') py_type='app.bsky.embed.external'""",0,0,0,did:plc:hi4pzyariicgzdfvwuytipdi,rowlandcarson.bsky.social,,0,0,0,2023-12-30T16:17:59.300Z,,False,,False,"""[]""",2025-07-04T10:10:33.266828Z,Vrai,"[0.0394713468849659, 0.9605286717414856]","[{""label"": ""admiration"", ""score"": 0.0016839979216456413}, {""label"": ""amusement"", ""score"": 0.0004929915885441005}, {""label"": ""anger"", ""score"": 0.002944828011095524}, {""label"": ""annoyance"", ""score"": 0.018479641526937485}, {""label"": ""approval"", ""score"": 0.1468077301979065}, {""label"": ""caring"", ""score"": 0.0038647360634058714}, {""label"": ""confusion"", ""score"": 0.03288692981004715}, {""label"": ""curiosity"", ""score"": 0.0952862799167633}, {""label"": ""desire"", ""score"": 0.012852080166339874}, {""label"": ""disappointment"", ""score"": 0.004153320100158453}, {""label"": ""disapproval"", ""score"": 0.012715266086161137}, {""label"": ""disgust"", ""score"": 0.001028468948788941}, {""label"": ""embarrassment"", ""score"": 0.00031061909976415336}, {""label"": ""excitement"", ""score"": 0.0015789128374308348}, {""label"": ""fear"", ""score"": 0.0007361075258813798}, {""label"": ""gratitude"", ""score"": 0.0002150461805285886}, {""label"": ""grief"", ""score"": 0.00022939361224416643}, {""label"": ""joy"", ""score"": 0.0006083790794946253}, {""label"": ""love"", ""score"": 0.0009232826996594667}, {""label"": ""nervousness"", ""score"": 0.0004140225937590003}, {""label"": ""optimism"", ""score"": 0.018010180443525314}, {""label"": ""pride"", ""score"": 0.0001908539270516485}, {""label"": ""realization"", ""score"": 0.010561616159975529}, {""label"": ""relief"", ""score"": 0.0003708678123075515}, {""label"": ""remorse"", ""score"": 0.00024312899040523916}, {""label"": ""sadness"", ""score"": 0.0009736286010593176}, {""label"": ""surprise"", ""score"": 0.0009408761980012059}, {""label"": ""neutral"", ""score"": 0.6617394685745239}]",neutral,0.0,Ce tweet a un score de fiabilité de 0.0%.
at://did:plc:zclyheivb2nhgvze66ewy5jk/app.bsky.feed.post/3lt4uvv73mk22,https://bsky.app/profile/hartmut77.bsky.social/post/3lt4uvv73mk22,bafyreiftrqand5gxe6d3kbztgnntgoda2pvdr2m73qenn3udrc6n4o5tqq,Kill another green law? The EU wants to continue protecting polluters spreading greenwashing lies. Finally political momentum is on our side to stop this. Sign to demand the anti-greenwashing law. action.wemove.eu/sign/2025-07...,2025-07-04T08:59:54.258Z,2025-07-04T08:59:58.139Z,"""external=External(description='Kill another green law? The EU wants to continue protecting polluters spreading greenwashing lies. Finally political momentum is on our side to stop this. Sign to demand the anti-greenwashing law.', title='No more \u201cgreen\u201d lies! Don\u2019t let the EU kill the anti-greenwashing law.', uri='https://action.wemove.eu/sign/2025-07-antigreenwashing-directive-petition-EN?akid=s6343750..jxzYHi', thumb=BlobRef(mime_type='image/jpeg', size=847036, ref=IpldLink(link='bafkreihagc3igr3zpjtcjk2rb763wiii4ehpoom2es44t2bfm56ryvdbey'), py_type='blob'), py_type='app.bsky.embed.external#external') py_type='app.bsky.embed.external'""",1,0,0,did:plc:zclyheivb2nhgvze66ewy5jk,hartmut77.bsky.social,Hartmut,0,0,0,2024-11-12T16:12:32.004Z,,False,,False,"""[]""",2025-07-04T10:10:33.681043Z,Vrai,"[0.0394713468849659, 0.9605286717414856]","[{""label"": ""admiration"", ""score"": 0.0016839979216456413}, {""label"": ""amusement"", ""score"": 0.0004929915885441005}, {""label"": ""anger"", ""score"": 0.002944828011095524}, {""label"": ""annoyance"", ""score"": 0.018479641526937485}, {""label"": ""approval"", ""score"": 0.1468077301979065}, {""label"": ""caring"", ""score"": 0.0038647360634058714}, {""label"": ""confusion"", ""score"": 0.03288692981004715}, {""label"": ""curiosity"", ""score"": 0.0952862799167633}, {""label"": ""desire"", ""score"": 0.012852080166339874}, {""label"": ""disappointment"", ""score"": 0.004153320100158453}, {""label"": ""disapproval"", ""score"": 0.012715266086161137}, {""label"": ""disgust"", ""score"": 0.001028468948788941}, {""label"": ""embarrassment"", ""score"": 0.00031061909976415336}, {""label"": ""excitement"", ""score"": 0.0015789128374308348}, {""label"": ""fear"", ""score"": 0.0007361075258813798}, {""label"": ""gratitude"", ""score"": 0.0002150461805285886}, {""label"": ""grief"", ""score"": 0.00022939361224416643}, {""label"": ""joy"", ""score"": 0.0006083790794946253}, {""label"": ""love"", ""score"": 0.0009232826996594667}, {""label"": ""nervousness"", ""score"": 0.0004140225937590003}, {""label"": ""optimism"", ""score"": 0.018010180443525314}, {""label"": ""pride"", ""score"": 0.0001908539270516485}, {""label"": ""realization"", ""score"": 0.010561616159975529}, {""label"": ""relief"", ""score"": 0.0003708678123075515}, {""label"": ""remorse"", ""score"": 0.00024312899040523916}, {""label"": ""sadness"", ""score"": 0.0009736286010593176}, {""label"": ""surprise"", ""score"": 0.0009408761980012059}, {""label"": ""neutral"", ""score"": 0.6617394685745239}]",neutral,0.36363636363636365,Ce tweet a un score de fiabilité de 0.4%.
