post_uri,post_url,post_cid,text,createdAt_post,indexedAt_post,embed,likeCount,repostCount,replyCount,did,handle,displayName,followersCount,followsCount,postsCount,createdAt_profile,indexedAt_profile,viewer_muted,viewer_following,viewer_blockedBy,labels,collectedAt,fake_news_label,fake_news_probs,emotions_raw,top_emotion
at://did:plc:ujk32y4r4juj26d4murda4mf/app.bsky.feed.post/3lt5g6k7plc2u,https://bsky.app/profile/katymontgomerie.com/post/3lt5g6k7plc2u,bafyreihy47f52ny5e2ecq5pr72nyjnilassljx23uvgolnoczp7ecowlle,And to be ultra clear in case you try and worm around it: no one on earth is only attracted to cis people. You can't always tell who is trans or cis. A lot of people don't want to date trans people for political or cultural reasons. Which is their decision.,2025-07-04T14:08:58.346Z,2025-07-04T14:08:59.136Z,{},0,0,0,did:plc:ujk32y4r4juj26d4murda4mf,katymontgomerie.com,Katy Montgomerie 🦗,0,0,0,2023-05-03T08:31:27.278Z,,False,,False,"""[]""",2025-07-04T14:09:19.485604Z,Vrai,"[0.009804964996874332, 0.990195095539093]","[{""label"": ""admiration"", ""score"": 0.001249366090632975}, {""label"": ""amusement"", ""score"": 0.0006990173133090138}, {""label"": ""anger"", ""score"": 0.0015147993108257651}, {""label"": ""annoyance"", ""score"": 0.01335327047854662}, {""label"": ""approval"", ""score"": 0.046789299696683884}, {""label"": ""caring"", ""score"": 0.0015499937580898404}, {""label"": ""confusion"", ""score"": 0.03295452520251274}, {""label"": ""curiosity"", ""score"": 0.0020345363300293684}, {""label"": ""desire"", ""score"": 0.0008605557377450168}, {""label"": ""disappointment"", ""score"": 0.007164406590163708}, {""label"": ""disapproval"", ""score"": 0.12488655745983124}, {""label"": ""disgust"", ""score"": 0.0012795671354979277}, {""label"": ""embarrassment"", ""score"": 0.0005394788458943367}, {""label"": ""excitement"", ""score"": 0.00033186344080604613}, {""label"": ""fear"", ""score"": 0.0006906454800628126}, {""label"": ""gratitude"", ""score"": 0.0005861513200215995}, {""label"": ""grief"", ""score"": 0.000258747924817726}, {""label"": ""joy"", ""score"": 0.0005961884162388742}, {""label"": ""love"", ""score"": 0.000691089837346226}, {""label"": ""nervousness"", ""score"": 0.00039173918776214123}, {""label"": ""optimism"", ""score"": 0.004279332235455513}, {""label"": ""pride"", ""score"": 0.00018235652532894164}, {""label"": ""realization"", ""score"": 0.03232458606362343}, {""label"": ""relief"", ""score"": 0.00040925233042798936}, {""label"": ""remorse"", ""score"": 0.00039647711673751473}, {""label"": ""sadness"", ""score"": 0.0014061173424124718}, {""label"": ""surprise"", ""score"": 0.0005858609802089632}, {""label"": ""neutral"", ""score"": 0.8291603922843933}]",neutral
at://did:plc:zrz33wwhanmexrbz7vmhu2xx/app.bsky.feed.post/3lt5g5hvouc2y,https://bsky.app/profile/newsjennifer.bsky.social/post/3lt5g5hvouc2y,bafyreignepzshfsdno6m5c6i22qbsugh5pi2ca5utaeqyuhfsajvyswgky,"Just like 'Clinton Cash' in the run-up to the 2016 election or all of Christopher Rufo's bigoted trash, the Times is again using it's journalism platform to launder a political hit job. Perhaps there's a small story here but this piece ain't it.  Be sure to read @donmoyn.bsky.social's take:",2025-07-04T14:08:22.365Z,2025-07-04T14:08:24.036Z,"""media=Main(images=[Image(alt='The problem, of course, is that many people are not going to read the nuances of Mamdani\u2019s response, and assume he was engaged in unethical behavior. This matters because headline and the accusation often stick with a new politician, even when they do not represent reality.\\n\\nAnd it is not just that the reporters and editors decided that the story is newsworthy. They had to overcome some serious red flags to do so. ', image=BlobRef(mime_type='image/jpeg', size=88971, ref=IpldLink(link='bafkreifwiez42c2bwyu2qmszjsbjoz4ms7snqqixmmsse4frzrvnthms7i'), py_type='blob'), aspect_ratio=AspectRatio(height=249, width=616, py_type='app.bsky.embed.defs#aspectRatio'), py_type='app.bsky.embed.images#image')], py_type='app.bsky.embed.images') record=Main(record=Main(cid='bafyreibxyyshfxm6kbt73kalqago2dkjazjturisk2h4adb5czso5ibzw4', uri='at://did:plc:2rrp7amblhg3xoly5n5huiqv/app.bsky.feed.post/3lt4pwfqn2c25', py_type='com.atproto.repo.strongRef'), py_type='app.bsky.embed.record') py_type='app.bsky.embed.recordWithMedia'""",1,1,0,did:plc:zrz33wwhanmexrbz7vmhu2xx,newsjennifer.bsky.social,@NewsJennifer (Jennifer Schulze),0,0,0,2024-10-19T13:40:48.212Z,,False,,False,"""[]""",2025-07-04T14:09:19.485773Z,Vrai,"[0.0013518738560378551, 0.9986481070518494]","[{""label"": ""admiration"", ""score"": 0.001043174765072763}, {""label"": ""amusement"", ""score"": 0.0008979992708191276}, {""label"": ""anger"", ""score"": 0.002479999093338847}, {""label"": ""annoyance"", ""score"": 0.04037723317742348}, {""label"": ""approval"", ""score"": 0.01894073747098446}, {""label"": ""caring"", ""score"": 0.0009925796184688807}, {""label"": ""confusion"", ""score"": 0.04816620796918869}, {""label"": ""curiosity"", ""score"": 0.003463884349912405}, {""label"": ""desire"", ""score"": 0.0009878779528662562}, {""label"": ""disappointment"", ""score"": 0.024828510358929634}, {""label"": ""disapproval"", ""score"": 0.27396059036254883}, {""label"": ""disgust"", ""score"": 0.0015770535683259368}, {""label"": ""embarrassment"", ""score"": 0.0010968585265800357}, {""label"": ""excitement"", ""score"": 0.00047443757648579776}, {""label"": ""fear"", ""score"": 0.0005046867299824953}, {""label"": ""gratitude"", ""score"": 0.0005985983880236745}, {""label"": ""grief"", ""score"": 0.00027029585908167064}, {""label"": ""joy"", ""score"": 0.000657660246361047}, {""label"": ""love"", ""score"": 0.0004422637284733355}, {""label"": ""nervousness"", ""score"": 0.0004946878761984408}, {""label"": ""optimism"", ""score"": 0.004403088241815567}, {""label"": ""pride"", ""score"": 0.0001650032791076228}, {""label"": ""realization"", ""score"": 0.02554192952811718}, {""label"": ""relief"", ""score"": 0.000357784767402336}, {""label"": ""remorse"", ""score"": 0.0004414462309796363}, {""label"": ""sadness"", ""score"": 0.0014974764781072736}, {""label"": ""surprise"", ""score"": 0.0013019993202760816}, {""label"": ""neutral"", ""score"": 0.7286322712898254}]",neutral
at://did:plc:k7v2xumyoi7iuoevy276amfb/app.bsky.feed.post/3lt5g4tybfk2f,https://bsky.app/profile/itforchange.bsky.social/post/3lt5g4tybfk2f,bafyreihqukbrhds2f4ik5cw3c4riamgzddajewayjra4eett6vnqfyyy2y,"Brid Brennan is a political activist and popular educator. Her work focuses on the influence of transnational corporations in the global economy and politics, especially under neoliberal globalization.",2025-07-04T14:07:57.717Z,2025-07-04T14:08:03.768Z,"""external=External(description='', title='Digital Justice, Now! \u2013 Global Digital Justice Forum', uri='https://www.tinyurl.com/digitaljusticenow', thumb=None, py_type='app.bsky.embed.external#external') py_type='app.bsky.embed.external'""",0,0,1,did:plc:k7v2xumyoi7iuoevy276amfb,itforchange.bsky.social,IT for Change,0,0,0,2025-03-14T09:16:48.140Z,,False,,False,"""[]""",2025-07-04T14:09:19.485809Z,Vrai,"[0.006431093905121088, 0.9935688972473145]","[{""label"": ""admiration"", ""score"": 0.051824890077114105}, {""label"": ""amusement"", ""score"": 0.0004329439834691584}, {""label"": ""anger"", ""score"": 0.002022902015596628}, {""label"": ""annoyance"", ""score"": 0.011738104745745659}, {""label"": ""approval"", ""score"": 0.2446599006652832}, {""label"": ""caring"", ""score"": 0.0013371005188673735}, {""label"": ""confusion"", ""score"": 0.0017513533821329474}, {""label"": ""curiosity"", ""score"": 0.0006319634267129004}, {""label"": ""desire"", ""score"": 0.0008117093238979578}, {""label"": ""disappointment"", ""score"": 0.00560776237398386}, {""label"": ""disapproval"", ""score"": 0.011279572732746601}, {""label"": ""disgust"", ""score"": 0.0024646949023008347}, {""label"": ""embarrassment"", ""score"": 0.0006153982831165195}, {""label"": ""excitement"", ""score"": 0.0008508298778906465}, {""label"": ""fear"", ""score"": 0.0006716215284541249}, {""label"": ""gratitude"", ""score"": 0.0013075448805466294}, {""label"": ""grief"", ""score"": 0.0003585340455174446}, {""label"": ""joy"", ""score"": 0.0008107229368761182}, {""label"": ""love"", ""score"": 0.0013152154861018062}, {""label"": ""nervousness"", ""score"": 0.0002651509130373597}, {""label"": ""optimism"", ""score"": 0.004059476312249899}, {""label"": ""pride"", ""score"": 0.0012185635278001428}, {""label"": ""realization"", ""score"": 0.05897121876478195}, {""label"": ""relief"", ""score"": 0.0008398282807320356}, {""label"": ""remorse"", ""score"": 0.0003142255009151995}, {""label"": ""sadness"", ""score"": 0.0018482182640582323}, {""label"": ""surprise"", ""score"": 0.0005973407533019781}, {""label"": ""neutral"", ""score"": 0.6306930780410767}]",neutral
at://did:plc:43fdk46qa5gsokzygzildsaq/app.bsky.feed.post/3lt5g4i7wgp2a,https://bsky.app/profile/fintwitter.bsky.social/post/3lt5g4i7wgp2a,bafyreibdz7x7sera7k4b7eycg6g3xyqx7q5rzgb2hv5nvdmmcfcvu4cniy,"🇨🇳🇪🇺EU-CHINA EV TALKS NEARING COMPLETION; KEY ISSUE LIES IN EU'S POLITICAL WILL TO RESOLVE PENDING MATTERS - YUYUANTANTIAN, A WEIBO ACCOUNT AFFILIATED WITH CHINA CENTRAL TELEVISION",2025-07-04T14:07:48.767479+00:00,2025-07-04T14:07:49.338Z,{},0,0,0,did:plc:43fdk46qa5gsokzygzildsaq,fintwitter.bsky.social,FinTwitter,0,0,0,2024-11-26T13:26:44.445Z,,False,,False,"""[]""",2025-07-04T14:09:19.485826Z,Vrai,"[0.005310320761054754, 0.9946897029876709]","[{""label"": ""admiration"", ""score"": 0.0016895399894565344}, {""label"": ""amusement"", ""score"": 0.0017546878661960363}, {""label"": ""anger"", ""score"": 0.006053022108972073}, {""label"": ""annoyance"", ""score"": 0.016553845256567}, {""label"": ""approval"", ""score"": 0.02616308070719242}, {""label"": ""caring"", ""score"": 0.0013380475575104356}, {""label"": ""confusion"", ""score"": 0.0018171670380979776}, {""label"": ""curiosity"", ""score"": 0.0011070414911955595}, {""label"": ""desire"", ""score"": 0.0011173055972903967}, {""label"": ""disappointment"", ""score"": 0.0033868446480482817}, {""label"": ""disapproval"", ""score"": 0.004655050113797188}, {""label"": ""disgust"", ""score"": 0.0032736591529101133}, {""label"": ""embarrassment"", ""score"": 0.000905142049305141}, {""label"": ""excitement"", ""score"": 0.0012343863490968943}, {""label"": ""fear"", ""score"": 0.0011547469766810536}, {""label"": ""gratitude"", ""score"": 0.000284786889096722}, {""label"": ""grief"", ""score"": 0.0003193570300936699}, {""label"": ""joy"", ""score"": 0.0006958840531297028}, {""label"": ""love"", ""score"": 0.0010388775262981653}, {""label"": ""nervousness"", ""score"": 0.0002840078668668866}, {""label"": ""optimism"", ""score"": 0.003391253063455224}, {""label"": ""pride"", ""score"": 0.0003253607719670981}, {""label"": ""realization"", ""score"": 0.010777093470096588}, {""label"": ""relief"", ""score"": 0.00025238542002625763}, {""label"": ""remorse"", ""score"": 0.00029051711317151785}, {""label"": ""sadness"", ""score"": 0.0016552574234083295}, {""label"": ""surprise"", ""score"": 0.0007414005813188851}, {""label"": ""neutral"", ""score"": 0.9496614336967468}]",neutral
at://did:plc:hz65nshcvm3hrasvjzsarev6/app.bsky.feed.post/3lt5g4anz7s2m,https://bsky.app/profile/dwilliams1210.com/post/3lt5g4anz7s2m,bafyreiaghouuvxlb7kmjw7yh2qdhh2y5ncfhsbl2laesxcj6aekdpvmlyq,"Taking to the lectern behind thick bulletproof glass in Des Moines, Iowa, on Thursday, Trump immediately started firing off political potshots. “They wouldn’t vote only because they hate Trump, but I hate them, too, you know?”",2025-07-04T14:07:41.219Z,2025-07-04T14:07:42.240Z,"""external=External(description='\u201cI cannot stand them, because I really believe they hate our country,\u201d the president said at a celebration on the eve of July 4.', title='Trump Kicks Off Celebration of America by Declaring His Hatred for Democrats', uri='https://www.thedailybeast.com//trump-kicks-off-celebration-of-america-by-declaring-his-hatred-for-democrats/?via=ios', thumb=BlobRef(mime_type='image/jpeg', size=230675, ref=IpldLink(link='bafkreifhl43srao4qg6kkyxjw5k53mrqxikn352eknx5qs3sdwooxv7geu'), py_type='blob'), py_type='app.bsky.embed.external#external') py_type='app.bsky.embed.external'""",0,1,1,did:plc:hz65nshcvm3hrasvjzsarev6,dwilliams1210.com,Debby Williams 💙♐️,0,0,0,2023-10-16T15:05:39.007Z,,False,,False,"""[]""",2025-07-04T14:09:19.485934Z,Opinion personnelle,"[0.537979781627655, 0.46202027797698975]","[{""label"": ""admiration"", ""score"": 0.0015196292661130428}, {""label"": ""amusement"", ""score"": 0.0030415633227676153}, {""label"": ""anger"", ""score"": 0.3786010146141052}, {""label"": ""annoyance"", ""score"": 0.1870812624692917}, {""label"": ""approval"", ""score"": 0.012331818230450153}, {""label"": ""caring"", ""score"": 0.001935918815433979}, {""label"": ""confusion"", ""score"": 0.014409540221095085}, {""label"": ""curiosity"", ""score"": 0.03780458867549896}, {""label"": ""desire"", ""score"": 0.0008244694909080863}, {""label"": ""disappointment"", ""score"": 0.0040209656581282616}, {""label"": ""disapproval"", ""score"": 0.015075935050845146}, {""label"": ""disgust"", ""score"": 0.009294786490499973}, {""label"": ""embarrassment"", ""score"": 0.001975355902686715}, {""label"": ""excitement"", ""score"": 0.00105943507514894}, {""label"": ""fear"", ""score"": 0.001348072779364884}, {""label"": ""gratitude"", ""score"": 0.00029292760882526636}, {""label"": ""grief"", ""score"": 0.00044295424595475197}, {""label"": ""joy"", ""score"": 0.0010852472623810172}, {""label"": ""love"", ""score"": 0.0012724983971565962}, {""label"": ""nervousness"", ""score"": 0.00036247429670765996}, {""label"": ""optimism"", ""score"": 0.0016107239061966538}, {""label"": ""pride"", ""score"": 0.0002255195431644097}, {""label"": ""realization"", ""score"": 0.00422543752938509}, {""label"": ""relief"", ""score"": 0.00015534472186118364}, {""label"": ""remorse"", ""score"": 0.00031787739135324955}, {""label"": ""sadness"", ""score"": 0.001793041592463851}, {""label"": ""surprise"", ""score"": 0.0019720823038369417}, {""label"": ""neutral"", ""score"": 0.5165470242500305}]",neutral
at://did:plc:ayx5i5ewu2qkbcqy4ufhrbo3/app.bsky.feed.post/3lt5g47hbxk2j,https://bsky.app/profile/markruskell.bsky.social/post/3lt5g47hbxk2j,bafyreigyksokn3l3ubek227w4ghys3kg2mnlwsxfym2odnl6vgpcugs6q4,It’s the biggest positive change I’ve helped to deliver in my political career,2025-07-04T14:07:39.950Z,2025-07-04T14:07:41.438Z,{},0,0,0,did:plc:ayx5i5ewu2qkbcqy4ufhrbo3,markruskell.bsky.social,Mark Ruskell,0,0,0,2024-02-11T08:02:27.681Z,,False,,False,"""[]""",2025-07-04T14:09:19.485952Z,Vrai,"[0.0019878377206623554, 0.9980121850967407]","[{""label"": ""admiration"", ""score"": 0.34014055132865906}, {""label"": ""amusement"", ""score"": 0.0015119300223886967}, {""label"": ""anger"", ""score"": 0.001297823153436184}, {""label"": ""annoyance"", ""score"": 0.006650077179074287}, {""label"": ""approval"", ""score"": 0.6044270396232605}, {""label"": ""caring"", ""score"": 0.0217459537088871}, {""label"": ""confusion"", ""score"": 0.0014602724695578218}, {""label"": ""curiosity"", ""score"": 0.0005529962945729494}, {""label"": ""desire"", ""score"": 0.005085713695734739}, {""label"": ""disappointment"", ""score"": 0.004439041018486023}, {""label"": ""disapproval"", ""score"": 0.005268236622214317}, {""label"": ""disgust"", ""score"": 0.001001862226985395}, {""label"": ""embarrassment"", ""score"": 0.0009374516666866839}, {""label"": ""excitement"", ""score"": 0.008553670719265938}, {""label"": ""fear"", ""score"": 0.0011161009315401316}, {""label"": ""gratitude"", ""score"": 0.03280027583241463}, {""label"": ""grief"", ""score"": 0.001303881173953414}, {""label"": ""joy"", ""score"": 0.08744961023330688}, {""label"": ""love"", ""score"": 0.005402655340731144}, {""label"": ""nervousness"", ""score"": 0.0012281365925446153}, {""label"": ""optimism"", ""score"": 0.052230726927518845}, {""label"": ""pride"", ""score"": 0.03255993872880936}, {""label"": ""realization"", ""score"": 0.04894809052348137}, {""label"": ""relief"", ""score"": 0.04837476834654808}, {""label"": ""remorse"", ""score"": 0.0011080550029873848}, {""label"": ""sadness"", ""score"": 0.002034110249951482}, {""label"": ""surprise"", ""score"": 0.0016108618583530188}, {""label"": ""neutral"", ""score"": 0.049606576561927795}]",approval
at://did:plc:ujk32y4r4juj26d4murda4mf/app.bsky.feed.post/3lt5g476vfs2u,https://bsky.app/profile/katymontgomerie.com/post/3lt5g476vfs2u,bafyreigijwu6ixe2f7ooh7v4dhlcuro2prrxdnbt5olvce5e2wveaqybnq,"The app is intended to be a political statement about excluding trans people from society. Normal people who are transphobic who match with a trans person just say ""sorry I don't want to date a trans person"" and that's it. They don't need apps. Only anti trans activists who want media attention",2025-07-04T14:07:39.676Z,2025-07-04T14:07:40.742Z,{},0,0,1,did:plc:ujk32y4r4juj26d4murda4mf,katymontgomerie.com,Katy Montgomerie 🦗,0,0,0,2023-05-03T08:31:27.278Z,,False,,False,"""[]""",2025-07-04T14:09:19.485968Z,Vrai,"[0.0026748143136501312, 0.9973251819610596]","[{""label"": ""admiration"", ""score"": 0.0011327399406582117}, {""label"": ""amusement"", ""score"": 0.0026432841550558805}, {""label"": ""anger"", ""score"": 0.005989711266011}, {""label"": ""annoyance"", ""score"": 0.036848798394203186}, {""label"": ""approval"", ""score"": 0.05155958607792854}, {""label"": ""caring"", ""score"": 0.007291748654097319}, {""label"": ""confusion"", ""score"": 0.002573334611952305}, {""label"": ""curiosity"", ""score"": 0.0007193951751105487}, {""label"": ""desire"", ""score"": 0.0024993917904794216}, {""label"": ""disappointment"", ""score"": 0.043208640068769455}, {""label"": ""disapproval"", ""score"": 0.21531321108341217}, {""label"": ""disgust"", ""score"": 0.004384234547615051}, {""label"": ""embarrassment"", ""score"": 0.015451578423380852}, {""label"": ""excitement"", ""score"": 0.0005290840053930879}, {""label"": ""fear"", ""score"": 0.0011819223873317242}, {""label"": ""gratitude"", ""score"": 0.0021412677597254515}, {""label"": ""grief"", ""score"": 0.001482910243794322}, {""label"": ""joy"", ""score"": 0.0019463596399873495}, {""label"": ""love"", ""score"": 0.002224108437076211}, {""label"": ""nervousness"", ""score"": 0.0010869379620999098}, {""label"": ""optimism"", ""score"": 0.005152014084160328}, {""label"": ""pride"", ""score"": 0.0008008627919480205}, {""label"": ""realization"", ""score"": 0.037026114761829376}, {""label"": ""relief"", ""score"": 0.002560721244663}, {""label"": ""remorse"", ""score"": 0.10919837653636932}, {""label"": ""sadness"", ""score"": 0.0372803695499897}, {""label"": ""surprise"", ""score"": 0.00044534954940900207}, {""label"": ""neutral"", ""score"": 0.40962734818458557}]",neutral
at://did:plc:glc2iifb734djdfeqctki6lx/app.bsky.feed.post/3lt5g3v24tc2e,https://bsky.app/profile/jcasap.bsky.social/post/3lt5g3v24tc2e,bafyreicuefrrqajoge3dvk3rqskzknippyht5bgl7j4tmwto7btdgej3wu,"“When in the Course of human events, it becomes necessary for one people to dissolve the political bands which have connected them with another, and to assume among the powers of the earth, the separate and equal station to which the Laws of Nature and of Nature's God entitle them,",2025-07-04T14:07:29.034Z,2025-07-04T14:07:29.435Z,{},0,0,1,did:plc:glc2iifb734djdfeqctki6lx,jcasap.bsky.social,Jaime Casap,0,0,0,2024-02-09T15:16:49.900Z,,False,,False,"""[]""",2025-07-04T14:09:19.485985Z,Vrai,"[0.008062304928898811, 0.9919376969337463]","[{""label"": ""admiration"", ""score"": 0.0017384751699864864}, {""label"": ""amusement"", ""score"": 0.0012911692028865218}, {""label"": ""anger"", ""score"": 0.0006277631036937237}, {""label"": ""annoyance"", ""score"": 0.006696488242596388}, {""label"": ""approval"", ""score"": 0.10268562287092209}, {""label"": ""caring"", ""score"": 0.001198154641315341}, {""label"": ""confusion"", ""score"": 0.00406583771109581}, {""label"": ""curiosity"", ""score"": 0.0009194366866722703}, {""label"": ""desire"", ""score"": 0.001029196777381003}, {""label"": ""disappointment"", ""score"": 0.005163068417459726}, {""label"": ""disapproval"", ""score"": 0.005320760887116194}, {""label"": ""disgust"", ""score"": 0.0008554334053769708}, {""label"": ""embarrassment"", ""score"": 0.0006404921296052635}, {""label"": ""excitement"", ""score"": 0.0007156861829571426}, {""label"": ""fear"", ""score"": 0.0005877079092897475}, {""label"": ""gratitude"", ""score"": 0.001078784349374473}, {""label"": ""grief"", ""score"": 0.000348299479810521}, {""label"": ""joy"", ""score"": 0.0011677936417981982}, {""label"": ""love"", ""score"": 0.0005981138674542308}, {""label"": ""nervousness"", ""score"": 0.00048215637798421085}, {""label"": ""optimism"", ""score"": 0.010721134021878242}, {""label"": ""pride"", ""score"": 0.00047852026182226837}, {""label"": ""realization"", ""score"": 0.11718296259641647}, {""label"": ""relief"", ""score"": 0.0012075882405042648}, {""label"": ""remorse"", ""score"": 0.0006071939133107662}, {""label"": ""sadness"", ""score"": 0.0017993520013988018}, {""label"": ""surprise"", ""score"": 0.0012773521011695266}, {""label"": ""neutral"", ""score"": 0.8233262896537781}]",neutral
at://did:plc:q3usjczf2mxgprbw2ubzlzhf/app.bsky.feed.post/3lt5g3rylqc2a,https://bsky.app/profile/darickr.bsky.social/post/3lt5g3rylqc2a,bafyreicny3bqm3tdhzc3kp25buh6emtcoapnaoetyny2scbbvhxc3u4sdq,"“It was par for the course for congressional Republicans who, in recent years, have shown a proclivity for taking bold, theatrical stands before meekly capitulating in the face of political pressure — particularly from Trump.”",2025-07-04T14:07:25.837Z,2025-07-04T14:07:28.239Z,"""external=External(description='Congressional Republicans are again facing scrutiny for what is being described as their increasingly familiar political routine: fiery opposition followed by quiet surrender \u2013 especially when Preside...', title='GOP\u2019s \u2018big fold\u2019 now a habit: report', uri='https://www.rawstory.com/trump-spending-bill-2672600154/', thumb=BlobRef(mime_type='image/jpeg', size=389651, ref=IpldLink(link='bafkreidysq6osjegfeeif3dblqsfxudf4m22txnquzmrrevj7wo7ogghmm'), py_type='blob'), py_type='app.bsky.embed.external#external') py_type='app.bsky.embed.external'""",0,0,0,did:plc:q3usjczf2mxgprbw2ubzlzhf,darickr.bsky.social,Darick,0,0,0,2023-06-29T23:10:24.058Z,,False,,False,"""[]""",2025-07-04T14:09:19.486024Z,Vrai,"[0.0023181105498224497, 0.9976818561553955]","[{""label"": ""admiration"", ""score"": 0.0054395850747823715}, {""label"": ""amusement"", ""score"": 0.0007829383830539882}, {""label"": ""anger"", ""score"": 0.0014322391944006085}, {""label"": ""annoyance"", ""score"": 0.019132332876324654}, {""label"": ""approval"", ""score"": 0.2349645048379898}, {""label"": ""caring"", ""score"": 0.0014043421251699328}, {""label"": ""confusion"", ""score"": 0.0011782718356698751}, {""label"": ""curiosity"", ""score"": 0.00044019194319844246}, {""label"": ""desire"", ""score"": 0.0009923686739057302}, {""label"": ""disappointment"", ""score"": 0.01424809917807579}, {""label"": ""disapproval"", ""score"": 0.012418373487889767}, {""label"": ""disgust"", ""score"": 0.0021805211436003447}, {""label"": ""embarrassment"", ""score"": 0.0010003595380112529}, {""label"": ""excitement"", ""score"": 0.0003914135158993304}, {""label"": ""fear"", ""score"": 0.0006101351464167237}, {""label"": ""gratitude"", ""score"": 0.0009198652696795762}, {""label"": ""grief"", ""score"": 0.00039509599446319044}, {""label"": ""joy"", ""score"": 0.0007882155478000641}, {""label"": ""love"", ""score"": 0.0007876265444792807}, {""label"": ""nervousness"", ""score"": 0.0003985149960499257}, {""label"": ""optimism"", ""score"": 0.006431124173104763}, {""label"": ""pride"", ""score"": 0.0007713667582720518}, {""label"": ""realization"", ""score"": 0.0657014325261116}, {""label"": ""relief"", ""score"": 0.0012108784867450595}, {""label"": ""remorse"", ""score"": 0.0005212808609940112}, {""label"": ""sadness"", ""score"": 0.0027167045045644045}, {""label"": ""surprise"", ""score"": 0.00047398218885064125}, {""label"": ""neutral"", ""score"": 0.7377131581306458}]",neutral
at://did:plc:w6fumtecirc6dlvimyl74amm/app.bsky.feed.post/3lt5g3nizyc2g,https://bsky.app/profile/mythicos.bsky.social/post/3lt5g3nizyc2g,bafyreihewytxogrs4wrgoiiod7ik672fgtui7tdtk6bmhrehlpxd2df43a,"Fascism *IS* America. America *IS* Fascism.  And until the civil society rises to put a stop to it (the political, mediatic and judicial worlds have all failed), this will keep being true.  #USPolitics",2025-07-04T14:07:21.133Z,2025-07-04T14:07:22.047Z,"""record=Main(cid='bafyreigjzjggwj6iwvpkwi2ga6elwz4hytkqjqudt3ke7n2yozgnxrbt7y', uri='at://did:plc:y4zs4cabaezzwx3bz2e5nnj2/app.bsky.feed.post/3lt5b2kxqve2w', py_type='com.atproto.repo.strongRef') py_type='app.bsky.embed.record'""",0,0,0,did:plc:w6fumtecirc6dlvimyl74amm,mythicos.bsky.social,Tristan Chénier,0,0,0,2023-09-18T21:27:32.923Z,,False,,False,"""[]""",2025-07-04T14:09:19.486065Z,Vrai,"[0.0005246708169579506, 0.9994753003120422]","[{""label"": ""admiration"", ""score"": 0.005313795525580645}, {""label"": ""amusement"", ""score"": 0.0008584284805692732}, {""label"": ""anger"", ""score"": 0.000975344330072403}, {""label"": ""annoyance"", ""score"": 0.008216019719839096}, {""label"": ""approval"", ""score"": 0.46203598380088806}, {""label"": ""caring"", ""score"": 0.00359530677087605}, {""label"": ""confusion"", ""score"": 0.003406182862818241}, {""label"": ""curiosity"", ""score"": 0.00107017089612782}, {""label"": ""desire"", ""score"": 0.002972846617922187}, {""label"": ""disappointment"", ""score"": 0.005664056167006493}, {""label"": ""disapproval"", ""score"": 0.014438710175454617}, {""label"": ""disgust"", ""score"": 0.0009841498686000705}, {""label"": ""embarrassment"", ""score"": 0.00037646506098099053}, {""label"": ""excitement"", ""score"": 0.0006453573587350547}, {""label"": ""fear"", ""score"": 0.0006954945274628699}, {""label"": ""gratitude"", ""score"": 0.0013461359776556492}, {""label"": ""grief"", ""score"": 0.0003068269870709628}, {""label"": ""joy"", ""score"": 0.0007884818478487432}, {""label"": ""love"", ""score"": 0.0009902275633066893}, {""label"": ""nervousness"", ""score"": 0.0003380084235686809}, {""label"": ""optimism"", ""score"": 0.08296526223421097}, {""label"": ""pride"", ""score"": 0.0006155081791803241}, {""label"": ""realization"", ""score"": 0.059124063700437546}, {""label"": ""relief"", ""score"": 0.001213482697494328}, {""label"": ""remorse"", ""score"": 0.0005815100157633424}, {""label"": ""sadness"", ""score"": 0.0015388423344120383}, {""label"": ""surprise"", ""score"": 0.0005249417154118419}, {""label"": ""neutral"", ""score"": 0.529988706111908}]",neutral
at://did:plc:pkhdwmvqncsub4l223mu4r6f/app.bsky.feed.post/3lt5g32s7us2d,https://bsky.app/profile/threeapp.bsky.social/post/3lt5g32s7us2d,bafyreigp2wgqu7kgyphts226v3s5vya2etc52h4t5nnsn5amucrnmkc4qm,Why don’t they join their fellow Marxists who already have a political party?,2025-07-04T14:07:01.512Z,2025-07-04T14:07:03.042Z,{},0,0,0,did:plc:pkhdwmvqncsub4l223mu4r6f,threeapp.bsky.social,,0,0,0,2024-11-18T11:12:59.146Z,,False,,False,"""[]""",2025-07-04T14:09:19.486142Z,Vrai,"[0.0027455755043774843, 0.9972544312477112]","[{""label"": ""admiration"", ""score"": 0.0013413503766059875}, {""label"": ""amusement"", ""score"": 0.0016688129398971796}, {""label"": ""anger"", ""score"": 0.003937194589525461}, {""label"": ""annoyance"", ""score"": 0.020147832110524178}, {""label"": ""approval"", ""score"": 0.007733762729912996}, {""label"": ""caring"", ""score"": 0.0022448301315307617}, {""label"": ""confusion"", ""score"": 0.2931445240974426}, {""label"": ""curiosity"", ""score"": 0.4233263432979584}, {""label"": ""desire"", ""score"": 0.0010428493842482567}, {""label"": ""disappointment"", ""score"": 0.0026682803872972727}, {""label"": ""disapproval"", ""score"": 0.006978808436542749}, {""label"": ""disgust"", ""score"": 0.0007691870559938252}, {""label"": ""embarrassment"", ""score"": 0.0006724560516886413}, {""label"": ""excitement"", ""score"": 0.0011032847687602043}, {""label"": ""fear"", ""score"": 0.000650018104352057}, {""label"": ""gratitude"", ""score"": 0.0004513140593189746}, {""label"": ""grief"", ""score"": 0.00025431442190892994}, {""label"": ""joy"", ""score"": 0.0008281375048682094}, {""label"": ""love"", ""score"": 0.0005203617620281875}, {""label"": ""nervousness"", ""score"": 0.0004885811940766871}, {""label"": ""optimism"", ""score"": 0.003878294723108411}, {""label"": ""pride"", ""score"": 7.096747867763042e-05}, {""label"": ""realization"", ""score"": 0.005160827189683914}, {""label"": ""relief"", ""score"": 0.00016883214993868023}, {""label"": ""remorse"", ""score"": 0.0004029462579637766}, {""label"": ""sadness"", ""score"": 0.0010833771666511893}, {""label"": ""surprise"", ""score"": 0.003465537214651704}, {""label"": ""neutral"", ""score"": 0.5207832455635071}]",neutral
at://did:plc:jchvolge6kt6ub2ba5pxbw7g/app.bsky.feed.post/3lt5g2if4cs2x,https://bsky.app/profile/lsepoliticsblog.bsky.social/post/3lt5g2if4cs2x,bafyreifmdbxoql75i6jkrlcjme62ts45hbsougkjimo3fzxcy3lhituimy,"💡New! Under the threat of a rebellion, the Government has U-turned on its welfare reform plans. But Melanie Henwood  argues that the Government will still have to deal with the rising cost of the welfare bill, as well as the political cost of its policy reversal.  blogs.lse.ac.uk/politicsandp...",2025-07-04T14:06:42.206Z,2025-07-04T14:06:47.636Z,"""external=External(description='The Government has u-turned on its welfare reform plans. But the Government still has to deal with the rising cost of the welfare bill, and the political cost of its policy reversal.', title='Labour\u2019 welfare reform battle isn\u2019t over - British Politics and Policy at LSE', uri='https://blogs.lse.ac.uk/politicsandpolicy/labour-welfare-reform-battle-isnt-over/', thumb=BlobRef(mime_type='image/jpeg', size=727100, ref=IpldLink(link='bafkreibzdtovgqtqhrnzgqxx2kudxhc7wv53tid5leo7r3qer4fh44sui4'), py_type='blob'), py_type='app.bsky.embed.external#external') py_type='app.bsky.embed.external'""",0,0,0,did:plc:jchvolge6kt6ub2ba5pxbw7g,lsepoliticsblog.bsky.social,LSE British Politics and Policy blog,0,0,0,2024-11-20T09:58:30.969Z,,False,,False,"""[]""",2025-07-04T14:09:19.486184Z,Vrai,"[0.00766211049631238, 0.9923378825187683]","[{""label"": ""admiration"", ""score"": 0.002991592977195978}, {""label"": ""amusement"", ""score"": 0.0006242822273634374}, {""label"": ""anger"", ""score"": 0.0012300618691369891}, {""label"": ""annoyance"", ""score"": 0.01109964121133089}, {""label"": ""approval"", ""score"": 0.25544875860214233}, {""label"": ""caring"", ""score"": 0.002902836073189974}, {""label"": ""confusion"", ""score"": 0.004829450976103544}, {""label"": ""curiosity"", ""score"": 0.0008713486604392529}, {""label"": ""desire"", ""score"": 0.0015883499290794134}, {""label"": ""disappointment"", ""score"": 0.01607966609299183}, {""label"": ""disapproval"", ""score"": 0.023894695565104485}, {""label"": ""disgust"", ""score"": 0.0014957527164369822}, {""label"": ""embarrassment"", ""score"": 0.0009542152401991189}, {""label"": ""excitement"", ""score"": 0.0006006523035466671}, {""label"": ""fear"", ""score"": 0.0013422718038782477}, {""label"": ""gratitude"", ""score"": 0.00046238338109105825}, {""label"": ""grief"", ""score"": 0.0005033944034948945}, {""label"": ""joy"", ""score"": 0.0006986570078879595}, {""label"": ""love"", ""score"": 0.0016500799683853984}, {""label"": ""nervousness"", ""score"": 0.0007871178677305579}, {""label"": ""optimism"", ""score"": 0.019550496712327003}, {""label"": ""pride"", ""score"": 0.000621713581494987}, {""label"": ""realization"", ""score"": 0.09930572658777237}, {""label"": ""relief"", ""score"": 0.0014526802115142345}, {""label"": ""remorse"", ""score"": 0.000872165197506547}, {""label"": ""sadness"", ""score"": 0.003558441763743758}, {""label"": ""surprise"", ""score"": 0.0007444154471158981}, {""label"": ""neutral"", ""score"": 0.7851377725601196}]",neutral
at://did:plc:l6s5z3wk6arecvdeepliguma/app.bsky.feed.post/3lt5g2cjzyc2w,https://bsky.app/profile/trumpscene.com/post/3lt5g2cjzyc2w,bafyreihnztpltp6bx4iz6yjssqpoehzib6hzl3nc5r4i24tuxxklszv4ze,"Frank Bisignano, a major Trump donor appointed as Social Security head, is sending political emails supporting the big evil bill. ""I'm like, 'What the heck's the commissioner of Social Security?'"" said Bisignano, who now oversees one of the largest federal agencies.",2025-07-04T14:06:36.074Z,2025-07-04T14:06:40.337Z,"""images=[Image(alt='', image=BlobRef(mime_type='image/jpeg', size=754853, ref=IpldLink(link='bafkreig2ysm2oslqipei4ctxstmjruge2gsvoz6rcutmknz23oucirgnsq'), py_type='blob'), aspect_ratio=AspectRatio(height=1396, width=1184, py_type='app.bsky.embed.defs#aspectRatio'), py_type='app.bsky.embed.images#image')] py_type='app.bsky.embed.images'""",0,0,0,did:plc:l6s5z3wk6arecvdeepliguma,trumpscene.com,Robert Reilly,0,0,0,2024-11-13T13:33:54.588Z,,False,,False,"""[]""",2025-07-04T14:09:19.486223Z,Opinion personnelle,"[0.5616595149040222, 0.4383404850959778]","[{""label"": ""admiration"", ""score"": 0.0038278624415397644}, {""label"": ""amusement"", ""score"": 0.016864478588104248}, {""label"": ""anger"", ""score"": 0.038186486810445786}, {""label"": ""annoyance"", ""score"": 0.13258370757102966}, {""label"": ""approval"", ""score"": 0.018085764721035957}, {""label"": ""caring"", ""score"": 0.0005417776410467923}, {""label"": ""confusion"", ""score"": 0.00928532425314188}, {""label"": ""curiosity"", ""score"": 0.01930365525186062}, {""label"": ""desire"", ""score"": 0.000901611230801791}, {""label"": ""disappointment"", ""score"": 0.00402894988656044}, {""label"": ""disapproval"", ""score"": 0.003269757842645049}, {""label"": ""disgust"", ""score"": 0.005134295672178268}, {""label"": ""embarrassment"", ""score"": 0.002652977593243122}, {""label"": ""excitement"", ""score"": 0.011236054822802544}, {""label"": ""fear"", ""score"": 0.001475116121582687}, {""label"": ""gratitude"", ""score"": 0.00016749055066611618}, {""label"": ""grief"", ""score"": 0.0003290604508947581}, {""label"": ""joy"", ""score"": 0.003312315559014678}, {""label"": ""love"", ""score"": 0.0006424206076189876}, {""label"": ""nervousness"", ""score"": 0.0005779945640824735}, {""label"": ""optimism"", ""score"": 0.002420443808659911}, {""label"": ""pride"", ""score"": 0.000629947055131197}, {""label"": ""realization"", ""score"": 0.01757025718688965}, {""label"": ""relief"", ""score"": 0.00044337986037135124}, {""label"": ""remorse"", ""score"": 0.0001544297847431153}, {""label"": ""sadness"", ""score"": 0.0005869147134944797}, {""label"": ""surprise"", ""score"": 0.027225978672504425}, {""label"": ""neutral"", ""score"": 0.6708246469497681}]",neutral
at://did:plc:s4bjtqr4mzwwvhha55njuhrj/app.bsky.feed.post/3lt5g22xdf22u,https://bsky.app/profile/sararah.bsky.social/post/3lt5g22xdf22u,bafyreic5vw22vlhyxztmuxgxh2x23tlbdgvnc3r4v546q3qbn4xthkutwm,"She said every time a first-time voter emerged from the voting booth, the remaining people in line would erupt into cheers. The way this warmed my battered heart. To see a new kind of political enthusiasm bubbling up in typically discouraged voters? Maybe there is hope. ❤️🇺🇸",2025-07-04T14:06:28.113Z,2025-07-04T14:06:28.374Z,{},1,0,0,did:plc:s4bjtqr4mzwwvhha55njuhrj,sararah.bsky.social,Air Compressor Queen USA 2025,0,0,0,2023-07-11T18:53:24.098Z,,False,,False,"""[]""",2025-07-04T14:09:19.486240Z,Vrai,"[0.003146837931126356, 0.9968531727790833]","[{""label"": ""admiration"", ""score"": 0.10658933222293854}, {""label"": ""amusement"", ""score"": 0.0021211758721619844}, {""label"": ""anger"", ""score"": 0.003207493806257844}, {""label"": ""annoyance"", ""score"": 0.004710857756435871}, {""label"": ""approval"", ""score"": 0.19354993104934692}, {""label"": ""caring"", ""score"": 0.19164763391017914}, {""label"": ""confusion"", ""score"": 0.04222063720226288}, {""label"": ""curiosity"", ""score"": 0.16086256504058838}, {""label"": ""desire"", ""score"": 0.15544234216213226}, {""label"": ""disappointment"", ""score"": 0.015360990539193153}, {""label"": ""disapproval"", ""score"": 0.010802142322063446}, {""label"": ""disgust"", ""score"": 0.001609882223419845}, {""label"": ""embarrassment"", ""score"": 0.0009309691959060729}, {""label"": ""excitement"", ""score"": 0.01520688459277153}, {""label"": ""fear"", ""score"": 0.009319333359599113}, {""label"": ""gratitude"", ""score"": 0.0036318241618573666}, {""label"": ""grief"", ""score"": 0.002958090743049979}, {""label"": ""joy"", ""score"": 0.019363295286893845}, {""label"": ""love"", ""score"": 0.28977033495903015}, {""label"": ""nervousness"", ""score"": 0.007197399623692036}, {""label"": ""optimism"", ""score"": 0.8642144203186035}, {""label"": ""pride"", ""score"": 0.003571688197553158}, {""label"": ""realization"", ""score"": 0.016744287684559822}, {""label"": ""relief"", ""score"": 0.004037580918520689}, {""label"": ""remorse"", ""score"": 0.012354524806141853}, {""label"": ""sadness"", ""score"": 0.010839742608368397}, {""label"": ""surprise"", ""score"": 0.007803112268447876}, {""label"": ""neutral"", ""score"": 0.03473397716879845}]",optimism
at://did:plc:7j6m6s2leiamz5qngkpl6hb7/app.bsky.feed.post/3lt5fzfa2ec2q,https://bsky.app/profile/gaffersamgee.bsky.social/post/3lt5fzfa2ec2q,bafyreibsp4ylaw5ibksafp3chrm5ajmlnazccukmi4j7mj5w4xb4orak4q,"That and 15 years of the same crushing political direction, aye.",2025-07-04T14:06:05.342Z,2025-07-04T14:06:05.941Z,{},0,0,1,did:plc:7j6m6s2leiamz5qngkpl6hb7,gaffersamgee.bsky.social,Sam Chase,0,0,0,2023-08-01T15:36:34.401Z,,False,,False,"""[]""",2025-07-04T14:09:19.486434Z,Faux,"[0.6049931049346924, 0.39500692486763]","[{""label"": ""admiration"", ""score"": 0.0039441343396902084}, {""label"": ""amusement"", ""score"": 0.0026891962625086308}, {""label"": ""anger"", ""score"": 0.004056267905980349}, {""label"": ""annoyance"", ""score"": 0.10005664080381393}, {""label"": ""approval"", ""score"": 0.13872350752353668}, {""label"": ""caring"", ""score"": 0.0005005786661058664}, {""label"": ""confusion"", ""score"": 0.0008187777712009847}, {""label"": ""curiosity"", ""score"": 0.0007191686308942735}, {""label"": ""desire"", ""score"": 0.0018153906567022204}, {""label"": ""disappointment"", ""score"": 0.05699985846877098}, {""label"": ""disapproval"", ""score"": 0.010526956059038639}, {""label"": ""disgust"", ""score"": 0.005559865850955248}, {""label"": ""embarrassment"", ""score"": 0.0031755901873111725}, {""label"": ""excitement"", ""score"": 0.00222563068382442}, {""label"": ""fear"", ""score"": 0.0016873376443982124}, {""label"": ""gratitude"", ""score"": 0.0003266592975705862}, {""label"": ""grief"", ""score"": 0.0008005148847587407}, {""label"": ""joy"", ""score"": 0.001761964405886829}, {""label"": ""love"", ""score"": 0.0005404719267971814}, {""label"": ""nervousness"", ""score"": 0.0008717480814084411}, {""label"": ""optimism"", ""score"": 0.00564176170155406}, {""label"": ""pride"", ""score"": 0.0013513745507225394}, {""label"": ""realization"", ""score"": 0.08407188951969147}, {""label"": ""relief"", ""score"": 0.0016354923136532307}, {""label"": ""remorse"", ""score"": 0.0003119792672805488}, {""label"": ""sadness"", ""score"": 0.007351882755756378}, {""label"": ""surprise"", ""score"": 0.004414476454257965}, {""label"": ""neutral"", ""score"": 0.5514652132987976}]",neutral
at://did:plc:4sdlrs3pqhpkatc2qfoxilyf/app.bsky.feed.post/3lt5fyzumi224,https://bsky.app/profile/publicuniversal.bsky.social/post/3lt5fyzumi224,bafyreigelq6q3aih4c5dzacwxc6ic6w4jwpk2nxedhumwcrqnilabqwe24,"(And a way to square the circle of rural trumpy politics, given who tends to hold political power in those places)",2025-07-04T14:05:53.432Z,2025-07-04T14:05:53.734Z,{},0,0,1,did:plc:4sdlrs3pqhpkatc2qfoxilyf,publicuniversal.bsky.social,Public Universal Fiend,0,0,0,2023-07-18T17:47:03.768Z,,False,,False,"""[]""",2025-07-04T14:09:19.486578Z,Vrai,"[0.011087018996477127, 0.9889129996299744]","[{""label"": ""admiration"", ""score"": 0.0028118130285292864}, {""label"": ""amusement"", ""score"": 0.0010909244883805513}, {""label"": ""anger"", ""score"": 0.0006344688008539379}, {""label"": ""annoyance"", ""score"": 0.0048493267968297005}, {""label"": ""approval"", ""score"": 0.04990154132246971}, {""label"": ""caring"", ""score"": 0.0007650232873857021}, {""label"": ""confusion"", ""score"": 0.007050383370369673}, {""label"": ""curiosity"", ""score"": 0.001251682173460722}, {""label"": ""desire"", ""score"": 0.0007565575651824474}, {""label"": ""disappointment"", ""score"": 0.003214356955140829}, {""label"": ""disapproval"", ""score"": 0.004676412791013718}, {""label"": ""disgust"", ""score"": 0.0012002427829429507}, {""label"": ""embarrassment"", ""score"": 0.0004691940266638994}, {""label"": ""excitement"", ""score"": 0.0008374996250495315}, {""label"": ""fear"", ""score"": 0.0007391608087345958}, {""label"": ""gratitude"", ""score"": 0.0009258540230803192}, {""label"": ""grief"", ""score"": 0.00023575448722112924}, {""label"": ""joy"", ""score"": 0.0009046174236573279}, {""label"": ""love"", ""score"": 0.0007928366539999843}, {""label"": ""nervousness"", ""score"": 0.0003151835117023438}, {""label"": ""optimism"", ""score"": 0.004196816124022007}, {""label"": ""pride"", ""score"": 0.000302531203487888}, {""label"": ""realization"", ""score"": 0.04149138182401657}, {""label"": ""relief"", ""score"": 0.0004857941821683198}, {""label"": ""remorse"", ""score"": 0.00031640433007851243}, {""label"": ""sadness"", ""score"": 0.0010388349182903767}, {""label"": ""surprise"", ""score"": 0.000812889717053622}, {""label"": ""neutral"", ""score"": 0.9208860397338867}]",neutral
at://did:plc:4pljseagjrvsk54kohfxbhcr/app.bsky.feed.post/3lt5fylfbdc23,https://bsky.app/profile/ninabeth.bsky.social/post/3lt5fylfbdc23,bafyreih2qcp5ym6h7um4hv26qpfjoqa27whhnest2auxh4pujmmmyovpma,Got my happy email from the SSA today.  Political propaganda from a government agency.  Very clever and likely not the last message.  Trying to pit the old people against the Medicaid casualties.,2025-07-04T14:05:38.247Z,2025-07-04T14:05:38.442Z,{},0,0,0,did:plc:4pljseagjrvsk54kohfxbhcr,ninabeth.bsky.social,,0,0,0,2023-12-06T00:11:59.633Z,,False,,False,"""[]""",2025-07-04T14:09:19.486596Z,Vrai,"[0.013588501140475273, 0.9864115118980408]","[{""label"": ""admiration"", ""score"": 0.12324865162372589}, {""label"": ""amusement"", ""score"": 0.017565952613949776}, {""label"": ""anger"", ""score"": 0.002833455102518201}, {""label"": ""annoyance"", ""score"": 0.017758984118700027}, {""label"": ""approval"", ""score"": 0.18429341912269592}, {""label"": ""caring"", ""score"": 0.004476197063922882}, {""label"": ""confusion"", ""score"": 0.0012641209177672863}, {""label"": ""curiosity"", ""score"": 0.0011232942342758179}, {""label"": ""desire"", ""score"": 0.0038422353100031614}, {""label"": ""disappointment"", ""score"": 0.002604687586426735}, {""label"": ""disapproval"", ""score"": 0.004669094458222389}, {""label"": ""disgust"", ""score"": 0.0009278201614506543}, {""label"": ""embarrassment"", ""score"": 0.0006253926549106836}, {""label"": ""excitement"", ""score"": 0.04805412143468857}, {""label"": ""fear"", ""score"": 0.0004289501521270722}, {""label"": ""gratitude"", ""score"": 0.003141749883070588}, {""label"": ""grief"", ""score"": 0.0005697727319784462}, {""label"": ""joy"", ""score"": 0.6179022789001465}, {""label"": ""love"", ""score"": 0.0053010303527116776}, {""label"": ""nervousness"", ""score"": 0.0007496656617149711}, {""label"": ""optimism"", ""score"": 0.007717778440564871}, {""label"": ""pride"", ""score"": 0.012491358444094658}, {""label"": ""realization"", ""score"": 0.011728892102837563}, {""label"": ""relief"", ""score"": 0.017639249563217163}, {""label"": ""remorse"", ""score"": 0.00022021126642357558}, {""label"": ""sadness"", ""score"": 0.0009379358380101621}, {""label"": ""surprise"", ""score"": 0.0011822663946077228}, {""label"": ""neutral"", ""score"": 0.1718014031648636}]",joy
at://did:plc:cm5kw366y7mfv2xyxfannnfi/app.bsky.feed.post/3lt5fyjcte22e,https://bsky.app/profile/arlenr24.bsky.social/post/3lt5fyjcte22e,bafyreifuflaz4ovqiacnlnq4ygv2cyflvdm4toq4iufxkuncynbsj5vzdy,"I have seen much of this - in my family, in my circles, and where I live.  And I've seen zero evidence that is true.  People do not have the stomach to disown friends and family members. Especially those that are not political or intelligent.  I appreciate the hopeful sentiment. But I don't see it.",2025-07-04T14:05:36.073Z,2025-07-04T14:05:34.742Z,{},0,0,0,did:plc:cm5kw366y7mfv2xyxfannnfi,arlenr24.bsky.social,ArlenR24,0,0,0,2024-01-01T20:04:06.253Z,,False,,False,"""[]""",2025-07-04T14:09:19.486613Z,Vrai,"[0.0028050383552908897, 0.9971948862075806]","[{""label"": ""admiration"", ""score"": 0.5496178865432739}, {""label"": ""amusement"", ""score"": 0.0006469927029684186}, {""label"": ""anger"", ""score"": 0.0023141978308558464}, {""label"": ""annoyance"", ""score"": 0.014220420271158218}, {""label"": ""approval"", ""score"": 0.23538987338542938}, {""label"": ""caring"", ""score"": 0.017789645120501518}, {""label"": ""confusion"", ""score"": 0.008114654570817947}, {""label"": ""curiosity"", ""score"": 0.0018349314341321588}, {""label"": ""desire"", ""score"": 0.010909796692430973}, {""label"": ""disappointment"", ""score"": 0.04121679067611694}, {""label"": ""disapproval"", ""score"": 0.34549760818481445}, {""label"": ""disgust"", ""score"": 0.002104884944856167}, {""label"": ""embarrassment"", ""score"": 0.0011275014840066433}, {""label"": ""excitement"", ""score"": 0.0050718714483082294}, {""label"": ""fear"", ""score"": 0.002282513305544853}, {""label"": ""gratitude"", ""score"": 0.13653558492660522}, {""label"": ""grief"", ""score"": 0.0018262305529788136}, {""label"": ""joy"", ""score"": 0.005048141349107027}, {""label"": ""love"", ""score"": 0.005125635303556919}, {""label"": ""nervousness"", ""score"": 0.000798748224042356}, {""label"": ""optimism"", ""score"": 0.23481139540672302}, {""label"": ""pride"", ""score"": 0.011413597501814365}, {""label"": ""realization"", ""score"": 0.02582770772278309}, {""label"": ""relief"", ""score"": 0.00908855814486742}, {""label"": ""remorse"", ""score"": 0.0030259324703365564}, {""label"": ""sadness"", ""score"": 0.003715393366292119}, {""label"": ""surprise"", ""score"": 0.0038491073064506054}, {""label"": ""neutral"", ""score"": 0.05684934929013252}]",admiration
at://did:plc:32u3yiap3mlixgp6t75erk4y/app.bsky.feed.post/3lt5fyfsvd22d,https://bsky.app/profile/recordstoliveby.bsky.social/post/3lt5fyfsvd22d,bafyreifjnjat67r5pbotv7deqeen3erwo54t7rl2qcmt4jirtf6g52sibq,"It won't, it never has. The political system favours the rich",2025-07-04T14:05:32.405Z,2025-07-04T14:05:33.441Z,{},0,0,1,did:plc:32u3yiap3mlixgp6t75erk4y,recordstoliveby.bsky.social,Steve (he / him),0,0,0,2024-11-06T16:18:11.982Z,,False,,False,"""[]""",2025-07-04T14:09:19.486629Z,Vrai,"[0.0038999151438474655, 0.9961000680923462]","[{""label"": ""admiration"", ""score"": 0.002918811049312353}, {""label"": ""amusement"", ""score"": 0.0013077117037028074}, {""label"": ""anger"", ""score"": 0.0046778712421655655}, {""label"": ""annoyance"", ""score"": 0.03536831960082054}, {""label"": ""approval"", ""score"": 0.04492421820759773}, {""label"": ""caring"", ""score"": 0.003793729469180107}, {""label"": ""confusion"", ""score"": 0.0030164618510752916}, {""label"": ""curiosity"", ""score"": 0.0009796867379918694}, {""label"": ""desire"", ""score"": 0.0016060842899605632}, {""label"": ""disappointment"", ""score"": 0.021979309618473053}, {""label"": ""disapproval"", ""score"": 0.7224178910255432}, {""label"": ""disgust"", ""score"": 0.0017223811009898782}, {""label"": ""embarrassment"", ""score"": 0.0009215179597958922}, {""label"": ""excitement"", ""score"": 0.0009074996341951191}, {""label"": ""fear"", ""score"": 0.0004546761338133365}, {""label"": ""gratitude"", ""score"": 0.0019383914768695831}, {""label"": ""grief"", ""score"": 0.00040166001417674124}, {""label"": ""joy"", ""score"": 0.0016289785271510482}, {""label"": ""love"", ""score"": 0.0014965072041377425}, {""label"": ""nervousness"", ""score"": 0.0003392992075532675}, {""label"": ""optimism"", ""score"": 0.004572208505123854}, {""label"": ""pride"", ""score"": 0.00038998122909106314}, {""label"": ""realization"", ""score"": 0.015598511323332787}, {""label"": ""relief"", ""score"": 0.001026041922159493}, {""label"": ""remorse"", ""score"": 0.0006980004836805165}, {""label"": ""sadness"", ""score"": 0.003436039434745908}, {""label"": ""surprise"", ""score"": 0.0010282931616529822}, {""label"": ""neutral"", ""score"": 0.34310272336006165}]",disapproval
at://did:plc:7usnmvfgeb4oczsuxp2i2ktl/app.bsky.feed.post/3lt5fy6sgpc2a,https://bsky.app/profile/morrbeat.bsky.social/post/3lt5fy6sgpc2a,bafyreihjrdncnnbbvcpnzrc5rvgk4nb3g3lywvpcyzlswlwm4ghvxyjcuy,Honestly HEADS OF STATE feels like an end point for this kind of high concept thriller - there’s simply too much political baggage out in the real world for even fun cartoony takes like this one (still a good action movie!) to work without tying itself into knots,2025-07-04T14:05:25.050Z,2025-07-04T14:05:25.640Z,{},0,0,0,did:plc:7usnmvfgeb4oczsuxp2i2ktl,morrbeat.bsky.social,Anthony Morris,0,0,0,2023-07-24T07:08:45.484Z,,False,,False,"""[]""",2025-07-04T14:09:19.486645Z,Vrai,"[0.0032527989242225885, 0.9967471361160278]","[{""label"": ""admiration"", ""score"": 0.18618892133235931}, {""label"": ""amusement"", ""score"": 0.012698343023657799}, {""label"": ""anger"", ""score"": 0.0011767161777243018}, {""label"": ""annoyance"", ""score"": 0.02227589674293995}, {""label"": ""approval"", ""score"": 0.4161158800125122}, {""label"": ""caring"", ""score"": 0.0009529032977297902}, {""label"": ""confusion"", ""score"": 0.0019606982823461294}, {""label"": ""curiosity"", ""score"": 0.0007477343315258622}, {""label"": ""desire"", ""score"": 0.002374021802097559}, {""label"": ""disappointment"", ""score"": 0.009903565049171448}, {""label"": ""disapproval"", ""score"": 0.011219337582588196}, {""label"": ""disgust"", ""score"": 0.0020565425511449575}, {""label"": ""embarrassment"", ""score"": 0.0006118243909440935}, {""label"": ""excitement"", ""score"": 0.003468886949121952}, {""label"": ""fear"", ""score"": 0.00038823983049951494}, {""label"": ""gratitude"", ""score"": 0.0007038292242214084}, {""label"": ""grief"", ""score"": 0.0002589438809081912}, {""label"": ""joy"", ""score"": 0.007094043307006359}, {""label"": ""love"", ""score"": 0.0020630410872399807}, {""label"": ""nervousness"", ""score"": 0.00024480491993017495}, {""label"": ""optimism"", ""score"": 0.014963987283408642}, {""label"": ""pride"", ""score"": 0.0026414517778903246}, {""label"": ""realization"", ""score"": 0.045898716896772385}, {""label"": ""relief"", ""score"": 0.0017635393887758255}, {""label"": ""remorse"", ""score"": 0.00015873184020165354}, {""label"": ""sadness"", ""score"": 0.0005891251494176686}, {""label"": ""surprise"", ""score"": 0.0007631381158716977}, {""label"": ""neutral"", ""score"": 0.3272264897823334}]",approval
at://did:plc:bcgtpezwhu5ynanpiezkmfim/app.bsky.feed.post/3lt5fxjmyxs2a,https://bsky.app/profile/sloanelysbeth.bsky.social/post/3lt5fxjmyxs2a,bafyreicxgtdofax52d3ovxniyrpq3auoir2l2yecawkzy6dkc3o3ke7cqy,id love to know what the political spectrum looks like to folks who say things like this.,2025-07-04T14:05:02.851Z,2025-07-04T14:05:05.547Z,"""record=Main(cid='bafyreigfadkwriwiqb5jgxfhxvvst2t7xwskuy7zt6zid5ycivfvmptjoe', uri='at://did:plc:jndn3b4f2ulhnta544py6pon/app.bsky.feed.post/3lt5cu2mqlc2t', py_type='com.atproto.repo.strongRef') py_type='app.bsky.embed.record'""",7,0,2,did:plc:bcgtpezwhu5ynanpiezkmfim,sloanelysbeth.bsky.social,รℓσαɳε ℓყรɓεƭɦ 🏳️‍🌈,0,0,0,2023-06-21T11:50:53.559Z,,False,,False,"""[]""",2025-07-04T14:09:19.486676Z,Faux,"[0.9996333122253418, 0.0003666181873995811]","[{""label"": ""admiration"", ""score"": 0.01228406559675932}, {""label"": ""amusement"", ""score"": 0.003740587504580617}, {""label"": ""anger"", ""score"": 0.004682527389377356}, {""label"": ""annoyance"", ""score"": 0.005231662653386593}, {""label"": ""approval"", ""score"": 0.02239208295941353}, {""label"": ""caring"", ""score"": 0.007490227464586496}, {""label"": ""confusion"", ""score"": 0.04411476477980614}, {""label"": ""curiosity"", ""score"": 0.6810044050216675}, {""label"": ""desire"", ""score"": 0.04820508137345314}, {""label"": ""disappointment"", ""score"": 0.003905088407918811}, {""label"": ""disapproval"", ""score"": 0.005314193665981293}, {""label"": ""disgust"", ""score"": 0.003057805122807622}, {""label"": ""embarrassment"", ""score"": 0.0007612304179929197}, {""label"": ""excitement"", ""score"": 0.01667613908648491}, {""label"": ""fear"", ""score"": 0.003675841260701418}, {""label"": ""gratitude"", ""score"": 0.005139267072081566}, {""label"": ""grief"", ""score"": 0.0006154099828563631}, {""label"": ""joy"", ""score"": 0.0052043539471924305}, {""label"": ""love"", ""score"": 0.6025790572166443}, {""label"": ""nervousness"", ""score"": 0.0015227753901854157}, {""label"": ""optimism"", ""score"": 0.015543056651949883}, {""label"": ""pride"", ""score"": 0.00014298556197900325}, {""label"": ""realization"", ""score"": 0.0034303520806133747}, {""label"": ""relief"", ""score"": 0.0004507089324761182}, {""label"": ""remorse"", ""score"": 0.002025719964876771}, {""label"": ""sadness"", ""score"": 0.0035280254669487476}, {""label"": ""surprise"", ""score"": 0.005833159666508436}, {""label"": ""neutral"", ""score"": 0.04176690801978111}]",curiosity
at://did:plc:i3wu53ofvdsgpjazvmhg5npl/app.bsky.feed.post/3lt5fwwh7ek2y,https://bsky.app/profile/lensman23.bsky.social/post/3lt5fwwh7ek2y,bafyreigi6lkecxwzsgwuytkamidyazliwtdbbiq6qlts2t6vyzhtvjizwa,Political Cartoon of the Day by Jeff Danziger.,2025-07-04T14:04:42.724Z,2025-07-04T14:04:44.240Z,"""images=[Image(alt='', image=BlobRef(mime_type='image/jpeg', size=125747, ref=IpldLink(link='bafkreibfjnwnru2sprsn5z5ussdd7eivd7pqv4k46r3sviojfeejns3rmu'), py_type='blob'), aspect_ratio=AspectRatio(height=506, width=723, py_type='app.bsky.embed.defs#aspectRatio'), py_type='app.bsky.embed.images#image')] py_type='app.bsky.embed.images'""",0,0,0,did:plc:i3wu53ofvdsgpjazvmhg5npl,lensman23.bsky.social,Lady Haha,0,0,0,2024-02-08T16:12:21.642Z,,False,,False,"""[]""",2025-07-04T14:09:19.486812Z,Faux,"[0.9985561966896057, 0.0014438534853979945]","[{""label"": ""admiration"", ""score"": 0.016081856563687325}, {""label"": ""amusement"", ""score"": 0.0041816201992332935}, {""label"": ""anger"", ""score"": 0.0011250782990828156}, {""label"": ""annoyance"", ""score"": 0.0049795471131801605}, {""label"": ""approval"", ""score"": 0.0299565140157938}, {""label"": ""caring"", ""score"": 0.0005055955843999982}, {""label"": ""confusion"", ""score"": 0.0012880763970315456}, {""label"": ""curiosity"", ""score"": 0.0014460048405453563}, {""label"": ""desire"", ""score"": 0.0010557178175076842}, {""label"": ""disappointment"", ""score"": 0.0020640473812818527}, {""label"": ""disapproval"", ""score"": 0.0018106324132531881}, {""label"": ""disgust"", ""score"": 0.0014419133076444268}, {""label"": ""embarrassment"", ""score"": 0.0005251714610494673}, {""label"": ""excitement"", ""score"": 0.00984380766749382}, {""label"": ""fear"", ""score"": 0.0005500802071765065}, {""label"": ""gratitude"", ""score"": 0.0010647790040820837}, {""label"": ""grief"", ""score"": 0.00024006285821087658}, {""label"": ""joy"", ""score"": 0.008513713255524635}, {""label"": ""love"", ""score"": 0.002821757923811674}, {""label"": ""nervousness"", ""score"": 0.00020144776499364525}, {""label"": ""optimism"", ""score"": 0.0024324478581547737}, {""label"": ""pride"", ""score"": 0.0011038366938009858}, {""label"": ""realization"", ""score"": 0.007859315723180771}, {""label"": ""relief"", ""score"": 0.0006420683348551393}, {""label"": ""remorse"", ""score"": 0.000250906974542886}, {""label"": ""sadness"", ""score"": 0.0007912309956736863}, {""label"": ""surprise"", ""score"": 0.001791084767319262}, {""label"": ""neutral"", ""score"": 0.927239716053009}]",neutral
at://did:plc:3fccz4macdyzaegjlkfic3in/app.bsky.feed.post/3lt5fwpnrec2x,https://bsky.app/profile/billiejsweeney.bsky.social/post/3lt5fwpnrec2x,bafyreig4xvrjzd22k35a43enq7l5dmgmad7muxtlignrhhsiajpvlph2ve,Exactly. The nyt applies shifting “standards” to matters of race and gender to meet Sulzberger’s political impulses. An ethical news org would examine how this disgrace was pubbed. We can safely assume the nyt won’t do that.   But it’s a great target for a media reporter looking for a real scoop,2025-07-04T14:04:35.613Z,2025-07-04T14:04:36.342Z,"""record=Main(cid='bafyreib2eazjv6kvi2j3f437c5qpjlb2oqzykjrqf4zoowsikyhgujlojy', uri='at://did:plc:a4afgbnxswr67ibb2buhknax/app.bsky.feed.post/3lt4gw3avcs2n', py_type='com.atproto.repo.strongRef') py_type='app.bsky.embed.record'""",4,1,0,did:plc:3fccz4macdyzaegjlkfic3in,billiejsweeney.bsky.social,Billie Jean Sweeney,0,0,0,2024-11-13T12:18:32.289Z,,False,,False,"""[]""",2025-07-04T14:09:19.486839Z,Vrai,"[0.003927126061171293, 0.9960728883743286]","[{""label"": ""admiration"", ""score"": 0.03983071446418762}, {""label"": ""amusement"", ""score"": 0.0005235066637396812}, {""label"": ""anger"", ""score"": 0.0008664477500133216}, {""label"": ""annoyance"", ""score"": 0.007580007426440716}, {""label"": ""approval"", ""score"": 0.4389727711677551}, {""label"": ""caring"", ""score"": 0.0016725000459700823}, {""label"": ""confusion"", ""score"": 0.005843239836394787}, {""label"": ""curiosity"", ""score"": 0.0016105736140161753}, {""label"": ""desire"", ""score"": 0.0016045391093939543}, {""label"": ""disappointment"", ""score"": 0.006581046152859926}, {""label"": ""disapproval"", ""score"": 0.08752255141735077}, {""label"": ""disgust"", ""score"": 0.0010295248357579112}, {""label"": ""embarrassment"", ""score"": 0.00033774590701796114}, {""label"": ""excitement"", ""score"": 0.0008268404053524137}, {""label"": ""fear"", ""score"": 0.0003921963507309556}, {""label"": ""gratitude"", ""score"": 0.0020824247039854527}, {""label"": ""grief"", ""score"": 0.000171194551512599}, {""label"": ""joy"", ""score"": 0.00058768130838871}, {""label"": ""love"", ""score"": 0.0013061142526566982}, {""label"": ""nervousness"", ""score"": 0.00018109766824636608}, {""label"": ""optimism"", ""score"": 0.01713596098124981}, {""label"": ""pride"", ""score"": 0.00060055818175897}, {""label"": ""realization"", ""score"": 0.022959377616643906}, {""label"": ""relief"", ""score"": 0.0006959871388971806}, {""label"": ""remorse"", ""score"": 0.00034066344960592687}, {""label"": ""sadness"", ""score"": 0.0007240879931487143}, {""label"": ""surprise"", ""score"": 0.0005673562991432846}, {""label"": ""neutral"", ""score"": 0.4722951650619507}]",neutral
at://did:plc:iaua56b5jdng7eoevy3l4q7n/app.bsky.feed.post/3lt5fwd7uws22,https://bsky.app/profile/raerae2344.bsky.social/post/3lt5fwd7uws22,bafyreifpwcvita65gpqkr74qypqhef5fo7dzckx5clvnxywigodsovcqb4,"I am NOT sorry for being political on my own account. I am still incredibly baffled that this cruel bill at USA exist and they voted yes to what is basically ""kill everybody or get everybody homeless"" bill",2025-07-04T14:04:22.576Z,2025-07-04T14:04:23.739Z,{},0,0,0,did:plc:iaua56b5jdng7eoevy3l4q7n,raerae2344.bsky.social,RaeRae | VGEN COMMS OPEN!(Artfight~),0,0,0,2024-10-16T22:51:47.307Z,,False,,False,"""[]""",2025-07-04T14:09:19.486855Z,Vrai,"[0.015198723413050175, 0.9848012328147888]","[{""label"": ""admiration"", ""score"": 0.0012879634741693735}, {""label"": ""amusement"", ""score"": 0.0009079956216737628}, {""label"": ""anger"", ""score"": 0.050810590386390686}, {""label"": ""annoyance"", ""score"": 0.23082736134529114}, {""label"": ""approval"", ""score"": 0.040505897253751755}, {""label"": ""caring"", ""score"": 0.004951809998601675}, {""label"": ""confusion"", ""score"": 0.08514039218425751}, {""label"": ""curiosity"", ""score"": 0.021755559369921684}, {""label"": ""desire"", ""score"": 0.0013034206349402666}, {""label"": ""disappointment"", ""score"": 0.09391839802265167}, {""label"": ""disapproval"", ""score"": 0.14701679348945618}, {""label"": ""disgust"", ""score"": 0.008578620851039886}, {""label"": ""embarrassment"", ""score"": 0.055917009711265564}, {""label"": ""excitement"", ""score"": 0.0007284560124389827}, {""label"": ""fear"", ""score"": 0.0026705500204116106}, {""label"": ""gratitude"", ""score"": 0.0017393800662830472}, {""label"": ""grief"", ""score"": 0.0020748048555105925}, {""label"": ""joy"", ""score"": 0.0012810620246455073}, {""label"": ""love"", ""score"": 0.0012310224119573832}, {""label"": ""nervousness"", ""score"": 0.0042973351664841175}, {""label"": ""optimism"", ""score"": 0.002576058730483055}, {""label"": ""pride"", ""score"": 0.0007279605488292873}, {""label"": ""realization"", ""score"": 0.02938397228717804}, {""label"": ""relief"", ""score"": 0.0014881740789860487}, {""label"": ""remorse"", ""score"": 0.06454236805438995}, {""label"": ""sadness"", ""score"": 0.045903682708740234}, {""label"": ""surprise"", ""score"": 0.003123863833025098}, {""label"": ""neutral"", ""score"": 0.0813811644911766}]",annoyance
at://did:plc:6xwecxh3pzgzngyon3yrtra7/app.bsky.feed.post/3lt5fwcgs7c2w,https://bsky.app/profile/neonflag.bsky.social/post/3lt5fwcgs7c2w,bafyreihvqmij7duikq6ois5kckkvvai2jhorqruov72vzyjhmu66foollm,"So, expect the open appeal for a Trump pardon, assuming he doesn't just order the feds to drop the case, and screw the investors. Political loyalty matters more than the law to Trump.  But one has to wonder what happens with Erick Erickson, who promoted this grift with his brand.",2025-07-04T14:04:19.650Z,2025-07-04T14:04:26.527Z,"""images=[Image(alt='', image=BlobRef(mime_type='image/jpeg', size=265615, ref=IpldLink(link='bafkreidqnm54u7hk4hpj6bvrngbktdfwjukvee73cb4e7l3qy52qfcnsau'), py_type='blob'), aspect_ratio=AspectRatio(height=319, width=923, py_type='app.bsky.embed.defs#aspectRatio'), py_type='app.bsky.embed.images#image')] py_type='app.bsky.embed.images'""",0,0,1,did:plc:6xwecxh3pzgzngyon3yrtra7,neonflag.bsky.social,George Chidi (@neonflag),0,0,0,2023-12-21T04:37:56.873Z,,False,,False,"""[]""",2025-07-04T14:09:19.486890Z,Vrai,"[0.00165075424592942, 0.9983493089675903]","[{""label"": ""admiration"", ""score"": 0.0024186347145587206}, {""label"": ""amusement"", ""score"": 0.0038892938755452633}, {""label"": ""anger"", ""score"": 0.015071757137775421}, {""label"": ""annoyance"", ""score"": 0.09904411435127258}, {""label"": ""approval"", ""score"": 0.009500029496848583}, {""label"": ""caring"", ""score"": 0.00141739915125072}, {""label"": ""confusion"", ""score"": 0.02428491972386837}, {""label"": ""curiosity"", ""score"": 0.13210779428482056}, {""label"": ""desire"", ""score"": 0.002217740984633565}, {""label"": ""disappointment"", ""score"": 0.01370248943567276}, {""label"": ""disapproval"", ""score"": 0.006172378547489643}, {""label"": ""disgust"", ""score"": 0.0029863545205444098}, {""label"": ""embarrassment"", ""score"": 0.0023953402414917946}, {""label"": ""excitement"", ""score"": 0.006015150807797909}, {""label"": ""fear"", ""score"": 0.0020876911003142595}, {""label"": ""gratitude"", ""score"": 0.000251194229349494}, {""label"": ""grief"", ""score"": 0.0005163780879229307}, {""label"": ""joy"", ""score"": 0.001296035829000175}, {""label"": ""love"", ""score"": 0.0003518293087836355}, {""label"": ""nervousness"", ""score"": 0.0012535587884485722}, {""label"": ""optimism"", ""score"": 0.018224848434329033}, {""label"": ""pride"", ""score"": 0.0002683403145056218}, {""label"": ""realization"", ""score"": 0.016374053433537483}, {""label"": ""relief"", ""score"": 0.000438835471868515}, {""label"": ""remorse"", ""score"": 0.0002371807786403224}, {""label"": ""sadness"", ""score"": 0.0009988638339564204}, {""label"": ""surprise"", ""score"": 0.2045590877532959}, {""label"": ""neutral"", ""score"": 0.46277666091918945}]",neutral
at://did:plc:4zsnqlaayna6btknsoar3ge5/app.bsky.feed.post/3lt5fw6twgc2i,https://bsky.app/profile/leonardocarella.bsky.social/post/3lt5fw6twgc2i,bafyreietadxged6pxrhgfizv6epllumh6vc5ejox4md6ajgtmg2wlu4tzq,"I keep wondering whether Starmer is more like Wilson (has absolutely no vision, has to deal with an impossible party, delays the inevitable making it worse) or like Heath (no people or political skills, ultimately hates his own party, can’t stick to the plan, almost comically unlucky).",2025-07-04T14:04:17.989Z,2025-07-04T14:04:18.639Z,{},4,0,3,did:plc:4zsnqlaayna6btknsoar3ge5,leonardocarella.bsky.social,Leonardo Carella,0,0,0,2023-10-31T10:33:48.654Z,,False,,False,"""[]""",2025-07-04T14:09:19.486907Z,Vrai,"[0.006323706358671188, 0.9936762452125549]","[{""label"": ""admiration"", ""score"": 0.0034069924149662256}, {""label"": ""amusement"", ""score"": 0.007107614539563656}, {""label"": ""anger"", ""score"": 0.005930976942181587}, {""label"": ""annoyance"", ""score"": 0.028620827943086624}, {""label"": ""approval"", ""score"": 0.0038268896751105785}, {""label"": ""caring"", ""score"": 0.002270118799060583}, {""label"": ""confusion"", ""score"": 0.22097329795360565}, {""label"": ""curiosity"", ""score"": 0.6300110816955566}, {""label"": ""desire"", ""score"": 0.00239306828007102}, {""label"": ""disappointment"", ""score"": 0.14250576496124268}, {""label"": ""disapproval"", ""score"": 0.02192087285220623}, {""label"": ""disgust"", ""score"": 0.004365284461528063}, {""label"": ""embarrassment"", ""score"": 0.009093200787901878}, {""label"": ""excitement"", ""score"": 0.00502902502194047}, {""label"": ""fear"", ""score"": 0.007288526277989149}, {""label"": ""gratitude"", ""score"": 0.0006485481280833483}, {""label"": ""grief"", ""score"": 0.0027623088099062443}, {""label"": ""joy"", ""score"": 0.0018513069953769445}, {""label"": ""love"", ""score"": 0.0024630960542708635}, {""label"": ""nervousness"", ""score"": 0.005988967139273882}, {""label"": ""optimism"", ""score"": 0.014211144298315048}, {""label"": ""pride"", ""score"": 0.00017716256843414158}, {""label"": ""realization"", ""score"": 0.012433587573468685}, {""label"": ""relief"", ""score"": 0.0006893747486174107}, {""label"": ""remorse"", ""score"": 0.003771269228309393}, {""label"": ""sadness"", ""score"": 0.029321817681193352}, {""label"": ""surprise"", ""score"": 0.1659001111984253}, {""label"": ""neutral"", ""score"": 0.08814778923988342}]",curiosity
at://did:plc:qelhiadfnqzchdf2tpc4cmwd/app.bsky.feed.post/3lt5fw6ihac2e,https://bsky.app/profile/jbfireblade929.bsky.social/post/3lt5fw6ihac2e,bafyreibngsqzguuhw6lf2qrhd3uhhxgptgi4i3rh25j3sju4njiosclrhe,"For 30 years my politics has been centrist. My ideas and ideals haven't changed nor wavered, yet lately, I'm more and more aligned toward the left. That's not me, I'm steadfast. That's the political landscape around me. Why, eh? 🤷‍♂️",2025-07-04T14:04:17.613Z,2025-07-04T14:04:20.138Z,{},0,0,0,did:plc:qelhiadfnqzchdf2tpc4cmwd,jbfireblade929.bsky.social,John Bourke,0,0,0,2023-12-09T06:37:14.090Z,,False,,False,"""[]""",2025-07-04T14:09:19.486923Z,Vrai,"[0.0010393308475613594, 0.9989606142044067]","[{""label"": ""admiration"", ""score"": 0.018380075693130493}, {""label"": ""amusement"", ""score"": 0.0011561022838577628}, {""label"": ""anger"", ""score"": 0.0016660674009472132}, {""label"": ""annoyance"", ""score"": 0.007970021106302738}, {""label"": ""approval"", ""score"": 0.570414662361145}, {""label"": ""caring"", ""score"": 0.012797492556273937}, {""label"": ""confusion"", ""score"": 0.15631385147571564}, {""label"": ""curiosity"", ""score"": 0.32482314109802246}, {""label"": ""desire"", ""score"": 0.006032115779817104}, {""label"": ""disappointment"", ""score"": 0.00739261182025075}, {""label"": ""disapproval"", ""score"": 0.03206465765833855}, {""label"": ""disgust"", ""score"": 0.0009443698218092322}, {""label"": ""embarrassment"", ""score"": 0.0009301348472945392}, {""label"": ""excitement"", ""score"": 0.006801282986998558}, {""label"": ""fear"", ""score"": 0.002062190091237426}, {""label"": ""gratitude"", ""score"": 0.0005772355943918228}, {""label"": ""grief"", ""score"": 0.0006916976999491453}, {""label"": ""joy"", ""score"": 0.0036481681745499372}, {""label"": ""love"", ""score"": 0.005395508371293545}, {""label"": ""nervousness"", ""score"": 0.0025187188293784857}, {""label"": ""optimism"", ""score"": 0.046451766043901443}, {""label"": ""pride"", ""score"": 0.0008668939699418843}, {""label"": ""realization"", ""score"": 0.06290542334318161}, {""label"": ""relief"", ""score"": 0.002493566134944558}, {""label"": ""remorse"", ""score"": 0.0012855760287493467}, {""label"": ""sadness"", ""score"": 0.0030592852272093296}, {""label"": ""surprise"", ""score"": 0.006208548787981272}, {""label"": ""neutral"", ""score"": 0.16673119366168976}]",approval
at://did:plc:x3sy25ej3fegmjilpmfmdgba/app.bsky.feed.post/3lt5fvsaeec2a,https://bsky.app/profile/jmichalicek.bsky.social/post/3lt5fvsaeec2a,bafyreidoboazx3geaogrow6yxem6bdwpbbwkbgkbr7bdkuawpb3gqbtcra,"It's not ""one man"". He has a team of handpicked leaders who were approved by both parties, was made the choice for president by an entire political party (and good chunk of the country) twice despite supporting insurrection after the first time. He is just a symtpom of a much bigger problem.",2025-07-04T14:04:04.765Z,2025-07-04T14:04:05.941Z,{},0,0,0,did:plc:x3sy25ej3fegmjilpmfmdgba,jmichalicek.bsky.social,,0,0,0,2025-03-22T23:23:32.642Z,,False,,False,"""[]""",2025-07-04T14:09:19.486938Z,Faux,"[0.668004035949707, 0.33199596405029297]","[{""label"": ""admiration"", ""score"": 0.0024788149166852236}, {""label"": ""amusement"", ""score"": 0.0006132799317128956}, {""label"": ""anger"", ""score"": 0.002647270681336522}, {""label"": ""annoyance"", ""score"": 0.03605884686112404}, {""label"": ""approval"", ""score"": 0.04854799062013626}, {""label"": ""caring"", ""score"": 0.0010744142346084118}, {""label"": ""confusion"", ""score"": 0.003188126487657428}, {""label"": ""curiosity"", ""score"": 0.0005861312383785844}, {""label"": ""desire"", ""score"": 0.0007217989768832922}, {""label"": ""disappointment"", ""score"": 0.015070730820298195}, {""label"": ""disapproval"", ""score"": 0.1692764014005661}, {""label"": ""disgust"", ""score"": 0.0014562542783096433}, {""label"": ""embarrassment"", ""score"": 0.0008302626083604991}, {""label"": ""excitement"", ""score"": 0.0004434447328094393}, {""label"": ""fear"", ""score"": 0.0003586155653465539}, {""label"": ""gratitude"", ""score"": 0.0008558293338865042}, {""label"": ""grief"", ""score"": 0.0002985573373734951}, {""label"": ""joy"", ""score"": 0.000655493582598865}, {""label"": ""love"", ""score"": 0.0004177454102318734}, {""label"": ""nervousness"", ""score"": 0.00023969486937858164}, {""label"": ""optimism"", ""score"": 0.002830679528415203}, {""label"": ""pride"", ""score"": 0.0003728803712874651}, {""label"": ""realization"", ""score"": 0.03374725580215454}, {""label"": ""relief"", ""score"": 0.0006312753539532423}, {""label"": ""remorse"", ""score"": 0.0004132250905968249}, {""label"": ""sadness"", ""score"": 0.0017458933871239424}, {""label"": ""surprise"", ""score"": 0.0007523100939579308}, {""label"": ""neutral"", ""score"": 0.7778853178024292}]",neutral
at://did:plc:lv3leecdjlbqf2nmersifh6n/app.bsky.feed.post/3lt5fvef7p22k,https://bsky.app/profile/carolynsuehall.bsky.social/post/3lt5fvef7p22k,bafyreicfldjtzdi3xyrrxckbquuy7strywdozdz5rk4fgs6umy6n6ns6au,This Social Security e-mail is the first time I ever remember getting correspondence with a clear blatant political stance from a government agency. In plain sight Trump has morphed this country into a dictatorship. Congress is full of vapid sycophants. I’m not sure democracy is ever coming back. 💔,2025-07-04T14:03:50.244Z,2025-07-04T14:03:51.041Z,{},0,0,0,did:plc:lv3leecdjlbqf2nmersifh6n,carolynsuehall.bsky.social,Carolyn Hall,0,0,0,2025-01-07T23:33:22.544Z,,False,,False,"""[]""",2025-07-04T14:09:19.487411Z,Vrai,"[0.21225236356258392, 0.7877476215362549]","[{""label"": ""admiration"", ""score"": 0.005410306621342897}, {""label"": ""amusement"", ""score"": 0.00274317292496562}, {""label"": ""anger"", ""score"": 0.013942154124379158}, {""label"": ""annoyance"", ""score"": 0.11767175048589706}, {""label"": ""approval"", ""score"": 0.057773102074861526}, {""label"": ""caring"", ""score"": 0.0069021061062812805}, {""label"": ""confusion"", ""score"": 0.7734758257865906}, {""label"": ""curiosity"", ""score"": 0.01870885118842125}, {""label"": ""desire"", ""score"": 0.004599324427545071}, {""label"": ""disappointment"", ""score"": 0.20611386001110077}, {""label"": ""disapproval"", ""score"": 0.17577126622200012}, {""label"": ""disgust"", ""score"": 0.00564423156902194}, {""label"": ""embarrassment"", ""score"": 0.011310197412967682}, {""label"": ""excitement"", ""score"": 0.004446404054760933}, {""label"": ""fear"", ""score"": 0.02145279385149479}, {""label"": ""gratitude"", ""score"": 0.0021242352668195963}, {""label"": ""grief"", ""score"": 0.001753318589180708}, {""label"": ""joy"", ""score"": 0.008707193657755852}, {""label"": ""love"", ""score"": 0.005559135228395462}, {""label"": ""nervousness"", ""score"": 0.036736760288476944}, {""label"": ""optimism"", ""score"": 0.05709242820739746}, {""label"": ""pride"", ""score"": 0.0015273512108251452}, {""label"": ""realization"", ""score"": 0.05786989629268646}, {""label"": ""relief"", ""score"": 0.0040158373303711414}, {""label"": ""remorse"", ""score"": 0.005435433238744736}, {""label"": ""sadness"", ""score"": 0.009244195185601711}, {""label"": ""surprise"", ""score"": 0.008298776112496853}, {""label"": ""neutral"", ""score"": 0.06571945548057556}]",confusion
at://did:plc:dmmm7b7yt4po3nfdauoa6ev7/app.bsky.feed.post/3lt5fvaecp22o,https://bsky.app/profile/crobertbuchanan.bsky.social/post/3lt5fvaecp22o,bafyreibt2adoldsrydtcm2djltbd2sec76qwxnstgahedrigfr644bkqha,It remains to be seen how long a political party predicated on doing mortal and material harm to their constituents and remain viable.,2025-07-04T14:03:46.021Z,2025-07-04T14:03:46.539Z,{},0,0,0,did:plc:dmmm7b7yt4po3nfdauoa6ev7,crobertbuchanan.bsky.social,CRobertBuchanan,0,0,0,2023-09-29T03:00:17.331Z,,False,,False,"""[]""",2025-07-04T14:09:19.487440Z,Vrai,"[0.004688791465014219, 0.9953112006187439]","[{""label"": ""admiration"", ""score"": 0.0016961600631475449}, {""label"": ""amusement"", ""score"": 0.0005218334845267236}, {""label"": ""anger"", ""score"": 0.001196794561110437}, {""label"": ""annoyance"", ""score"": 0.00884082168340683}, {""label"": ""approval"", ""score"": 0.02366873435676098}, {""label"": ""caring"", ""score"": 0.0033511496149003506}, {""label"": ""confusion"", ""score"": 0.2737022042274475}, {""label"": ""curiosity"", ""score"": 0.06317483633756638}, {""label"": ""desire"", ""score"": 0.00319892936386168}, {""label"": ""disappointment"", ""score"": 0.012909239158034325}, {""label"": ""disapproval"", ""score"": 0.011771582998335361}, {""label"": ""disgust"", ""score"": 0.0016312910011038184}, {""label"": ""embarrassment"", ""score"": 0.0009070491651073098}, {""label"": ""excitement"", ""score"": 0.0010455786250531673}, {""label"": ""fear"", ""score"": 0.002039868151769042}, {""label"": ""gratitude"", ""score"": 0.0006084632477723062}, {""label"": ""grief"", ""score"": 0.0004871335986535996}, {""label"": ""joy"", ""score"": 0.0005617536371573806}, {""label"": ""love"", ""score"": 0.0009909453801810741}, {""label"": ""nervousness"", ""score"": 0.0014556851238012314}, {""label"": ""optimism"", ""score"": 0.057559262961149216}, {""label"": ""pride"", ""score"": 0.00023041597160045058}, {""label"": ""realization"", ""score"": 0.0340346097946167}, {""label"": ""relief"", ""score"": 0.0003876612172462046}, {""label"": ""remorse"", ""score"": 0.0008955064695328474}, {""label"": ""sadness"", ""score"": 0.003125084564089775}, {""label"": ""surprise"", ""score"": 0.004376064520329237}, {""label"": ""neutral"", ""score"": 0.5773002505302429}]",neutral
at://did:plc:7j6m6s2leiamz5qngkpl6hb7/app.bsky.feed.post/3lt5fuycvfc2q,https://bsky.app/profile/gaffersamgee.bsky.social/post/3lt5fuycvfc2q,bafyreif7c5ptnzctiqqrururjm6snzt6dzrrpsnrrxmwbfhliqkaweos5u,"Dont think you’re a grouch Rik, I think you’re being rightly cautious after how many hopeful flashes in the political pan that go nowhere.  I’m skeptical, but it’s *something* & four years still to go.  Could be a wake up call to Labour to cleanse the party of their Red-Tory elements, but who knows",2025-07-04T14:03:37.585Z,2025-07-04T14:03:38.244Z,{},1,0,1,did:plc:7j6m6s2leiamz5qngkpl6hb7,gaffersamgee.bsky.social,Sam Chase,0,0,0,2023-08-01T15:36:34.401Z,,False,,False,"""[]""",2025-07-04T14:09:19.487588Z,Vrai,"[0.06800355017185211, 0.9319964051246643]","[{""label"": ""admiration"", ""score"": 0.003987807780504227}, {""label"": ""amusement"", ""score"": 0.0011314513394609094}, {""label"": ""anger"", ""score"": 0.001881422009319067}, {""label"": ""annoyance"", ""score"": 0.01932489685714245}, {""label"": ""approval"", ""score"": 0.0918913260102272}, {""label"": ""caring"", ""score"": 0.02318267896771431}, {""label"": ""confusion"", ""score"": 0.29450899362564087}, {""label"": ""curiosity"", ""score"": 0.013301133178174496}, {""label"": ""desire"", ""score"": 0.00629842234775424}, {""label"": ""disappointment"", ""score"": 0.040774282068014145}, {""label"": ""disapproval"", ""score"": 0.3582160174846649}, {""label"": ""disgust"", ""score"": 0.0021482890006154776}, {""label"": ""embarrassment"", ""score"": 0.0017238663276657462}, {""label"": ""excitement"", ""score"": 0.0018319451482966542}, {""label"": ""fear"", ""score"": 0.006289773620665073}, {""label"": ""gratitude"", ""score"": 0.0032910783775150776}, {""label"": ""grief"", ""score"": 0.0008022969122976065}, {""label"": ""joy"", ""score"": 0.002477706875652075}, {""label"": ""love"", ""score"": 0.003044151235371828}, {""label"": ""nervousness"", ""score"": 0.004839141387492418}, {""label"": ""optimism"", ""score"": 0.30746209621429443}, {""label"": ""pride"", ""score"": 0.0007231233757920563}, {""label"": ""realization"", ""score"": 0.03153787925839424}, {""label"": ""relief"", ""score"": 0.002526263240724802}, {""label"": ""remorse"", ""score"": 0.0021346695721149445}, {""label"": ""sadness"", ""score"": 0.002836905885487795}, {""label"": ""surprise"", ""score"": 0.0034604722168296576}, {""label"": ""neutral"", ""score"": 0.2181595414876938}]",disapproval
at://did:plc:j67uwsjekgk2g367h3qk663p/app.bsky.feed.post/3lt5fuxy7ls2x,https://bsky.app/profile/alisonywlam.bsky.social/post/3lt5fuxy7ls2x,bafyreid7za3w7m4vqur5cv6d3ulaojvesyg3mv432jlhll4xg7zcxvj4ve,"At this year’s #FSSHC #Congress2025, I presented as part of the #ESRC. My paper explored the ways in which grassroots political environmental movements can influence global policy frameworks through cooperative, democratic engagement.  alisonywlam.wixsite.com/green-politi...",2025-07-04T14:03:37.235Z,2025-07-04T14:03:41.335Z,"""external=External(description='This year\u2019s Federation of Social Sciences and Humanities Congress 2025\\xa0was an inspiring convergence of scholars, researchers, and thought leaders committed to advancing knowledge and societal change. ...', title='Canadian Sociological Association (CSA) Conference - Federation for the Humanities and Social Sciences Congress 2025 - Part 1', uri='https://alisonywlam.wixsite.com/green-politics/post/csa-conference-2025-part-1', thumb=BlobRef(mime_type='image/jpeg', size=955351, ref=IpldLink(link='bafkreidxxpz7nzsian2v7dgpxdfhay44qwtjbgrqd2wdgfvkwlwdioljy4'), py_type='blob'), py_type='app.bsky.embed.external#external') py_type='app.bsky.embed.external'""",0,0,0,did:plc:j67uwsjekgk2g367h3qk663p,alisonywlam.bsky.social,Alison Lam,0,0,0,2025-02-08T15:01:08.644Z,,False,,False,"""[]""",2025-07-04T14:09:19.487643Z,Vrai,"[0.002058753278106451, 0.9979411959648132]","[{""label"": ""admiration"", ""score"": 0.006687014829367399}, {""label"": ""amusement"", ""score"": 0.0010299569694325328}, {""label"": ""anger"", ""score"": 0.00037923717172816396}, {""label"": ""annoyance"", ""score"": 0.0037415276747196913}, {""label"": ""approval"", ""score"": 0.1269344538450241}, {""label"": ""caring"", ""score"": 0.0009288025321438909}, {""label"": ""confusion"", ""score"": 0.002369449008256197}, {""label"": ""curiosity"", ""score"": 0.0019033488351851702}, {""label"": ""desire"", ""score"": 0.0024616378359496593}, {""label"": ""disappointment"", ""score"": 0.004287925083190203}, {""label"": ""disapproval"", ""score"": 0.0026057157665491104}, {""label"": ""disgust"", ""score"": 0.0009739612578414381}, {""label"": ""embarrassment"", ""score"": 0.00048659020103514194}, {""label"": ""excitement"", ""score"": 0.0034879904706031084}, {""label"": ""fear"", ""score"": 0.0007762245368212461}, {""label"": ""gratitude"", ""score"": 0.0006853851955384016}, {""label"": ""grief"", ""score"": 0.00030818115919828415}, {""label"": ""joy"", ""score"": 0.0019256537780165672}, {""label"": ""love"", ""score"": 0.0013237919192761183}, {""label"": ""nervousness"", ""score"": 0.0005481999251060188}, {""label"": ""optimism"", ""score"": 0.00871690921485424}, {""label"": ""pride"", ""score"": 0.0007199225365184247}, {""label"": ""realization"", ""score"": 0.04920901358127594}, {""label"": ""relief"", ""score"": 0.001004789606668055}, {""label"": ""remorse"", ""score"": 0.00041056194459088147}, {""label"": ""sadness"", ""score"": 0.0013553461758419871}, {""label"": ""surprise"", ""score"": 0.0012685606488958001}, {""label"": ""neutral"", ""score"": 0.8907577991485596}]",neutral
at://did:plc:hkpsrvtunzklgcrghrwfti4v/app.bsky.feed.post/3lt5fuof4h22t,https://bsky.app/profile/greenpeaches2.bsky.social/post/3lt5fuof4h22t,bafyreibluhpwzj5ebwwgpqvw5uyyrrz5gv23vse4bfkefjuh4k4ygpzxeu,I’m afraid they will be stupid enough; same for liberal idealists who won’t vote for primary winners out of spite or political dogma.,2025-07-04T14:03:27.173Z,2025-07-04T14:03:27.742Z,{},0,0,0,did:plc:hkpsrvtunzklgcrghrwfti4v,greenpeaches2.bsky.social,GreenPeaches2 🦋,0,0,0,2024-11-12T02:20:15.209Z,,False,,False,"""[]""",2025-07-04T14:09:19.487661Z,Faux,"[0.6214368939399719, 0.3785630464553833]","[{""label"": ""admiration"", ""score"": 0.004772340413182974}, {""label"": ""amusement"", ""score"": 0.0033565175253897905}, {""label"": ""anger"", ""score"": 0.021116724237799644}, {""label"": ""annoyance"", ""score"": 0.03276946023106575}, {""label"": ""approval"", ""score"": 0.027133883908391}, {""label"": ""caring"", ""score"": 0.008583578281104565}, {""label"": ""confusion"", ""score"": 0.0059294672682881355}, {""label"": ""curiosity"", ""score"": 0.0019927825778722763}, {""label"": ""desire"", ""score"": 0.003841719124466181}, {""label"": ""disappointment"", ""score"": 0.009285662323236465}, {""label"": ""disapproval"", ""score"": 0.022878531366586685}, {""label"": ""disgust"", ""score"": 0.015341322869062424}, {""label"": ""embarrassment"", ""score"": 0.004015854559838772}, {""label"": ""excitement"", ""score"": 0.003437798237428069}, {""label"": ""fear"", ""score"": 0.791805624961853}, {""label"": ""gratitude"", ""score"": 0.001492139301262796}, {""label"": ""grief"", ""score"": 0.00182743847835809}, {""label"": ""joy"", ""score"": 0.0034491592086851597}, {""label"": ""love"", ""score"": 0.0011836891062557697}, {""label"": ""nervousness"", ""score"": 0.019085796549916267}, {""label"": ""optimism"", ""score"": 0.022379683330655098}, {""label"": ""pride"", ""score"": 0.001453204546123743}, {""label"": ""realization"", ""score"": 0.017780505120754242}, {""label"": ""relief"", ""score"": 0.001871259300969541}, {""label"": ""remorse"", ""score"": 0.0007648052996955812}, {""label"": ""sadness"", ""score"": 0.007612112909555435}, {""label"": ""surprise"", ""score"": 0.004339991137385368}, {""label"": ""neutral"", ""score"": 0.11987484991550446}]",fear
at://did:plc:j74evrudqehtkdtblc7tfxfh/app.bsky.feed.post/3lt5fudoarc2i,https://bsky.app/profile/d-rac.bsky.social/post/3lt5fudoarc2i,bafyreie62izmexyjch75f7f4wtvaocah5fz4e3yiy4qs2jl6tyumx64qbi,Please tell me about all your successful political campaigns,2025-07-04T14:03:15.937Z,2025-07-04T14:03:16.636Z,{},0,0,1,did:plc:j74evrudqehtkdtblc7tfxfh,d-rac.bsky.social,dRac,0,0,0,2024-10-18T14:04:43.410Z,,False,,False,"""[]""",2025-07-04T14:09:19.487676Z,Faux,"[0.9787693023681641, 0.02123071998357773]","[{""label"": ""admiration"", ""score"": 0.007768159732222557}, {""label"": ""amusement"", ""score"": 0.0021653324365615845}, {""label"": ""anger"", ""score"": 0.0020210661459714174}, {""label"": ""annoyance"", ""score"": 0.005634899251163006}, {""label"": ""approval"", ""score"": 0.00886202696710825}, {""label"": ""caring"", ""score"": 0.005194840487092733}, {""label"": ""confusion"", ""score"": 0.04203841835260391}, {""label"": ""curiosity"", ""score"": 0.7462961077690125}, {""label"": ""desire"", ""score"": 0.005773457698523998}, {""label"": ""disappointment"", ""score"": 0.0016639597015455365}, {""label"": ""disapproval"", ""score"": 0.002242830814793706}, {""label"": ""disgust"", ""score"": 0.0007981026428751647}, {""label"": ""embarrassment"", ""score"": 0.0004096955817658454}, {""label"": ""excitement"", ""score"": 0.004347627516835928}, {""label"": ""fear"", ""score"": 0.0009299000375904143}, {""label"": ""gratitude"", ""score"": 0.0021975708659738302}, {""label"": ""grief"", ""score"": 0.00037492215051315725}, {""label"": ""joy"", ""score"": 0.0014750704867765307}, {""label"": ""love"", ""score"": 0.0030766520649194717}, {""label"": ""nervousness"", ""score"": 0.0005308699328452349}, {""label"": ""optimism"", ""score"": 0.004556401167064905}, {""label"": ""pride"", ""score"": 7.948336860863492e-05}, {""label"": ""realization"", ""score"": 0.002431906294077635}, {""label"": ""relief"", ""score"": 0.0002471979823894799}, {""label"": ""remorse"", ""score"": 0.0006486167549155653}, {""label"": ""sadness"", ""score"": 0.0016313452506437898}, {""label"": ""surprise"", ""score"": 0.003062156029045582}, {""label"": ""neutral"", ""score"": 0.29827916622161865}]",curiosity
at://did:plc:awjwux44ju6tr7bh67plawrf/app.bsky.feed.post/3lt5fub7fdc2k,https://bsky.app/profile/justmoniduh.bsky.social/post/3lt5fub7fdc2k,bafyreihumsd23kmew5j46ldjdv3z624lkoyao2jmhiknqmx2xmcj33q26i,I am only asking you to be a human who cares about other humans. That’s it. #fyp #politics #political #politicstiktok #politicaltiktok #trump #trumpadministration #bigbeautifulbill #medicaid #medicare #snap #wic #benefits #federalbenefits,2025-07-04T14:03:13.353Z,2025-07-04T14:03:14.043Z,"""video=BlobRef(mime_type='video/mp4', size=3938457, ref=IpldLink(link='bafkreiba32hgq5lz32ojgyqcafzhg27k3tt5y4b2pipth3zbxm6mesfjnq'), py_type='blob') alt=None aspect_ratio=AspectRatio(height=1280, width=720, py_type='app.bsky.embed.defs#aspectRatio') captions=None py_type='app.bsky.embed.video'""",0,0,0,did:plc:awjwux44ju6tr7bh67plawrf,justmoniduh.bsky.social,JustMoniDuh,0,0,0,2024-11-12T20:08:49.604Z,,False,,False,"""[]""",2025-07-04T14:09:19.487713Z,Faux,"[0.8634499311447144, 0.13655000925064087]","[{""label"": ""admiration"", ""score"": 0.028224902227520943}, {""label"": ""amusement"", ""score"": 0.0006159137701615691}, {""label"": ""anger"", ""score"": 0.0018259907374158502}, {""label"": ""annoyance"", ""score"": 0.009487483650445938}, {""label"": ""approval"", ""score"": 0.09990084171295166}, {""label"": ""caring"", ""score"": 0.03884701058268547}, {""label"": ""confusion"", ""score"": 0.0008527940954081714}, {""label"": ""curiosity"", ""score"": 0.0020657561253756285}, {""label"": ""desire"", ""score"": 0.04605951905250549}, {""label"": ""disappointment"", ""score"": 0.002957445802167058}, {""label"": ""disapproval"", ""score"": 0.0043225656263530254}, {""label"": ""disgust"", ""score"": 0.001620678580366075}, {""label"": ""embarrassment"", ""score"": 0.0003183040826115757}, {""label"": ""excitement"", ""score"": 0.0020308075472712517}, {""label"": ""fear"", ""score"": 0.0004715535615105182}, {""label"": ""gratitude"", ""score"": 0.0018442404689267278}, {""label"": ""grief"", ""score"": 0.0004223937285132706}, {""label"": ""joy"", ""score"": 0.0021371839102357626}, {""label"": ""love"", ""score"": 0.00781705416738987}, {""label"": ""nervousness"", ""score"": 0.0003501704486552626}, {""label"": ""optimism"", ""score"": 0.012543638236820698}, {""label"": ""pride"", ""score"": 0.0012675136094912887}, {""label"": ""realization"", ""score"": 0.0058773900382220745}, {""label"": ""relief"", ""score"": 0.001106550800614059}, {""label"": ""remorse"", ""score"": 0.0006595225422643125}, {""label"": ""sadness"", ""score"": 0.0014688021037727594}, {""label"": ""surprise"", ""score"": 0.00023490343301091343}, {""label"": ""neutral"", ""score"": 0.8351554870605469}]",neutral
at://did:plc:fuxmpxny6xzwmdgpsgvgxpgi/app.bsky.feed.post/3lt5fttlxqc2y,https://bsky.app/profile/angsty61.bsky.social/post/3lt5fttlxqc2y,bafyreifxf2se3ue7g6chfag5nncjz4mbkpcd5r42fybu7pt7bk67gzwqb4,"Never,in my life, have I heard a president say he hates a political party. It’s heartwarming, isn’t it? My thought…you get what you give, asshole.",2025-07-04T14:02:59.086Z,2025-07-04T14:02:59.635Z,{},1,0,0,did:plc:fuxmpxny6xzwmdgpsgvgxpgi,angsty61.bsky.social,,0,0,0,2024-11-13T14:28:48.486Z,,False,,False,"""[]""",2025-07-04T14:09:19.487730Z,Vrai,"[0.02829126827418804, 0.9717087149620056]","[{""label"": ""admiration"", ""score"": 0.3952677547931671}, {""label"": ""amusement"", ""score"": 0.012482884339988232}, {""label"": ""anger"", ""score"": 0.06736750900745392}, {""label"": ""annoyance"", ""score"": 0.14688847959041595}, {""label"": ""approval"", ""score"": 0.15452779829502106}, {""label"": ""caring"", ""score"": 0.00460963835939765}, {""label"": ""confusion"", ""score"": 0.04135981202125549}, {""label"": ""curiosity"", ""score"": 0.20658472180366516}, {""label"": ""desire"", ""score"": 0.0037579534109681845}, {""label"": ""disappointment"", ""score"": 0.023391617462038994}, {""label"": ""disapproval"", ""score"": 0.01235345471650362}, {""label"": ""disgust"", ""score"": 0.008481846190989017}, {""label"": ""embarrassment"", ""score"": 0.003396805841475725}, {""label"": ""excitement"", ""score"": 0.015090987086296082}, {""label"": ""fear"", ""score"": 0.00179658445995301}, {""label"": ""gratitude"", ""score"": 0.0003506479552015662}, {""label"": ""grief"", ""score"": 0.0021415194496512413}, {""label"": ""joy"", ""score"": 0.028418641537427902}, {""label"": ""love"", ""score"": 0.13375578820705414}, {""label"": ""nervousness"", ""score"": 0.0021215281449258327}, {""label"": ""optimism"", ""score"": 0.005230858456343412}, {""label"": ""pride"", ""score"": 0.0029578437097370625}, {""label"": ""realization"", ""score"": 0.03172703832387924}, {""label"": ""relief"", ""score"": 0.0019084158120676875}, {""label"": ""remorse"", ""score"": 0.0007441863999702036}, {""label"": ""sadness"", ""score"": 0.008367834612727165}, {""label"": ""surprise"", ""score"": 0.01570804975926876}, {""label"": ""neutral"", ""score"": 0.02412405051290989}]",admiration
at://did:plc:2slpjbuv5lc453lqffesqzaa/app.bsky.feed.post/3lt5ftqeqys2i,https://bsky.app/profile/drudnerbraha.bsky.social/post/3lt5ftqeqys2i,bafyreidnwfncbbvqqzeiozylbkkd6udojbgmosfitrq635vtcox5tozana,"🇺🇸 I love my country 🇺🇸  Today, is just another day under the rule of a felonious psychotic narcissist and a political party that is trying to destroy our democracy and nation.     Have a great day everyone and hopefully our beloved celebration of independence will return someday soon ♥️",2025-07-04T14:02:55.703Z,2025-07-04T14:02:56.938Z,{},2,1,0,did:plc:2slpjbuv5lc453lqffesqzaa,drudnerbraha.bsky.social,Drudner,0,0,0,2024-11-17T03:03:44.452Z,,False,,False,"""[]""",2025-07-04T14:09:19.487746Z,Vrai,"[0.006926980800926685, 0.993073046207428]","[{""label"": ""admiration"", ""score"": 0.025353793054819107}, {""label"": ""amusement"", ""score"": 0.0017153003718703985}, {""label"": ""anger"", ""score"": 0.01651722937822342}, {""label"": ""annoyance"", ""score"": 0.017657436430454254}, {""label"": ""approval"", ""score"": 0.043565407395362854}, {""label"": ""caring"", ""score"": 0.1367751955986023}, {""label"": ""confusion"", ""score"": 0.0036601179745048285}, {""label"": ""curiosity"", ""score"": 0.0033405565191060305}, {""label"": ""desire"", ""score"": 0.17792190611362457}, {""label"": ""disappointment"", ""score"": 0.03849630057811737}, {""label"": ""disapproval"", ""score"": 0.025731123983860016}, {""label"": ""disgust"", ""score"": 0.005931741092354059}, {""label"": ""embarrassment"", ""score"": 0.0018110633827745914}, {""label"": ""excitement"", ""score"": 0.011514084413647652}, {""label"": ""fear"", ""score"": 0.010297360830008984}, {""label"": ""gratitude"", ""score"": 0.021321645006537437}, {""label"": ""grief"", ""score"": 0.004146129358559847}, {""label"": ""joy"", ""score"": 0.028924645856022835}, {""label"": ""love"", ""score"": 0.7461796998977661}, {""label"": ""nervousness"", ""score"": 0.006330445408821106}, {""label"": ""optimism"", ""score"": 0.7323184013366699}, {""label"": ""pride"", ""score"": 0.00383298983797431}, {""label"": ""realization"", ""score"": 0.010329864919185638}, {""label"": ""relief"", ""score"": 0.004064055625349283}, {""label"": ""remorse"", ""score"": 0.020920967683196068}, {""label"": ""sadness"", ""score"": 0.03467591106891632}, {""label"": ""surprise"", ""score"": 0.0030932219233363867}, {""label"": ""neutral"", ""score"": 0.008685160428285599}]",love
at://did:plc:vpfavbhwv4okwh6ydgp5uxf6/app.bsky.feed.post/3lt5ftiv5z22d,https://bsky.app/profile/sethabramson.bsky.social/post/3lt5ftiv5z22d,bafyreidtry4o6nw2ls6zh7bafjf7qncnnepjrulidcpa4wbyyvj3fkyi4i,A) He's the richest human ever and the biggest political donor in U.S. history by 10x+ B) He is beloved by a big chunk of the Trump base (20%-40%) C) His lack of moral compass is exactly what will lead him to shoot himself (and Trump) in the foot for revenge  I shouldn't have to explain any of this,2025-07-04T14:02:47.853Z,2025-07-04T14:02:48.237Z,{},1,0,0,did:plc:vpfavbhwv4okwh6ydgp5uxf6,sethabramson.bsky.social,Seth Abramson,0,0,0,2023-04-27T20:10:47.115Z,,False,,False,"""[]""",2025-07-04T14:09:19.487881Z,Vrai,"[0.0016084496164694428, 0.9983915686607361]","[{""label"": ""admiration"", ""score"": 0.10715389996767044}, {""label"": ""amusement"", ""score"": 0.0005873487098142505}, {""label"": ""anger"", ""score"": 0.012132272124290466}, {""label"": ""annoyance"", ""score"": 0.06658492237329483}, {""label"": ""approval"", ""score"": 0.11196873337030411}, {""label"": ""caring"", ""score"": 0.0011018126970157027}, {""label"": ""confusion"", ""score"": 0.001513423165306449}, {""label"": ""curiosity"", ""score"": 0.0006017895066179335}, {""label"": ""desire"", ""score"": 0.0009004986495710909}, {""label"": ""disappointment"", ""score"": 0.028656000271439552}, {""label"": ""disapproval"", ""score"": 0.04847152158617973}, {""label"": ""disgust"", ""score"": 0.007516099605709314}, {""label"": ""embarrassment"", ""score"": 0.0011881266254931688}, {""label"": ""excitement"", ""score"": 0.000736904505174607}, {""label"": ""fear"", ""score"": 0.0008865922573022544}, {""label"": ""gratitude"", ""score"": 0.0007047735853120685}, {""label"": ""grief"", ""score"": 0.000612499425187707}, {""label"": ""joy"", ""score"": 0.0006585195078514516}, {""label"": ""love"", ""score"": 0.001818887423723936}, {""label"": ""nervousness"", ""score"": 0.00021866340830456465}, {""label"": ""optimism"", ""score"": 0.0037480690516531467}, {""label"": ""pride"", ""score"": 0.00147321040276438}, {""label"": ""realization"", ""score"": 0.03098425269126892}, {""label"": ""relief"", ""score"": 0.0005994235398247838}, {""label"": ""remorse"", ""score"": 0.00034251200850121677}, {""label"": ""sadness"", ""score"": 0.003438955405727029}, {""label"": ""surprise"", ""score"": 0.0008518301183357835}, {""label"": ""neutral"", ""score"": 0.6313930153846741}]",neutral
at://did:plc:z7iitatgrjskb2fmq6sv3tss/app.bsky.feed.post/3lt5fsxw7yc2c,https://bsky.app/profile/somnium-scipionis.bsky.social/post/3lt5fsxw7yc2c,bafyreifbpook4yacde67nkxbmjj5vsmfewy5explgrzcw5rhgbyu5qift4,"Q. Miller, he is part of the rich political Jewish lobby, which has a huge influence on the president.",2025-07-04T14:02:30.033Z,2025-07-04T14:02:34.342Z,"""media=Main(images=[Image(alt='', image=BlobRef(mime_type='image/jpeg', size=209242, ref=IpldLink(link='bafkreifv6sog3kosxsjyyjdkti4rzhbv2ov4atghzonjlbxsn7jameje3a'), py_type='blob'), aspect_ratio=AspectRatio(height=1007, width=600, py_type='app.bsky.embed.defs#aspectRatio'), py_type='app.bsky.embed.images#image')], py_type='app.bsky.embed.images') record=Main(record=Main(cid='bafyreic2pfogc7l3agfeoxdmt3r4iegqocxudkwgoje5herjuuxv7k7j6y', uri='at://did:plc:4lki6woucoq3oy5g4devkj4l/app.bsky.feed.post/3lt5ecodt222s', py_type='com.atproto.repo.strongRef'), py_type='app.bsky.embed.record') py_type='app.bsky.embed.recordWithMedia'""",0,0,0,did:plc:z7iitatgrjskb2fmq6sv3tss,somnium-scipionis.bsky.social,Somnium Scipionis,0,0,0,2024-08-16T23:18:40.686Z,,False,,False,"""[]""",2025-07-04T14:09:19.487937Z,Vrai,"[0.001925016986206174, 0.998075008392334]","[{""label"": ""admiration"", ""score"": 0.010614111088216305}, {""label"": ""amusement"", ""score"": 0.0007548126741312444}, {""label"": ""anger"", ""score"": 0.0007951697334647179}, {""label"": ""annoyance"", ""score"": 0.004335363861173391}, {""label"": ""approval"", ""score"": 0.10571713000535965}, {""label"": ""caring"", ""score"": 0.001500775688327849}, {""label"": ""confusion"", ""score"": 0.0012457175180315971}, {""label"": ""curiosity"", ""score"": 0.0009072803077287972}, {""label"": ""desire"", ""score"": 0.000798672903329134}, {""label"": ""disappointment"", ""score"": 0.0021962111350148916}, {""label"": ""disapproval"", ""score"": 0.0031244489364326}, {""label"": ""disgust"", ""score"": 0.0009903672616928816}, {""label"": ""embarrassment"", ""score"": 0.00027465674793347716}, {""label"": ""excitement"", ""score"": 0.0011538617545738816}, {""label"": ""fear"", ""score"": 0.00041692706872709095}, {""label"": ""gratitude"", ""score"": 0.0012159657198935747}, {""label"": ""grief"", ""score"": 0.0002016633952734992}, {""label"": ""joy"", ""score"": 0.0010185771388933063}, {""label"": ""love"", ""score"": 0.0010489178821444511}, {""label"": ""nervousness"", ""score"": 0.00018077006097882986}, {""label"": ""optimism"", ""score"": 0.003437312785536051}, {""label"": ""pride"", ""score"": 0.0004882675129920244}, {""label"": ""realization"", ""score"": 0.015727652236819267}, {""label"": ""relief"", ""score"": 0.0005410012672655284}, {""label"": ""remorse"", ""score"": 0.0002587077033240348}, {""label"": ""sadness"", ""score"": 0.0008829006692394614}, {""label"": ""surprise"", ""score"": 0.00043467528303153813}, {""label"": ""neutral"", ""score"": 0.9068729877471924}]",neutral
at://did:plc:ruafukaeurquvhieeqj5dci6/app.bsky.feed.post/3lt5hhdqqss2s,https://bsky.app/profile/theirminsul.bsky.social/post/3lt5hhdqqss2s,bafyreibrnsabd6sksgpyavyznja5k5q36k5y4this6jcxf65ijah6h5vrm,"The Big Beautiful Bill is a Big Bowel Movement where the MAGA slave political parasites shit on and sold out the American people for Israel, oligarchs, the military industrial complex and the Christian nationalist moron wing of theocratic fascism.  The MAGA era is the MAGGOT era.",2025-07-04T14:31:47.291Z,2025-07-04T14:02:13.839Z,"""external=External(description='Alt: a blue container filled with worms is on a white surface', title='a blue container filled with worms is on a white surface', uri='https://media.tenor.com/7Ixh6zyphfkAAAAC/karesz-kareszka.gif?hh=360&ww=202', thumb=BlobRef(mime_type='image/jpeg', size=988060, ref=IpldLink(link='bafkreiarna27ida4gw4plk2e6pmmswzqb5xyvsebjkvgpme23i4plggvfe'), py_type='blob'), py_type='app.bsky.embed.external#external') py_type='app.bsky.embed.external'""",0,0,0,did:plc:ruafukaeurquvhieeqj5dci6,theirminsul.bsky.social,The Irminsul ,0,0,0,2024-11-23T17:44:04.345Z,,False,,False,"""[]""",2025-07-04T14:09:19.487972Z,Vrai,"[0.21182875335216522, 0.7881712317466736]","[{""label"": ""admiration"", ""score"": 0.008448993787169456}, {""label"": ""amusement"", ""score"": 0.0010223268764093518}, {""label"": ""anger"", ""score"": 0.019742019474506378}, {""label"": ""annoyance"", ""score"": 0.1254728138446808}, {""label"": ""approval"", ""score"": 0.03358510509133339}, {""label"": ""caring"", ""score"": 0.0006870122742839158}, {""label"": ""confusion"", ""score"": 0.0007003068458288908}, {""label"": ""curiosity"", ""score"": 0.00030743455863557756}, {""label"": ""desire"", ""score"": 0.001610054518096149}, {""label"": ""disappointment"", ""score"": 0.033478736877441406}, {""label"": ""disapproval"", ""score"": 0.014429952017962933}, {""label"": ""disgust"", ""score"": 0.017770176753401756}, {""label"": ""embarrassment"", ""score"": 0.0025761397555470467}, {""label"": ""excitement"", ""score"": 0.0011056266957893968}, {""label"": ""fear"", ""score"": 0.0012225494720041752}, {""label"": ""gratitude"", ""score"": 0.00038093820330686867}, {""label"": ""grief"", ""score"": 0.0006633334560319781}, {""label"": ""joy"", ""score"": 0.001209797104820609}, {""label"": ""love"", ""score"": 0.0015338308876380324}, {""label"": ""nervousness"", ""score"": 0.00031749214394949377}, {""label"": ""optimism"", ""score"": 0.0024069256614893675}, {""label"": ""pride"", ""score"": 0.0011713393032550812}, {""label"": ""realization"", ""score"": 0.027706202119588852}, {""label"": ""relief"", ""score"": 0.0007164644193835557}, {""label"": ""remorse"", ""score"": 0.00032190975616686046}, {""label"": ""sadness"", ""score"": 0.0056759389117360115}, {""label"": ""surprise"", ""score"": 0.001057755434885621}, {""label"": ""neutral"", ""score"": 0.768521249294281}]",neutral
at://did:plc:wuiy65e2xy7qwuqn7vxk7rnn/app.bsky.feed.post/3lt5fsk757c2v,https://bsky.app/profile/itsmattagain.bsky.social/post/3lt5fsk757c2v,bafyreihrxuxbszqmlodkemlazmj2cznay6r6gc6cma3g3rzzqzk2h2e5rq,"To be clear, ""high risk"" is only going to be left wing progressive and political artists - which makes this relatively indistinguishable from McCarthyism.  Once you're flagged as ""high risk"" the state broadcaster will seek to erase you from the cultural conversation. That's deeply antidemocratic.",2025-07-04T14:02:15.674Z,2025-07-04T14:02:14.842Z,{},0,0,0,did:plc:wuiy65e2xy7qwuqn7vxk7rnn,itsmattagain.bsky.social,Matt ,0,0,0,2023-07-03T08:01:49.593Z,,False,,False,"""[]""",2025-07-04T14:09:19.487988Z,Vrai,"[0.004220795352011919, 0.9957791566848755]","[{""label"": ""admiration"", ""score"": 0.002630692906677723}, {""label"": ""amusement"", ""score"": 0.0005249552195891738}, {""label"": ""anger"", ""score"": 0.0015538660809397697}, {""label"": ""annoyance"", ""score"": 0.013909904286265373}, {""label"": ""approval"", ""score"": 0.1607685387134552}, {""label"": ""caring"", ""score"": 0.0028519672341644764}, {""label"": ""confusion"", ""score"": 0.0014152128715068102}, {""label"": ""curiosity"", ""score"": 0.0005304202786646783}, {""label"": ""desire"", ""score"": 0.0017737746238708496}, {""label"": ""disappointment"", ""score"": 0.0038147205486893654}, {""label"": ""disapproval"", ""score"": 0.01936766318976879}, {""label"": ""disgust"", ""score"": 0.0014647013740614057}, {""label"": ""embarrassment"", ""score"": 0.00030444172443822026}, {""label"": ""excitement"", ""score"": 0.0004509657446760684}, {""label"": ""fear"", ""score"": 0.0008992498042061925}, {""label"": ""gratitude"", ""score"": 0.0005562934675253928}, {""label"": ""grief"", ""score"": 0.00020342542848084122}, {""label"": ""joy"", ""score"": 0.0005219653248786926}, {""label"": ""love"", ""score"": 0.0004780672607012093}, {""label"": ""nervousness"", ""score"": 0.00030045994208194315}, {""label"": ""optimism"", ""score"": 0.008216016925871372}, {""label"": ""pride"", ""score"": 0.00034968217369168997}, {""label"": ""realization"", ""score"": 0.02440561167895794}, {""label"": ""relief"", ""score"": 0.0006170980050228536}, {""label"": ""remorse"", ""score"": 0.00021658101468347013}, {""label"": ""sadness"", ""score"": 0.0012232973240315914}, {""label"": ""surprise"", ""score"": 0.0002547665499150753}, {""label"": ""neutral"", ""score"": 0.8114722371101379}]",neutral
at://did:plc:6rmrhohel6shjpoug4yfzspr/app.bsky.feed.post/3lt5fsjxru22q,https://bsky.app/profile/thenewarab.bsky.social/post/3lt5fsjxru22q,bafyreickaofy77w3ttdwe56gvdmsnjdobjdscg44hxlbr4edgczwjjq73u,"Lebanon is close to finalising its formal response to Washington's proposal aimed at resolving tensions with Israel, as intensive political consultations continue ahead of US envoy Thomas Barak’s return to Beirut early next week ⬇️",2025-07-04T14:02:15.433Z,2025-07-04T14:02:18.937Z,"""external=External(description='Lebanon is finalising its response to a US proposal, as Hezbollah refuses to disarm without full Israeli withdrawal and security guarantees.', title='Lebanon finalises US response as Hezbollah rejects disarmament', uri='https://www.newarab.com/news/lebanon-finalises-us-response-hezbollah-rejects-disarmament', thumb=BlobRef(mime_type='image/jpeg', size=756729, ref=IpldLink(link='bafkreihzqfxfswbqeow3s6fy3nwogk6zchouy7ahb3eljqbkolxdvnx2vq'), py_type='blob'), py_type='app.bsky.embed.external#external') py_type='app.bsky.embed.external'""",0,0,0,did:plc:6rmrhohel6shjpoug4yfzspr,thenewarab.bsky.social,The New Arab,0,0,0,2023-07-18T14:09:26.368Z,,False,,False,"""[]""",2025-07-04T14:09:19.488022Z,Vrai,"[0.0009681807132437825, 0.9990317821502686]","[{""label"": ""admiration"", ""score"": 0.0019438363378867507}, {""label"": ""amusement"", ""score"": 0.0007440623012371361}, {""label"": ""anger"", ""score"": 0.0006213090964592993}, {""label"": ""annoyance"", ""score"": 0.004073101561516523}, {""label"": ""approval"", ""score"": 0.11726967990398407}, {""label"": ""caring"", ""score"": 0.0027701871003955603}, {""label"": ""confusion"", ""score"": 0.0031787599436938763}, {""label"": ""curiosity"", ""score"": 0.0015231494326144457}, {""label"": ""desire"", ""score"": 0.0074643236584961414}, {""label"": ""disappointment"", ""score"": 0.003859840566292405}, {""label"": ""disapproval"", ""score"": 0.003598672104999423}, {""label"": ""disgust"", ""score"": 0.0009192089200951159}, {""label"": ""embarrassment"", ""score"": 0.00028880132595077157}, {""label"": ""excitement"", ""score"": 0.001673392835073173}, {""label"": ""fear"", ""score"": 0.0009043144527822733}, {""label"": ""gratitude"", ""score"": 0.0005652581457979977}, {""label"": ""grief"", ""score"": 0.000291152362478897}, {""label"": ""joy"", ""score"": 0.001471141236834228}, {""label"": ""love"", ""score"": 0.0015042430022731423}, {""label"": ""nervousness"", ""score"": 0.0005773667944595218}, {""label"": ""optimism"", ""score"": 0.018201448023319244}, {""label"": ""pride"", ""score"": 0.000376811163732782}, {""label"": ""realization"", ""score"": 0.020511174574494362}, {""label"": ""relief"", ""score"": 0.000854738405905664}, {""label"": ""remorse"", ""score"": 0.0004127355641685426}, {""label"": ""sadness"", ""score"": 0.0018260882934555411}, {""label"": ""surprise"", ""score"": 0.0004049724666401744}, {""label"": ""neutral"", ""score"": 0.9024453163146973}]",neutral
at://did:plc:gudaflztwlufiqgolrp4jjab/app.bsky.feed.post/3lt5fsasg5s27,https://bsky.app/profile/natty4bumpo.bsky.social/post/3lt5fsasg5s27,bafyreib4f5ha7wx4klomtdxznsn6weopb646ewwpep6amssj2bwfe6kjwe,Kill another green law? The EU wants to continue protecting polluters spreading greenwashing lies. Finally political momentum is on our side to stop this. Sign to demand the anti-greenwashing law. action.wemove.eu/sign/2025-07...,2025-07-04T14:02:05.819Z,2025-07-04T14:02:07.439Z,"""external=External(description='Kill another green law? The EU wants to continue protecting polluters spreading greenwashing lies. Finally political momentum is on our side to stop this. Sign to demand the anti-greenwashing law.', title='No more \u201cgreen\u201d lies! Don\u2019t let the EU kill the anti-greenwashing law.', uri='https://action.wemove.eu/sign/2025-07-antigreenwashing-directive-petition-EN?akid=s6346445..RZDdD5', thumb=BlobRef(mime_type='image/jpeg', size=765971, ref=IpldLink(link='bafkreifmqfrltgdfdvn2bwqtv7wo6jh2be457gd7cxx4hilt6cj6xtu6iu'), py_type='blob'), py_type='app.bsky.embed.external#external') py_type='app.bsky.embed.external'""",0,0,0,did:plc:gudaflztwlufiqgolrp4jjab,natty4bumpo.bsky.social,🏳️‍🌈 🍉 Chuck Hamilton (he/him/his) 🏴‍☠️🍸,0,0,0,2023-08-20T02:42:59.272Z,,False,,False,"""[]""",2025-07-04T14:09:19.488056Z,Vrai,"[0.0394713468849659, 0.9605286717414856]","[{""label"": ""admiration"", ""score"": 0.0016839979216456413}, {""label"": ""amusement"", ""score"": 0.0004929915885441005}, {""label"": ""anger"", ""score"": 0.002944828011095524}, {""label"": ""annoyance"", ""score"": 0.018479641526937485}, {""label"": ""approval"", ""score"": 0.1468077301979065}, {""label"": ""caring"", ""score"": 0.0038647360634058714}, {""label"": ""confusion"", ""score"": 0.03288692981004715}, {""label"": ""curiosity"", ""score"": 0.0952862799167633}, {""label"": ""desire"", ""score"": 0.012852080166339874}, {""label"": ""disappointment"", ""score"": 0.004153320100158453}, {""label"": ""disapproval"", ""score"": 0.012715266086161137}, {""label"": ""disgust"", ""score"": 0.001028468948788941}, {""label"": ""embarrassment"", ""score"": 0.00031061909976415336}, {""label"": ""excitement"", ""score"": 0.0015789128374308348}, {""label"": ""fear"", ""score"": 0.0007361075258813798}, {""label"": ""gratitude"", ""score"": 0.0002150461805285886}, {""label"": ""grief"", ""score"": 0.00022939361224416643}, {""label"": ""joy"", ""score"": 0.0006083790794946253}, {""label"": ""love"", ""score"": 0.0009232826996594667}, {""label"": ""nervousness"", ""score"": 0.0004140225937590003}, {""label"": ""optimism"", ""score"": 0.018010180443525314}, {""label"": ""pride"", ""score"": 0.0001908539270516485}, {""label"": ""realization"", ""score"": 0.010561616159975529}, {""label"": ""relief"", ""score"": 0.0003708678123075515}, {""label"": ""remorse"", ""score"": 0.00024312899040523916}, {""label"": ""sadness"", ""score"": 0.0009736286010593176}, {""label"": ""surprise"", ""score"": 0.0009408761980012059}, {""label"": ""neutral"", ""score"": 0.6617394685745239}]",neutral
at://did:plc:43fdk46qa5gsokzygzildsaq/app.bsky.feed.post/3lt5fs3l4lk2r,https://bsky.app/profile/fintwitter.bsky.social/post/3lt5fs3l4lk2r,bafyreicmb5sav7dakal7r5ubwvt6m5bxc4oo6qfs7kaqgmeuxkgkwwpbl4,KEY IS WHETHER EU CAN SHOW POLITICAL WILLINGNESS TO SOLVE ISSUE - CHINESE STATE MEDIA,2025-07-04T14:01:59.938309+00:00,2025-07-04T14:02:01.036Z,{},0,0,0,did:plc:43fdk46qa5gsokzygzildsaq,fintwitter.bsky.social,FinTwitter,0,0,0,2024-11-26T13:26:44.445Z,,False,,False,"""[]""",2025-07-04T14:09:19.488071Z,Vrai,"[0.0008814486209303141, 0.9991185069084167]","[{""label"": ""admiration"", ""score"": 0.00816626101732254}, {""label"": ""amusement"", ""score"": 0.0014014728367328644}, {""label"": ""anger"", ""score"": 0.003901058342307806}, {""label"": ""annoyance"", ""score"": 0.006496552377939224}, {""label"": ""approval"", ""score"": 0.016588229686021805}, {""label"": ""caring"", ""score"": 0.0013811074895784259}, {""label"": ""confusion"", ""score"": 0.0016583445249125361}, {""label"": ""curiosity"", ""score"": 0.0012956815771758556}, {""label"": ""desire"", ""score"": 0.0013481066562235355}, {""label"": ""disappointment"", ""score"": 0.003201947547495365}, {""label"": ""disapproval"", ""score"": 0.0022403711918741465}, {""label"": ""disgust"", ""score"": 0.0021967983338981867}, {""label"": ""embarrassment"", ""score"": 0.0005067659076303244}, {""label"": ""excitement"", ""score"": 0.00234986562281847}, {""label"": ""fear"", ""score"": 0.0015154731227084994}, {""label"": ""gratitude"", ""score"": 0.0006556766456924379}, {""label"": ""grief"", ""score"": 0.00043031523819081485}, {""label"": ""joy"", ""score"": 0.0014108582399785519}, {""label"": ""love"", ""score"": 0.0014755030861124396}, {""label"": ""nervousness"", ""score"": 0.00031291134655475616}, {""label"": ""optimism"", ""score"": 0.002572528086602688}, {""label"": ""pride"", ""score"": 0.0004986986750736833}, {""label"": ""realization"", ""score"": 0.004714456386864185}, {""label"": ""relief"", ""score"": 0.0002953812072519213}, {""label"": ""remorse"", ""score"": 0.0003484351036604494}, {""label"": ""sadness"", ""score"": 0.002379543846473098}, {""label"": ""surprise"", ""score"": 0.0007511044968850911}, {""label"": ""neutral"", ""score"": 0.9612584114074707}]",neutral
at://did:plc:e3rln3rkvbpe77tlrrpqkhmc/app.bsky.feed.post/3lt5frtqutc2u,https://bsky.app/profile/suzekauf.bsky.social/post/3lt5frtqutc2u,bafyreiet4a7v3lux27auv2mlxqzo3agsd4isyza2xqoleeylbs3ipnmtoi,"All recipients got this.  SSA “celebrating” the bill?  Never, ever got political mail from them before:(",2025-07-04T14:01:52.137Z,2025-07-04T14:01:52.935Z,{},4,0,1,did:plc:e3rln3rkvbpe77tlrrpqkhmc,suzekauf.bsky.social,,0,0,0,2025-01-26T17:55:31.942Z,,False,,False,"""[]""",2025-07-04T14:09:19.488086Z,Vrai,"[0.003026023507118225, 0.996973991394043]","[{""label"": ""admiration"", ""score"": 0.0015967261279001832}, {""label"": ""amusement"", ""score"": 0.002594508696347475}, {""label"": ""anger"", ""score"": 0.0014096737140789628}, {""label"": ""annoyance"", ""score"": 0.009746021591126919}, {""label"": ""approval"", ""score"": 0.016414429992437363}, {""label"": ""caring"", ""score"": 0.0007670818595215678}, {""label"": ""confusion"", ""score"": 0.15530389547348022}, {""label"": ""curiosity"", ""score"": 0.18996891379356384}, {""label"": ""desire"", ""score"": 0.0006924885674379766}, {""label"": ""disappointment"", ""score"": 0.005244003143161535}, {""label"": ""disapproval"", ""score"": 0.008308510296046734}, {""label"": ""disgust"", ""score"": 0.001185350469313562}, {""label"": ""embarrassment"", ""score"": 0.0014294342836365104}, {""label"": ""excitement"", ""score"": 0.0020106309093534946}, {""label"": ""fear"", ""score"": 0.000747261627111584}, {""label"": ""gratitude"", ""score"": 0.00043604476377367973}, {""label"": ""grief"", ""score"": 0.00043715789797715843}, {""label"": ""joy"", ""score"": 0.0017604948952794075}, {""label"": ""love"", ""score"": 0.0007351442473009229}, {""label"": ""nervousness"", ""score"": 0.0005892778863199055}, {""label"": ""optimism"", ""score"": 0.0024202275089919567}, {""label"": ""pride"", ""score"": 0.00013999723887536675}, {""label"": ""realization"", ""score"": 0.02017498016357422}, {""label"": ""relief"", ""score"": 0.00039465425652451813}, {""label"": ""remorse"", ""score"": 0.0005417322390712798}, {""label"": ""sadness"", ""score"": 0.0016663300339132547}, {""label"": ""surprise"", ""score"": 0.010561875067651272}, {""label"": ""neutral"", ""score"": 0.7568090558052063}]",neutral
at://did:plc:p6ugm3rx44mscwju32755mrx/app.bsky.feed.post/3lt5frrq7ik2v,https://bsky.app/profile/wallamide.bsky.social/post/3lt5frrq7ik2v,bafyreige5vem46dxzrywep3jlydd4vmgk2pticmtjdt27awjmrshuovriq,y'all watch political theater as if it were real,2025-07-04T14:01:50.019Z,2025-07-04T14:01:52.637Z,{},0,0,0,did:plc:p6ugm3rx44mscwju32755mrx,wallamide.bsky.social,deconstructing anandamide,0,0,0,2025-01-13T20:19:09.243Z,,False,,False,"""[]""",2025-07-04T14:09:19.488100Z,Faux,"[0.9976435303688049, 0.0023564929142594337]","[{""label"": ""admiration"", ""score"": 0.0073709567077457905}, {""label"": ""amusement"", ""score"": 0.007941780611872673}, {""label"": ""anger"", ""score"": 0.001805413980036974}, {""label"": ""annoyance"", ""score"": 0.011357794515788555}, {""label"": ""approval"", ""score"": 0.041210900992155075}, {""label"": ""caring"", ""score"": 0.0006234085303731263}, {""label"": ""confusion"", ""score"": 0.0008592872763983905}, {""label"": ""curiosity"", ""score"": 0.0016237476374953985}, {""label"": ""desire"", ""score"": 0.0008149295463226736}, {""label"": ""disappointment"", ""score"": 0.002603562781587243}, {""label"": ""disapproval"", ""score"": 0.002163846045732498}, {""label"": ""disgust"", ""score"": 0.0017167117912322283}, {""label"": ""embarrassment"", ""score"": 0.0006395631353370845}, {""label"": ""excitement"", ""score"": 0.006622054614126682}, {""label"": ""fear"", ""score"": 0.0005078219110146165}, {""label"": ""gratitude"", ""score"": 0.00035223824670538306}, {""label"": ""grief"", ""score"": 0.00020499437232501805}, {""label"": ""joy"", ""score"": 0.005948313977569342}, {""label"": ""love"", ""score"": 0.0015782845439389348}, {""label"": ""nervousness"", ""score"": 0.00021357045625336468}, {""label"": ""optimism"", ""score"": 0.0014553781365975738}, {""label"": ""pride"", ""score"": 0.0005797368939965963}, {""label"": ""realization"", ""score"": 0.008237329311668873}, {""label"": ""relief"", ""score"": 0.0005181155283935368}, {""label"": ""remorse"", ""score"": 0.00018302927492186427}, {""label"": ""sadness"", ""score"": 0.0008000629604794085}, {""label"": ""surprise"", ""score"": 0.0019378027645871043}, {""label"": ""neutral"", ""score"": 0.8983795046806335}]",neutral
at://did:plc:p7wjyn5bebiuc7ws4ujhilxy/app.bsky.feed.post/3lt5gavy7ks2j,https://bsky.app/profile/3cityyimby.bsky.social/post/3lt5gavy7ks2j,bafyreihl3mrzltzeluvqmsbsrju4nuwqgqcdfsmdabshv3imy5hsvygism,"It seems like the political value of time is underrated.   In addition to your points about speed creating a fait accompli with clear beneficiaries, also marginal attention moves to the next decisions, and the decision might become the comfortable status quo in ~4 years to next election.",2025-07-04T14:10:17.791Z,2025-07-04T14:01:38.544Z,{},1,0,1,did:plc:p7wjyn5bebiuc7ws4ujhilxy,3cityyimby.bsky.social,Carneyval Barker,0,0,0,2024-11-27T06:21:10.046Z,,False,,False,"""[]""",2025-07-04T14:09:19.488114Z,Vrai,"[0.005804099608212709, 0.994195818901062]","[{""label"": ""admiration"", ""score"": 0.004204145632684231}, {""label"": ""amusement"", ""score"": 0.000744933495298028}, {""label"": ""anger"", ""score"": 0.003736726474016905}, {""label"": ""annoyance"", ""score"": 0.13859158754348755}, {""label"": ""approval"", ""score"": 0.054366566240787506}, {""label"": ""caring"", ""score"": 0.004234582185745239}, {""label"": ""confusion"", ""score"": 0.0041950903832912445}, {""label"": ""curiosity"", ""score"": 0.0009164503426291049}, {""label"": ""desire"", ""score"": 0.002697889693081379}, {""label"": ""disappointment"", ""score"": 0.1167149618268013}, {""label"": ""disapproval"", ""score"": 0.19378666579723358}, {""label"": ""disgust"", ""score"": 0.002568555762991309}, {""label"": ""embarrassment"", ""score"": 0.0016572254244238138}, {""label"": ""excitement"", ""score"": 0.0006087103392928839}, {""label"": ""fear"", ""score"": 0.00035830357228405774}, {""label"": ""gratitude"", ""score"": 0.0028059990145266056}, {""label"": ""grief"", ""score"": 0.0005546187167055905}, {""label"": ""joy"", ""score"": 0.0008069248287938535}, {""label"": ""love"", ""score"": 0.0007255894597619772}, {""label"": ""nervousness"", ""score"": 0.0004971582675352693}, {""label"": ""optimism"", ""score"": 0.0275567676872015}, {""label"": ""pride"", ""score"": 0.0008857585489749908}, {""label"": ""realization"", ""score"": 0.050553396344184875}, {""label"": ""relief"", ""score"": 0.0013580466620624065}, {""label"": ""remorse"", ""score"": 0.0013248028699308634}, {""label"": ""sadness"", ""score"": 0.0025058065075427294}, {""label"": ""surprise"", ""score"": 0.0010129411239176989}, {""label"": ""neutral"", ""score"": 0.5012320280075073}]",neutral
at://did:plc:4guusi7v76ee37ejxukqnrv2/app.bsky.feed.post/3lt5frfbnlk2m,https://bsky.app/profile/alaeven.bsky.social/post/3lt5frfbnlk2m,bafyreidrgbhpjumoh4eaf3kjaoewyixyynhxuuexerxs2r2uytemapahme,That even if the data is redundant and dispersed over more data centers that I doubt that they can fail Independently and political centralisation with governance following monolithic power structure,2025-07-04T14:01:36.958Z,2025-07-04T14:01:37.539Z,{},0,0,0,did:plc:4guusi7v76ee37ejxukqnrv2,alaeven.bsky.social,Arno Laeven,0,0,0,2024-11-12T11:46:34.303Z,,False,,False,"""[]""",2025-07-04T14:09:19.488129Z,Vrai,"[0.005698763765394688, 0.9943011999130249]","[{""label"": ""admiration"", ""score"": 0.004143929108977318}, {""label"": ""amusement"", ""score"": 0.0018543386831879616}, {""label"": ""anger"", ""score"": 0.0018691702280193567}, {""label"": ""annoyance"", ""score"": 0.013071393594145775}, {""label"": ""approval"", ""score"": 0.026557698845863342}, {""label"": ""caring"", ""score"": 0.0041618961840868}, {""label"": ""confusion"", ""score"": 0.751823902130127}, {""label"": ""curiosity"", ""score"": 0.015609703958034515}, {""label"": ""desire"", ""score"": 0.0039239623583853245}, {""label"": ""disappointment"", ""score"": 0.014759792014956474}, {""label"": ""disapproval"", ""score"": 0.1079665943980217}, {""label"": ""disgust"", ""score"": 0.0021670598071068525}, {""label"": ""embarrassment"", ""score"": 0.0017580175772309303}, {""label"": ""excitement"", ""score"": 0.002146810293197632}, {""label"": ""fear"", ""score"": 0.003230696776881814}, {""label"": ""gratitude"", ""score"": 0.0043894825503230095}, {""label"": ""grief"", ""score"": 0.00044506369158625603}, {""label"": ""joy"", ""score"": 0.0029941678512841463}, {""label"": ""love"", ""score"": 0.0024449171032756567}, {""label"": ""nervousness"", ""score"": 0.0024101622402668}, {""label"": ""optimism"", ""score"": 0.06671378761529922}, {""label"": ""pride"", ""score"": 0.0004653969081118703}, {""label"": ""realization"", ""score"": 0.02525654248893261}, {""label"": ""relief"", ""score"": 0.0009701275848783553}, {""label"": ""remorse"", ""score"": 0.0016604354605078697}, {""label"": ""sadness"", ""score"": 0.0015096032293513417}, {""label"": ""surprise"", ""score"": 0.0049464344047009945}, {""label"": ""neutral"", ""score"": 0.22053907811641693}]",confusion
at://did:plc:vmtlo3wakyqwfa4orh2exe2k/app.bsky.feed.post/3lt5freelvk2a,https://bsky.app/profile/comefollowjesus.bsky.social/post/3lt5freelvk2a,bafyreiaevolvpd4ebeawkgyv327cg6rkemdfgj2aglolto3x7fwqyukcfy,,2025-07-04T14:01:36.003Z,2025-07-04T14:01:39.642Z,"""images=[Image(alt='Not to be too political but hear me out.\\nJeff Bezos is worth $230 BILLION and reportedly spent over $20 million on a three-day wedding in Venice while sailing around on his $500 million yacht.\\nIf he can afford to do that, he can afford a wealth tax and to pay Amazon workers a living wage.', image=BlobRef(mime_type='image/jpeg', size=374634, ref=IpldLink(link='bafkreihqc3k4tdy34u2tin6aogxuaj5e354i6xnzpscrbmc4zci6z62cra'), py_type='blob'), aspect_ratio=AspectRatio(height=1650, width=928, py_type='app.bsky.embed.defs#aspectRatio'), py_type='app.bsky.embed.images#image')] py_type='app.bsky.embed.images'""",33,15,1,did:plc:vmtlo3wakyqwfa4orh2exe2k,comefollowjesus.bsky.social,Jesus…,0,0,0,2025-05-24T19:44:11.540Z,,False,,False,"""[]""",2025-07-04T14:09:19.488167Z,Vrai,"[0.04751414805650711, 0.9524859189987183]","[{""label"": ""admiration"", ""score"": 0.00497800949960947}, {""label"": ""amusement"", ""score"": 0.001089825644157827}, {""label"": ""anger"", ""score"": 0.001534470939077437}, {""label"": ""annoyance"", ""score"": 0.006453509442508221}, {""label"": ""approval"", ""score"": 0.022920334711670876}, {""label"": ""caring"", ""score"": 0.0008596854167990386}, {""label"": ""confusion"", ""score"": 0.002089390531182289}, {""label"": ""curiosity"", ""score"": 0.000984524260275066}, {""label"": ""desire"", ""score"": 0.0010161612881347537}, {""label"": ""disappointment"", ""score"": 0.005593900103121996}, {""label"": ""disapproval"", ""score"": 0.009044048376381397}, {""label"": ""disgust"", ""score"": 0.0014689203817397356}, {""label"": ""embarrassment"", ""score"": 0.0006433890666812658}, {""label"": ""excitement"", ""score"": 0.001905130920931697}, {""label"": ""fear"", ""score"": 0.001050856662914157}, {""label"": ""gratitude"", ""score"": 0.0013705722521990538}, {""label"": ""grief"", ""score"": 0.00039013498462736607}, {""label"": ""joy"", ""score"": 0.0016943661030381918}, {""label"": ""love"", ""score"": 0.0008973359945230186}, {""label"": ""nervousness"", ""score"": 0.00035462036612443626}, {""label"": ""optimism"", ""score"": 0.002142632147297263}, {""label"": ""pride"", ""score"": 0.0004335329285822809}, {""label"": ""realization"", ""score"": 0.008665140718221664}, {""label"": ""relief"", ""score"": 0.0005002192920073867}, {""label"": ""remorse"", ""score"": 0.0004028234106954187}, {""label"": ""sadness"", ""score"": 0.002301156288012862}, {""label"": ""surprise"", ""score"": 0.0009003463201224804}, {""label"": ""neutral"", ""score"": 0.9549601674079895}]",neutral
at://did:plc:2kbuc7wvaqxjcwaj5zfguwa6/app.bsky.feed.post/3lt5fr7flz22v,https://bsky.app/profile/snarla.bsky.social/post/3lt5fr7flz22v,bafyreigzjyxtcaxpadzwx4uuualcmi6rhc35jnn4vaj43l4epegg6eocue,since when are ssa emails political fellatio for this or any U.S. regime?,2025-07-04T14:01:30.795Z,2025-07-04T14:01:31.242Z,{},0,0,0,did:plc:2kbuc7wvaqxjcwaj5zfguwa6,snarla.bsky.social,Snarla,0,0,0,2023-07-15T19:01:16.106Z,,False,,False,"""[]""",2025-07-04T14:09:19.488181Z,Faux,"[0.9748713374137878, 0.025128627195954323]","[{""label"": ""admiration"", ""score"": 0.0012925324263051152}, {""label"": ""amusement"", ""score"": 0.0019853427074849606}, {""label"": ""anger"", ""score"": 0.00306316209025681}, {""label"": ""annoyance"", ""score"": 0.011958224698901176}, {""label"": ""approval"", ""score"": 0.004910775925964117}, {""label"": ""caring"", ""score"": 0.0011648129438981414}, {""label"": ""confusion"", ""score"": 0.29109248518943787}, {""label"": ""curiosity"", ""score"": 0.5341408252716064}, {""label"": ""desire"", ""score"": 0.0009448369382880628}, {""label"": ""disappointment"", ""score"": 0.002315998775884509}, {""label"": ""disapproval"", ""score"": 0.0044633070938289165}, {""label"": ""disgust"", ""score"": 0.0013547880807891488}, {""label"": ""embarrassment"", ""score"": 0.0008381746592931449}, {""label"": ""excitement"", ""score"": 0.001200057566165924}, {""label"": ""fear"", ""score"": 0.0008673637639731169}, {""label"": ""gratitude"", ""score"": 0.0006864392780698836}, {""label"": ""grief"", ""score"": 0.00027310411678627133}, {""label"": ""joy"", ""score"": 0.0006705048144795001}, {""label"": ""love"", ""score"": 0.001216262811794877}, {""label"": ""nervousness"", ""score"": 0.0004001786292064935}, {""label"": ""optimism"", ""score"": 0.0017620684811845422}, {""label"": ""pride"", ""score"": 4.496798646869138e-05}, {""label"": ""realization"", ""score"": 0.003742988919839263}, {""label"": ""relief"", ""score"": 0.00011469568562461063}, {""label"": ""remorse"", ""score"": 0.0004433054418768734}, {""label"": ""sadness"", ""score"": 0.0011836726916953921}, {""label"": ""surprise"", ""score"": 0.004984341561794281}, {""label"": ""neutral"", ""score"": 0.4500401020050049}]",curiosity
at://did:plc:3mxclpdf57g4t6afe5lpn4o7/app.bsky.feed.post/3lt5fqzlwm22k,https://bsky.app/profile/thisiskatel.bsky.social/post/3lt5fqzlwm22k,bafyreighpfqxjeepck5dapszkwwunxofdonf7mqjtso2vgyudccjbqez2e,"I agree. Too many attempts to break away from the current political models have failed because they've put all their eggs in one basket (remember Change UK?), I think smart to try and differentiate the left and far left (in old terms) to appeal to a wider range of voters, and have them collaborate.",2025-07-04T14:01:24.712Z,2025-07-04T14:01:24.940Z,{},0,0,0,did:plc:3mxclpdf57g4t6afe5lpn4o7,thisiskatel.bsky.social,Kate L,0,0,0,2024-03-09T23:55:34.607Z,,False,,False,"""[]""",2025-07-04T14:09:19.488195Z,Vrai,"[0.014353419654071331, 0.9856465458869934]","[{""label"": ""admiration"", ""score"": 0.035706378519535065}, {""label"": ""amusement"", ""score"": 0.0014181984588503838}, {""label"": ""anger"", ""score"": 0.002995376940816641}, {""label"": ""annoyance"", ""score"": 0.039814479649066925}, {""label"": ""approval"", ""score"": 0.8767102956771851}, {""label"": ""caring"", ""score"": 0.004477854818105698}, {""label"": ""confusion"", ""score"": 0.004811207298189402}, {""label"": ""curiosity"", ""score"": 0.002963254228234291}, {""label"": ""desire"", ""score"": 0.0035841779317706823}, {""label"": ""disappointment"", ""score"": 0.05149814486503601}, {""label"": ""disapproval"", ""score"": 0.06380672752857208}, {""label"": ""disgust"", ""score"": 0.003924604970961809}, {""label"": ""embarrassment"", ""score"": 0.0025844587944447994}, {""label"": ""excitement"", ""score"": 0.0022559703793376684}, {""label"": ""fear"", ""score"": 0.0008944374858401716}, {""label"": ""gratitude"", ""score"": 0.003720570355653763}, {""label"": ""grief"", ""score"": 0.0007092886953614652}, {""label"": ""joy"", ""score"": 0.002922974294051528}, {""label"": ""love"", ""score"": 0.009077703580260277}, {""label"": ""nervousness"", ""score"": 0.0009391829953528941}, {""label"": ""optimism"", ""score"": 0.021078400313854218}, {""label"": ""pride"", ""score"": 0.00193740741815418}, {""label"": ""realization"", ""score"": 0.03256804123520851}, {""label"": ""relief"", ""score"": 0.004310406744480133}, {""label"": ""remorse"", ""score"": 0.003032963490113616}, {""label"": ""sadness"", ""score"": 0.006517000962048769}, {""label"": ""surprise"", ""score"": 0.0008667065994814038}, {""label"": ""neutral"", ""score"": 0.06143970787525177}]",approval
at://did:plc:2vmcv7g6fowstdlufxpxbri6/app.bsky.feed.post/3lt5fqlu3fs2d,https://bsky.app/profile/american1776.bsky.social/post/3lt5fqlu3fs2d,bafyreiexpghqgii4vbm7rk24bzkcg5wa3gru5xopyyqgcmzu2ha6xz6gli,When you condemn Biden and his entire political career you can talk. Otherwise you are a hypocrite.,2025-07-04T14:01:10.299Z,2025-07-04T14:01:11.041Z,{},0,0,1,did:plc:2vmcv7g6fowstdlufxpxbri6,american1776.bsky.social,,0,0,0,2024-11-22T15:16:13.354Z,,False,,False,"""[]""",2025-07-04T14:09:19.488209Z,Vrai,"[0.0029675906989723444, 0.9970324039459229]","[{""label"": ""admiration"", ""score"": 0.0013976534828543663}, {""label"": ""amusement"", ""score"": 0.0019192720064893365}, {""label"": ""anger"", ""score"": 0.06879671663045883}, {""label"": ""annoyance"", ""score"": 0.4409294128417969}, {""label"": ""approval"", ""score"": 0.01943812519311905}, {""label"": ""caring"", ""score"": 0.0016401010798290372}, {""label"": ""confusion"", ""score"": 0.003090380923822522}, {""label"": ""curiosity"", ""score"": 0.001171433599665761}, {""label"": ""desire"", ""score"": 0.0007588439621031284}, {""label"": ""disappointment"", ""score"": 0.028606364503502846}, {""label"": ""disapproval"", ""score"": 0.16131669282913208}, {""label"": ""disgust"", ""score"": 0.014450827613472939}, {""label"": ""embarrassment"", ""score"": 0.004365982953459024}, {""label"": ""excitement"", ""score"": 0.00038169289473444223}, {""label"": ""fear"", ""score"": 0.0004577612562570721}, {""label"": ""gratitude"", ""score"": 0.000945603649597615}, {""label"": ""grief"", ""score"": 0.00031927722739055753}, {""label"": ""joy"", ""score"": 0.0005697734886780381}, {""label"": ""love"", ""score"": 0.00032439909409731627}, {""label"": ""nervousness"", ""score"": 0.0002977602416649461}, {""label"": ""optimism"", ""score"": 0.0023595932871103287}, {""label"": ""pride"", ""score"": 0.00041301772580482066}, {""label"": ""realization"", ""score"": 0.012376565486192703}, {""label"": ""relief"", ""score"": 0.0003594771260395646}, {""label"": ""remorse"", ""score"": 0.0005906820297241211}, {""label"": ""sadness"", ""score"": 0.0019749437924474478}, {""label"": ""surprise"", ""score"": 0.0007262860890477896}, {""label"": ""neutral"", ""score"": 0.41909703612327576}]",annoyance
at://did:plc:yivoj7tjkvnvmdpjci3lm5hw/app.bsky.feed.post/3lt5fqerejk24,https://bsky.app/profile/pandoram54.bsky.social/post/3lt5fqerejk24,bafyreiatxxlj4ipygt42zejszkddazybmebnr4iyt6stoeroarde46y5uy,"“A systematic pattern has emerged: shakedowns of law firms, business corporations, and media companies for the enrichment of Trump, his family, and his political allies,” writes @davidfrum:",2025-07-04T14:01:02.870Z,2025-07-04T14:01:03.539Z,{},1,0,0,did:plc:yivoj7tjkvnvmdpjci3lm5hw,pandoram54.bsky.social,,0,0,0,2024-11-17T12:44:15.834Z,,False,,False,"""[]""",2025-07-04T14:09:19.488223Z,Vrai,"[0.011851618997752666, 0.9881483912467957]","[{""label"": ""admiration"", ""score"": 0.0026355781592428684}, {""label"": ""amusement"", ""score"": 0.002212500898167491}, {""label"": ""anger"", ""score"": 0.001484599313698709}, {""label"": ""annoyance"", ""score"": 0.011195010505616665}, {""label"": ""approval"", ""score"": 0.08275091648101807}, {""label"": ""caring"", ""score"": 0.0010744858300313354}, {""label"": ""confusion"", ""score"": 0.000670295616146177}, {""label"": ""curiosity"", ""score"": 0.0004537494096439332}, {""label"": ""desire"", ""score"": 0.0009663942037150264}, {""label"": ""disappointment"", ""score"": 0.00286273006349802}, {""label"": ""disapproval"", ""score"": 0.001831403817050159}, {""label"": ""disgust"", ""score"": 0.002426019636914134}, {""label"": ""embarrassment"", ""score"": 0.0006820916896685958}, {""label"": ""excitement"", ""score"": 0.0014623146271333098}, {""label"": ""fear"", ""score"": 0.0010491561843082309}, {""label"": ""gratitude"", ""score"": 0.0004963286919519305}, {""label"": ""grief"", ""score"": 0.0002739279007073492}, {""label"": ""joy"", ""score"": 0.0015100956661626697}, {""label"": ""love"", ""score"": 0.0010690927738323808}, {""label"": ""nervousness"", ""score"": 0.00033066963078454137}, {""label"": ""optimism"", ""score"": 0.003230366623029113}, {""label"": ""pride"", ""score"": 0.000480695249279961}, {""label"": ""realization"", ""score"": 0.02804088220000267}, {""label"": ""relief"", ""score"": 0.0006465932237915695}, {""label"": ""remorse"", ""score"": 0.000274397898465395}, {""label"": ""sadness"", ""score"": 0.0017014803597703576}, {""label"": ""surprise"", ""score"": 0.0005826222477480769}, {""label"": ""neutral"", ""score"": 0.8870652318000793}]",neutral
at://did:plc:u6bnvj3heljw5igx4oxw23b6/app.bsky.feed.post/3lt5fppqr3k27,https://bsky.app/profile/rsasch.bsky.social/post/3lt5fppqr3k27,bafyreibna6vkab2a5oecpwxn4v3jkv6ysddq4ugre6iamowi5w7s4rintq,it's pretty impressive how this website has a whole political branch predicated on making up a guy to be mad at,2025-07-04T14:00:40.831Z,2025-07-04T14:00:41.137Z,{},0,0,0,did:plc:u6bnvj3heljw5igx4oxw23b6,rsasch.bsky.social,rob,0,0,0,2024-11-07T00:31:23.281Z,,False,,False,"""[]""",2025-07-04T14:09:19.488454Z,Faux,"[0.8573848605155945, 0.14261513948440552]","[{""label"": ""admiration"", ""score"": 0.8871164917945862}, {""label"": ""amusement"", ""score"": 0.005948978941887617}, {""label"": ""anger"", ""score"": 0.0065835341811180115}, {""label"": ""annoyance"", ""score"": 0.020604930818080902}, {""label"": ""approval"", ""score"": 0.05702834203839302}, {""label"": ""caring"", ""score"": 0.0008087542373687029}, {""label"": ""confusion"", ""score"": 0.001212395611219108}, {""label"": ""curiosity"", ""score"": 0.002416823524981737}, {""label"": ""desire"", ""score"": 0.0012145211221650243}, {""label"": ""disappointment"", ""score"": 0.0039026206359267235}, {""label"": ""disapproval"", ""score"": 0.0037986780516803265}, {""label"": ""disgust"", ""score"": 0.001784011023119092}, {""label"": ""embarrassment"", ""score"": 0.000553849502466619}, {""label"": ""excitement"", ""score"": 0.024340258911252022}, {""label"": ""fear"", ""score"": 0.00046522595221176744}, {""label"": ""gratitude"", ""score"": 0.0020424399990588427}, {""label"": ""grief"", ""score"": 0.00036123429890722036}, {""label"": ""joy"", ""score"": 0.009561593644320965}, {""label"": ""love"", ""score"": 0.0012775358045473695}, {""label"": ""nervousness"", ""score"": 0.00016074434097390622}, {""label"": ""optimism"", ""score"": 0.005357037298381329}, {""label"": ""pride"", ""score"": 0.00711078243330121}, {""label"": ""realization"", ""score"": 0.008364491164684296}, {""label"": ""relief"", ""score"": 0.0009847404435276985}, {""label"": ""remorse"", ""score"": 0.00013561244122684002}, {""label"": ""sadness"", ""score"": 0.0006704250117763877}, {""label"": ""surprise"", ""score"": 0.008170255459845066}, {""label"": ""neutral"", ""score"": 0.06613198667764664}]",admiration
at://did:plc:mnqo2uestpt7d2chbhamcpke/app.bsky.feed.post/3lt5fpkxmp22r,https://bsky.app/profile/gwynnek.bsky.social/post/3lt5fpkxmp22r,bafyreicatn7ubsqm5bmiats2ziwjrilsvxbck2xwk6l6hsnuporvlqlyhi,"Yea, this propaganda BS is really from ssa.gov. Honestly and truly, in my 20 years working in gov, no administration—of any flavor—would abuse the emails collected to provide services for blantant political messaging. I hate them.",2025-07-04T14:00:35.799Z,2025-07-04T14:00:38.038Z,"""images=[Image(alt='', image=BlobRef(mime_type='image/jpeg', size=738802, ref=IpldLink(link='bafkreicsvjexj7wfvsru2nkya5bp5n4rzltzqcfrucl2kxjgdyqhtzyc7m'), py_type='blob'), aspect_ratio=AspectRatio(height=2000, width=1001, py_type='app.bsky.embed.defs#aspectRatio'), py_type='app.bsky.embed.images#image')] py_type='app.bsky.embed.images'""",0,0,0,did:plc:mnqo2uestpt7d2chbhamcpke,gwynnek.bsky.social,gwynnek,0,0,0,2023-08-25T23:28:38.767Z,,False,,False,"""[]""",2025-07-04T14:09:19.488510Z,Faux,"[0.9769483208656311, 0.023051680997014046]","[{""label"": ""admiration"", ""score"": 0.00471785431727767}, {""label"": ""amusement"", ""score"": 0.0016283844597637653}, {""label"": ""anger"", ""score"": 0.6746280789375305}, {""label"": ""annoyance"", ""score"": 0.29046231508255005}, {""label"": ""approval"", ""score"": 0.02531498670578003}, {""label"": ""caring"", ""score"": 0.0028937249444425106}, {""label"": ""confusion"", ""score"": 0.002969981636852026}, {""label"": ""curiosity"", ""score"": 0.002286663046106696}, {""label"": ""desire"", ""score"": 0.0011902664555236697}, {""label"": ""disappointment"", ""score"": 0.008996794000267982}, {""label"": ""disapproval"", ""score"": 0.09930703788995743}, {""label"": ""disgust"", ""score"": 0.034215979278087616}, {""label"": ""embarrassment"", ""score"": 0.0027978348080068827}, {""label"": ""excitement"", ""score"": 0.001328485319390893}, {""label"": ""fear"", ""score"": 0.00150721101090312}, {""label"": ""gratitude"", ""score"": 0.001791862421669066}, {""label"": ""grief"", ""score"": 0.0005050722393207252}, {""label"": ""joy"", ""score"": 0.0016077314503490925}, {""label"": ""love"", ""score"": 0.002163824625313282}, {""label"": ""nervousness"", ""score"": 0.0003434368409216404}, {""label"": ""optimism"", ""score"": 0.0022449230309575796}, {""label"": ""pride"", ""score"": 0.0006673762109130621}, {""label"": ""realization"", ""score"": 0.00586282555013895}, {""label"": ""relief"", ""score"": 0.000341236824169755}, {""label"": ""remorse"", ""score"": 0.0007160146487876773}, {""label"": ""sadness"", ""score"": 0.00373740098439157}, {""label"": ""surprise"", ""score"": 0.001092495396733284}, {""label"": ""neutral"", ""score"": 0.08254352957010269}]",anger
at://did:plc:45yddazoiblh2xklfmydvfyf/app.bsky.feed.post/3lt5fonqcz22f,https://bsky.app/profile/hlc-learning.bsky.social/post/3lt5fonqcz22f,bafyreidgrd67j3oeuuaspaevjwdzik3wceompdtcyjabooxgrmotqu5vwi,"If we truly seek to Coexist in Peace, then we must courageously step outside the political media boxes that have been built around us.   Let us consciously choose to expose ourselves to both left-leaning and right-leaning news. To discern for ourselves.  Namastè, Master Coach Hu",2025-07-04T14:00:05.164Z,2025-07-04T14:00:06.834Z,"""images=[Image(alt='', image=BlobRef(mime_type='image/jpeg', size=165916, ref=IpldLink(link='bafkreigpiskegoiqpswvptgzj3ppbqdgtqkovlueiqi2e2zlqyimzf4t4e'), py_type='blob'), aspect_ratio=AspectRatio(height=676, width=520, py_type='app.bsky.embed.defs#aspectRatio'), py_type='app.bsky.embed.images#image')] py_type='app.bsky.embed.images'""",1,1,0,did:plc:45yddazoiblh2xklfmydvfyf,hlc-learning.bsky.social,"Holistic Learning Center, Inc. (HLC)",0,0,0,2025-02-11T17:44:48.744Z,,False,,False,"""[]""",2025-07-04T14:09:19.488547Z,Vrai,"[0.0004072092706337571, 0.9995928406715393]","[{""label"": ""admiration"", ""score"": 0.015605585649609566}, {""label"": ""amusement"", ""score"": 0.0005962835857644677}, {""label"": ""anger"", ""score"": 0.0008847458520904183}, {""label"": ""annoyance"", ""score"": 0.005046701990067959}, {""label"": ""approval"", ""score"": 0.24697986245155334}, {""label"": ""caring"", ""score"": 0.0482884906232357}, {""label"": ""confusion"", ""score"": 0.0014176651602610946}, {""label"": ""curiosity"", ""score"": 0.0017937212251126766}, {""label"": ""desire"", ""score"": 0.054134346544742584}, {""label"": ""disappointment"", ""score"": 0.002242847578600049}, {""label"": ""disapproval"", ""score"": 0.003356563625857234}, {""label"": ""disgust"", ""score"": 0.0009587060194462538}, {""label"": ""embarrassment"", ""score"": 0.0003729724558070302}, {""label"": ""excitement"", ""score"": 0.0038153785280883312}, {""label"": ""fear"", ""score"": 0.0015325674321502447}, {""label"": ""gratitude"", ""score"": 0.002657177159562707}, {""label"": ""grief"", ""score"": 0.0005015336791984737}, {""label"": ""joy"", ""score"": 0.0015270428266376257}, {""label"": ""love"", ""score"": 0.000831960525829345}, {""label"": ""nervousness"", ""score"": 0.0008755390299484134}, {""label"": ""optimism"", ""score"": 0.24180103838443756}, {""label"": ""pride"", ""score"": 0.0027583043556660414}, {""label"": ""realization"", ""score"": 0.02416415326297283}, {""label"": ""relief"", ""score"": 0.002800573827698827}, {""label"": ""remorse"", ""score"": 0.0006650688592344522}, {""label"": ""sadness"", ""score"": 0.0012074783444404602}, {""label"": ""surprise"", ""score"": 0.0007735364488326013}, {""label"": ""neutral"", ""score"": 0.5158856511116028}]",neutral
at://did:plc:7a4hlcjvg65gh42aon3me3yp/app.bsky.feed.post/3lt5fol266c2d,https://bsky.app/profile/zachary1818.bsky.social/post/3lt5fol266c2d,bafyreicbax6vn6ymdipne4sruerhty3jdwz32g44jily3pagk3nxkk2434,That the democrats have no political power is an indictment of what they accomplished the last time they held political power.  Centrism and incrementalism are not the medicine when institutions are failing and need reform.,2025-07-04T14:00:02.341Z,2025-07-04T14:00:03.736Z,{},0,1,0,did:plc:7a4hlcjvg65gh42aon3me3yp,zachary1818.bsky.social,,0,0,0,2025-05-11T16:08:13.339Z,,False,,False,"""[]""",2025-07-04T14:09:19.488565Z,Faux,"[0.9983567595481873, 0.0016431832918897271]","[{""label"": ""admiration"", ""score"": 0.002678872784599662}, {""label"": ""amusement"", ""score"": 0.0008842826937325299}, {""label"": ""anger"", ""score"": 0.003069949336349964}, {""label"": ""annoyance"", ""score"": 0.05480356886982918}, {""label"": ""approval"", ""score"": 0.03322989493608475}, {""label"": ""caring"", ""score"": 0.0014255049172788858}, {""label"": ""confusion"", ""score"": 0.003022490767762065}, {""label"": ""curiosity"", ""score"": 0.0004998865770176053}, {""label"": ""desire"", ""score"": 0.0012399223633110523}, {""label"": ""disappointment"", ""score"": 0.06787505000829697}, {""label"": ""disapproval"", ""score"": 0.4072771370410919}, {""label"": ""disgust"", ""score"": 0.002326106419786811}, {""label"": ""embarrassment"", ""score"": 0.0017963305581361055}, {""label"": ""excitement"", ""score"": 0.000549717282410711}, {""label"": ""fear"", ""score"": 0.00046261813258752227}, {""label"": ""gratitude"", ""score"": 0.0013622696278616786}, {""label"": ""grief"", ""score"": 0.0004771672538481653}, {""label"": ""joy"", ""score"": 0.0010305457981303334}, {""label"": ""love"", ""score"": 0.0006332196062430739}, {""label"": ""nervousness"", ""score"": 0.0004151778412051499}, {""label"": ""optimism"", ""score"": 0.004776027053594589}, {""label"": ""pride"", ""score"": 0.0005626525380648673}, {""label"": ""realization"", ""score"": 0.04103436693549156}, {""label"": ""relief"", ""score"": 0.001198746613226831}, {""label"": ""remorse"", ""score"": 0.0011065856087952852}, {""label"": ""sadness"", ""score"": 0.003726876573637128}, {""label"": ""surprise"", ""score"": 0.001136238337494433}, {""label"": ""neutral"", ""score"": 0.5965266227722168}]",neutral
at://did:plc:axt6mjwyvxthcuqwkheuxwz7/app.bsky.feed.post/3lt5foekhos2u,https://bsky.app/profile/noninjaskillz.bsky.social/post/3lt5foekhos2u,bafyreibyp6mxfg5psgwsh5guaz6oxi76dk7syanqsao4tkqy6g3ssa6x3u,"This was the danger that the Democrats seemingly never grasped, that the objective was not just a political change but an entire cultural revolution inside America. They do not want and will not allow political opposition going forward",2025-07-04T13:59:55.536Z,2025-07-04T13:59:56.439Z,{},0,0,0,did:plc:axt6mjwyvxthcuqwkheuxwz7,noninjaskillz.bsky.social,Pablo Honey,0,0,0,2024-11-14T21:39:13.434Z,,False,,False,"""[]""",2025-07-04T14:09:19.488764Z,Vrai,"[0.007751215249300003, 0.9922487735748291]","[{""label"": ""admiration"", ""score"": 0.0017241495661437511}, {""label"": ""amusement"", ""score"": 0.0006445161998271942}, {""label"": ""anger"", ""score"": 0.007363960612565279}, {""label"": ""annoyance"", ""score"": 0.07495127618312836}, {""label"": ""approval"", ""score"": 0.026638401672244072}, {""label"": ""caring"", ""score"": 0.0029904437251389027}, {""label"": ""confusion"", ""score"": 0.005800777114927769}, {""label"": ""curiosity"", ""score"": 0.0007284595048986375}, {""label"": ""desire"", ""score"": 0.0017536759842187166}, {""label"": ""disappointment"", ""score"": 0.10025952756404877}, {""label"": ""disapproval"", ""score"": 0.38258934020996094}, {""label"": ""disgust"", ""score"": 0.0031967333052307367}, {""label"": ""embarrassment"", ""score"": 0.002560314489528537}, {""label"": ""excitement"", ""score"": 0.0008034061756916344}, {""label"": ""fear"", ""score"": 0.00882969330996275}, {""label"": ""gratitude"", ""score"": 0.00046133488649502397}, {""label"": ""grief"", ""score"": 0.0007165508577600121}, {""label"": ""joy"", ""score"": 0.0009481004090048373}, {""label"": ""love"", ""score"": 0.0005131060024723411}, {""label"": ""nervousness"", ""score"": 0.003284208243712783}, {""label"": ""optimism"", ""score"": 0.007233575452119112}, {""label"": ""pride"", ""score"": 0.0005151355871930718}, {""label"": ""realization"", ""score"": 0.0481158010661602}, {""label"": ""relief"", ""score"": 0.001350965118035674}, {""label"": ""remorse"", ""score"": 0.0008265725919045508}, {""label"": ""sadness"", ""score"": 0.009443883784115314}, {""label"": ""surprise"", ""score"": 0.001983967609703541}, {""label"": ""neutral"", ""score"": 0.41690635681152344}]",neutral
at://did:plc:zuxsurksaxmf335afpxj5woo/app.bsky.feed.post/3lt5focctp22j,https://bsky.app/profile/revjuniper.bsky.social/post/3lt5focctp22j,bafyreid5yaflobwbodrnrmekcha3dtf4vi5wefqol3i4kkhmcwnq443pzi,This is political nihilism.  You would discard the vulnerable here in order to accelerate collapse. Then what? Enable reactionary regimes to control Palestine? Have queer folks in the US put in camps?  Do you even actually want folks to get free?  Or do you just want to watch the world burn?,2025-07-04T13:59:53.188Z,2025-07-04T13:59:52.438Z,"""external=External(description='ALT: a man in a white shirt is standing next to a man in a black suit in a factory .', title='a man in a white shirt is standing next to a man in a black suit in a factory .', uri='https://media.tenor.com/feYEDOgp7LQAAAAC/avengers-endgame.gif?hh=206&ww=498', thumb=BlobRef(mime_type='image/jpeg', size=132540, ref=IpldLink(link='bafkreih2fxfnezfmfkqcc2rcezgsodbbsvtlwihngsugfa6h7pjgx2jgvu'), py_type='blob'), py_type='app.bsky.embed.external#external') py_type='app.bsky.embed.external'""",0,0,0,did:plc:zuxsurksaxmf335afpxj5woo,revjuniper.bsky.social,Rev. Juniper Meadows 🏳️‍⚧️,0,0,0,2024-11-12T17:27:35.114Z,,False,,False,"""[]""",2025-07-04T14:09:19.488817Z,Vrai,"[0.0016528851119801402, 0.9983471632003784]","[{""label"": ""admiration"", ""score"": 0.0012170381378382444}, {""label"": ""amusement"", ""score"": 0.0017245302442461252}, {""label"": ""anger"", ""score"": 0.005020597483962774}, {""label"": ""annoyance"", ""score"": 0.02185734175145626}, {""label"": ""approval"", ""score"": 0.008042053319513798}, {""label"": ""caring"", ""score"": 0.002024548128247261}, {""label"": ""confusion"", ""score"": 0.2978641390800476}, {""label"": ""curiosity"", ""score"": 0.5740904211997986}, {""label"": ""desire"", ""score"": 0.0020698080770671368}, {""label"": ""disappointment"", ""score"": 0.005772999953478575}, {""label"": ""disapproval"", ""score"": 0.01263344008475542}, {""label"": ""disgust"", ""score"": 0.0025143499951809645}, {""label"": ""embarrassment"", ""score"": 0.0008909322787076235}, {""label"": ""excitement"", ""score"": 0.0009305341518484056}, {""label"": ""fear"", ""score"": 0.00157072558067739}, {""label"": ""gratitude"", ""score"": 0.00033226897357963026}, {""label"": ""grief"", ""score"": 0.0003407496551517397}, {""label"": ""joy"", ""score"": 0.0006085902568884194}, {""label"": ""love"", ""score"": 0.0010339273139834404}, {""label"": ""nervousness"", ""score"": 0.000620309729129076}, {""label"": ""optimism"", ""score"": 0.004582541529089212}, {""label"": ""pride"", ""score"": 5.5240678193513304e-05}, {""label"": ""realization"", ""score"": 0.005422358866780996}, {""label"": ""relief"", ""score"": 0.0001447709510102868}, {""label"": ""remorse"", ""score"": 0.0004538276989478618}, {""label"": ""sadness"", ""score"": 0.002022805856540799}, {""label"": ""surprise"", ""score"": 0.003968383651226759}, {""label"": ""neutral"", ""score"": 0.37005773186683655}]",curiosity
at://did:plc:jmnowgbibqwzxbvqvadscluy/app.bsky.feed.post/3lt5fnxjzjc2g,https://bsky.app/profile/toguy99.bsky.social/post/3lt5fnxjzjc2g,bafyreib4xbeftexoero7dj6v3u6l4bzieu2jexbxhyomauvxjebyqrrpju,Roughly 140 EPA employees have been placed on administrative leave after signing a letter warning of political interference in the agency’s work—prompting critics to accuse the Trump administration of ignoring their First Amendment rights.  In today's Amerika no one questions dearest leader.,2025-07-04T13:59:41.890Z,2025-07-04T13:59:42.543Z,{},6,1,0,did:plc:jmnowgbibqwzxbvqvadscluy,toguy99.bsky.social,We the North,0,0,0,2024-11-27T16:49:30.245Z,,False,,False,"""[]""",2025-07-04T14:09:19.488836Z,Vrai,"[0.13750647008419037, 0.8624935746192932]","[{""label"": ""admiration"", ""score"": 0.0011684647761285305}, {""label"": ""amusement"", ""score"": 0.0010905950330197811}, {""label"": ""anger"", ""score"": 0.004535785410553217}, {""label"": ""annoyance"", ""score"": 0.039181336760520935}, {""label"": ""approval"", ""score"": 0.05166920647025108}, {""label"": ""caring"", ""score"": 0.0063767991960048676}, {""label"": ""confusion"", ""score"": 0.001017234055325389}, {""label"": ""curiosity"", ""score"": 0.0004694352101068944}, {""label"": ""desire"", ""score"": 0.0013036259915679693}, {""label"": ""disappointment"", ""score"": 0.019141366705298424}, {""label"": ""disapproval"", ""score"": 0.011481552384793758}, {""label"": ""disgust"", ""score"": 0.0041167112067341805}, {""label"": ""embarrassment"", ""score"": 0.0024049377534538507}, {""label"": ""excitement"", ""score"": 0.00040959264151751995}, {""label"": ""fear"", ""score"": 0.00341594940982759}, {""label"": ""gratitude"", ""score"": 0.0006048699142411351}, {""label"": ""grief"", ""score"": 0.00122868362814188}, {""label"": ""joy"", ""score"": 0.001472333213314414}, {""label"": ""love"", ""score"": 0.0005844658007845283}, {""label"": ""nervousness"", ""score"": 0.0016918756300583482}, {""label"": ""optimism"", ""score"": 0.004238607827574015}, {""label"": ""pride"", ""score"": 0.0007013581343926489}, {""label"": ""realization"", ""score"": 0.03684571385383606}, {""label"": ""relief"", ""score"": 0.0018280482618138194}, {""label"": ""remorse"", ""score"": 0.0011100342962890863}, {""label"": ""sadness"", ""score"": 0.01557217352092266}, {""label"": ""surprise"", ""score"": 0.0003810844209510833}, {""label"": ""neutral"", ""score"": 0.862773597240448}]",neutral
at://did:plc:l2hqruukf7phz3yqule3digj/app.bsky.feed.post/3lt5fnqnwkc24,https://bsky.app/profile/mrblack68.bsky.social/post/3lt5fnqnwkc24,bafyreigx6ydl7zcuotvgtlungvdlrakhuakajum6apxwvtghlk44swe4li,"All of this from the man, the political party and the Cult who hates America! The 🍊💩🤡!  Time for Independence 2.0 America🇺🇸🇺🇸🇺🇸",2025-07-04T13:59:34.677Z,2025-07-04T13:59:35.935Z,{},0,0,0,did:plc:l2hqruukf7phz3yqule3digj,mrblack68.bsky.social,🏴󠁧󠁢󠁳󠁣󠁴󠁿Martin Blank🇮🇪🍀💚🇵🇸🇺🇦🏳️‍🌈🏳️‍⚧️🌊,0,0,0,2024-11-16T18:29:47.685Z,,False,,False,"""[]""",2025-07-04T14:09:19.488854Z,Vrai,"[0.0017052883049473166, 0.9982947707176208]","[{""label"": ""admiration"", ""score"": 0.001802214072085917}, {""label"": ""amusement"", ""score"": 0.0008524176082573831}, {""label"": ""anger"", ""score"": 0.019411154091358185}, {""label"": ""annoyance"", ""score"": 0.09245611727237701}, {""label"": ""approval"", ""score"": 0.05748727172613144}, {""label"": ""caring"", ""score"": 0.0018542698817327619}, {""label"": ""confusion"", ""score"": 0.000779593363404274}, {""label"": ""curiosity"", ""score"": 0.0005777562619186938}, {""label"": ""desire"", ""score"": 0.0017514361534267664}, {""label"": ""disappointment"", ""score"": 0.007647798862308264}, {""label"": ""disapproval"", ""score"": 0.01808534935116768}, {""label"": ""disgust"", ""score"": 0.006457190960645676}, {""label"": ""embarrassment"", ""score"": 0.00136086146812886}, {""label"": ""excitement"", ""score"": 0.0006278288783505559}, {""label"": ""fear"", ""score"": 0.0006735880742780864}, {""label"": ""gratitude"", ""score"": 0.0003634959866758436}, {""label"": ""grief"", ""score"": 0.0003180753847118467}, {""label"": ""joy"", ""score"": 0.0004138133954256773}, {""label"": ""love"", ""score"": 0.0007380328606814146}, {""label"": ""nervousness"", ""score"": 0.00021900393767282367}, {""label"": ""optimism"", ""score"": 0.00501386309042573}, {""label"": ""pride"", ""score"": 0.0004745927290059626}, {""label"": ""realization"", ""score"": 0.02148626185953617}, {""label"": ""relief"", ""score"": 0.0003216226177755743}, {""label"": ""remorse"", ""score"": 0.00041815900476649404}, {""label"": ""sadness"", ""score"": 0.002408833708614111}, {""label"": ""surprise"", ""score"": 0.0004226577002555132}, {""label"": ""neutral"", ""score"": 0.8007469773292542}]",neutral
at://did:plc:pp42nwpujia2oopyziskqyoz/app.bsky.feed.post/3lt5fnjkag22o,https://bsky.app/profile/whwalker.bsky.social/post/3lt5fnjkag22o,bafyreiax7tiwtfyxmfl737babywy33mlanlc5vp6b5qd3bxl7jwwwkpgme,Those that refuse to recognize what is going on are tacitly consenting to this oppression. A rudderless opposition party means that we cannot rely on the political class to protect us. Bottom up community organization at the local level is our best chance at effectively pushing back.,2025-07-04T13:59:27.217Z,2025-07-04T13:59:27.636Z,{},0,0,0,did:plc:pp42nwpujia2oopyziskqyoz,whwalker.bsky.social,,0,0,0,2024-11-21T00:00:49.773Z,,False,,False,"""[]""",2025-07-04T14:09:19.488869Z,Vrai,"[0.003336299443617463, 0.9966636300086975]","[{""label"": ""admiration"", ""score"": 0.005793060176074505}, {""label"": ""amusement"", ""score"": 0.00028513517463579774}, {""label"": ""anger"", ""score"": 0.003474010154604912}, {""label"": ""annoyance"", ""score"": 0.03930741176009178}, {""label"": ""approval"", ""score"": 0.22505562007427216}, {""label"": ""caring"", ""score"": 0.008629211224615574}, {""label"": ""confusion"", ""score"": 0.0033571207895874977}, {""label"": ""curiosity"", ""score"": 0.000973074056673795}, {""label"": ""desire"", ""score"": 0.007403654977679253}, {""label"": ""disappointment"", ""score"": 0.0548846460878849}, {""label"": ""disapproval"", ""score"": 0.14613163471221924}, {""label"": ""disgust"", ""score"": 0.0022511060815304518}, {""label"": ""embarrassment"", ""score"": 0.0010629623429849744}, {""label"": ""excitement"", ""score"": 0.0005903086275793612}, {""label"": ""fear"", ""score"": 0.0012862998992204666}, {""label"": ""gratitude"", ""score"": 0.0015093559632077813}, {""label"": ""grief"", ""score"": 0.0006785448058508337}, {""label"": ""joy"", ""score"": 0.0005283492500893772}, {""label"": ""love"", ""score"": 0.0008866135030984879}, {""label"": ""nervousness"", ""score"": 0.0006718317745253444}, {""label"": ""optimism"", ""score"": 0.07205604761838913}, {""label"": ""pride"", ""score"": 0.0010515021858736873}, {""label"": ""realization"", ""score"": 0.044598352164030075}, {""label"": ""relief"", ""score"": 0.0016150567680597305}, {""label"": ""remorse"", ""score"": 0.001462253974750638}, {""label"": ""sadness"", ""score"": 0.006022125948220491}, {""label"": ""surprise"", ""score"": 0.0005008155712857842}, {""label"": ""neutral"", ""score"": 0.4165087938308716}]",neutral
at://did:plc:dvaqhvrh2gbg7fyolglkelew/app.bsky.feed.post/3lt5fnfxhks2y,https://bsky.app/profile/meandnature.bsky.social/post/3lt5fnfxhks2y,bafyreidsnjxcdv6yx2xoecr5ongfzm64xv75tmx7qu5x2cwlbprusuhrry,"We would love to have you here but sadly, the UK isn’t without its political problems. 🙏🏼",2025-07-04T13:59:23.456Z,2025-07-04T13:59:24.740Z,{},0,0,0,did:plc:dvaqhvrh2gbg7fyolglkelew,meandnature.bsky.social,Deshi,0,0,0,2025-06-29T16:03:51.232Z,,False,,False,"""[]""",2025-07-04T14:09:19.488885Z,Vrai,"[0.28649622201919556, 0.7135037779808044]","[{""label"": ""admiration"", ""score"": 0.008700125850737095}, {""label"": ""amusement"", ""score"": 0.0035028010606765747}, {""label"": ""anger"", ""score"": 0.008545134216547012}, {""label"": ""annoyance"", ""score"": 0.011246930807828903}, {""label"": ""approval"", ""score"": 0.015511976554989815}, {""label"": ""caring"", ""score"": 0.03323075920343399}, {""label"": ""confusion"", ""score"": 0.0042861890979111195}, {""label"": ""curiosity"", ""score"": 0.0074104671366512775}, {""label"": ""desire"", ""score"": 0.17317932844161987}, {""label"": ""disappointment"", ""score"": 0.11650539189577103}, {""label"": ""disapproval"", ""score"": 0.014608941972255707}, {""label"": ""disgust"", ""score"": 0.010471210815012455}, {""label"": ""embarrassment"", ""score"": 0.0022879906464368105}, {""label"": ""excitement"", ""score"": 0.0034894098062068224}, {""label"": ""fear"", ""score"": 0.00556847732514143}, {""label"": ""gratitude"", ""score"": 0.0033711527939885855}, {""label"": ""grief"", ""score"": 0.024321183562278748}, {""label"": ""joy"", ""score"": 0.005939503666013479}, {""label"": ""love"", ""score"": 0.4708888530731201}, {""label"": ""nervousness"", ""score"": 0.007015840150415897}, {""label"": ""optimism"", ""score"": 0.021989470347762108}, {""label"": ""pride"", ""score"": 0.0008864912670105696}, {""label"": ""realization"", ""score"": 0.01202345546334982}, {""label"": ""relief"", ""score"": 0.002328504342585802}, {""label"": ""remorse"", ""score"": 0.04122454300522804}, {""label"": ""sadness"", ""score"": 0.7640289068222046}, {""label"": ""surprise"", ""score"": 0.004640449304133654}, {""label"": ""neutral"", ""score"": 0.016907239332795143}]",sadness
at://did:plc:tuszjkxi2y2qyw4i2sdfcvbm/app.bsky.feed.post/3lt5fncu4u22y,https://bsky.app/profile/megcastiel.bsky.social/post/3lt5fncu4u22y,bafyreiax22gnsowtfhr47wpm6givlp5yrxc5j4fpip367lqegg4454627e,There are plenty of people who are essentially in a cult when it comes to politics across the political spectrum. They believe what they are told that fits a specific narrative by whomever is the leader du jour.,2025-07-04T13:59:20.201Z,2025-07-04T13:59:20.736Z,{},1,0,1,did:plc:tuszjkxi2y2qyw4i2sdfcvbm,megcastiel.bsky.social,AuDHD Chronically Ill,0,0,0,2025-01-13T15:03:58.043Z,,False,,False,"""[]""",2025-07-04T14:09:19.488899Z,Vrai,"[0.0028590287547558546, 0.9971410036087036]","[{""label"": ""admiration"", ""score"": 0.007921121083199978}, {""label"": ""amusement"", ""score"": 0.0005498105310834944}, {""label"": ""anger"", ""score"": 0.000636587617918849}, {""label"": ""annoyance"", ""score"": 0.0036096584517508745}, {""label"": ""approval"", ""score"": 0.37369057536125183}, {""label"": ""caring"", ""score"": 0.0016423480119556189}, {""label"": ""confusion"", ""score"": 0.0030975567642599344}, {""label"": ""curiosity"", ""score"": 0.001281500211916864}, {""label"": ""desire"", ""score"": 0.0009686799021437764}, {""label"": ""disappointment"", ""score"": 0.0016892553539946675}, {""label"": ""disapproval"", ""score"": 0.006398308090865612}, {""label"": ""disgust"", ""score"": 0.0006518494337797165}, {""label"": ""embarrassment"", ""score"": 0.0001321514428127557}, {""label"": ""excitement"", ""score"": 0.0006324337446130812}, {""label"": ""fear"", ""score"": 0.0003074304840993136}, {""label"": ""gratitude"", ""score"": 0.0013282318832352757}, {""label"": ""grief"", ""score"": 0.00013043468061368912}, {""label"": ""joy"", ""score"": 0.0008049322641454637}, {""label"": ""love"", ""score"": 0.001380670815706253}, {""label"": ""nervousness"", ""score"": 0.00014626116899307817}, {""label"": ""optimism"", ""score"": 0.008609465323388577}, {""label"": ""pride"", ""score"": 0.0003362417046446353}, {""label"": ""realization"", ""score"": 0.018623339012265205}, {""label"": ""relief"", ""score"": 0.0005814515170641243}, {""label"": ""remorse"", ""score"": 0.0002031455369433388}, {""label"": ""sadness"", ""score"": 0.0005667982040904462}, {""label"": ""surprise"", ""score"": 0.00039676090818829834}, {""label"": ""neutral"", ""score"": 0.7135870456695557}]",neutral
at://did:plc:2uphjdtjrlwvzq2fryh2yrgj/app.bsky.feed.post/3lt5fn4gjqs2v,https://bsky.app/profile/eruanion.bsky.social/post/3lt5fn4gjqs2v,bafyreicus5uz4ex5fjnvhwjbjhxugbn2h4ofpt7gy3k2rhmf24ltxo22ha,"🤣 JKR can tell us she came up with HP all on her own, but, the movie ""Troll"" (1986)  has a main character named ""Harry Potter"" who is a child destined to become a powerful magic user.  Also, no one goes after Dolly for her political views, unless they are  terrible people",2025-07-04T13:59:13.464Z,2025-07-04T13:59:14.937Z,{},0,0,0,did:plc:2uphjdtjrlwvzq2fryh2yrgj,eruanion.bsky.social,Eruanion Nolaquen,0,0,0,2024-11-15T17:18:29.628Z,,False,,False,"""[]""",2025-07-04T14:09:19.489105Z,Vrai,"[0.0044023129157722, 0.9955976605415344]","[{""label"": ""admiration"", ""score"": 0.0038757002912461758}, {""label"": ""amusement"", ""score"": 0.002205873606726527}, {""label"": ""anger"", ""score"": 0.0021290022414177656}, {""label"": ""annoyance"", ""score"": 0.015151569619774818}, {""label"": ""approval"", ""score"": 0.21750245988368988}, {""label"": ""caring"", ""score"": 0.0026655669789761305}, {""label"": ""confusion"", ""score"": 0.0015895027900114655}, {""label"": ""curiosity"", ""score"": 0.0006005587056279182}, {""label"": ""desire"", ""score"": 0.0010635113576427102}, {""label"": ""disappointment"", ""score"": 0.005507510621100664}, {""label"": ""disapproval"", ""score"": 0.019690919667482376}, {""label"": ""disgust"", ""score"": 0.004098878242075443}, {""label"": ""embarrassment"", ""score"": 0.0011818255297839642}, {""label"": ""excitement"", ""score"": 0.0006709881126880646}, {""label"": ""fear"", ""score"": 0.002677903277799487}, {""label"": ""gratitude"", ""score"": 0.000459427188616246}, {""label"": ""grief"", ""score"": 0.0004694864328484982}, {""label"": ""joy"", ""score"": 0.0007981940289027989}, {""label"": ""love"", ""score"": 0.001986646791920066}, {""label"": ""nervousness"", ""score"": 0.0004938981728628278}, {""label"": ""optimism"", ""score"": 0.009279540739953518}, {""label"": ""pride"", ""score"": 0.000590828713029623}, {""label"": ""realization"", ""score"": 0.055871494114398956}, {""label"": ""relief"", ""score"": 0.0010106753325089812}, {""label"": ""remorse"", ""score"": 0.0005026424769312143}, {""label"": ""sadness"", ""score"": 0.0024862862192094326}, {""label"": ""surprise"", ""score"": 0.0007157435175031424}, {""label"": ""neutral"", ""score"": 0.8248054385185242}]",neutral
at://did:plc:vbinasigos6u3vhoypqpy4kc/app.bsky.feed.post/3lt5fmvqxrc24,https://bsky.app/profile/mastercoachhu.bsky.social/post/3lt5fmvqxrc24,bafyreihmgscszwyllc7yhckqxviwtlmbu22crvy5uxriswhgqn6z2m63ki,"If we truly seek to Coexist in Peace, then we must courageously step outside the political media boxes that have been built around us.   Let us consciously choose to expose ourselves to both left-leaning and right-leaning news. To discern for ourselves.  Namastè, Master Coach Hu",2025-07-04T13:59:06.465Z,2025-07-04T13:59:07.646Z,"""images=[Image(alt='', image=BlobRef(mime_type='image/jpeg', size=165916, ref=IpldLink(link='bafkreigpiskegoiqpswvptgzj3ppbqdgtqkovlueiqi2e2zlqyimzf4t4e'), py_type='blob'), aspect_ratio=AspectRatio(height=676, width=520, py_type='app.bsky.embed.defs#aspectRatio'), py_type='app.bsky.embed.images#image')] py_type='app.bsky.embed.images'""",1,1,0,did:plc:vbinasigos6u3vhoypqpy4kc,mastercoachhu.bsky.social,Master Coach Hu,0,0,0,2025-02-08T18:02:50.744Z,,False,,False,"""[]""",2025-07-04T14:09:19.489267Z,Vrai,"[0.0004072092706337571, 0.9995928406715393]","[{""label"": ""admiration"", ""score"": 0.015605585649609566}, {""label"": ""amusement"", ""score"": 0.0005962835857644677}, {""label"": ""anger"", ""score"": 0.0008847458520904183}, {""label"": ""annoyance"", ""score"": 0.005046701990067959}, {""label"": ""approval"", ""score"": 0.24697986245155334}, {""label"": ""caring"", ""score"": 0.0482884906232357}, {""label"": ""confusion"", ""score"": 0.0014176651602610946}, {""label"": ""curiosity"", ""score"": 0.0017937212251126766}, {""label"": ""desire"", ""score"": 0.054134346544742584}, {""label"": ""disappointment"", ""score"": 0.002242847578600049}, {""label"": ""disapproval"", ""score"": 0.003356563625857234}, {""label"": ""disgust"", ""score"": 0.0009587060194462538}, {""label"": ""embarrassment"", ""score"": 0.0003729724558070302}, {""label"": ""excitement"", ""score"": 0.0038153785280883312}, {""label"": ""fear"", ""score"": 0.0015325674321502447}, {""label"": ""gratitude"", ""score"": 0.002657177159562707}, {""label"": ""grief"", ""score"": 0.0005015336791984737}, {""label"": ""joy"", ""score"": 0.0015270428266376257}, {""label"": ""love"", ""score"": 0.000831960525829345}, {""label"": ""nervousness"", ""score"": 0.0008755390299484134}, {""label"": ""optimism"", ""score"": 0.24180103838443756}, {""label"": ""pride"", ""score"": 0.0027583043556660414}, {""label"": ""realization"", ""score"": 0.02416415326297283}, {""label"": ""relief"", ""score"": 0.002800573827698827}, {""label"": ""remorse"", ""score"": 0.0006650688592344522}, {""label"": ""sadness"", ""score"": 0.0012074783444404602}, {""label"": ""surprise"", ""score"": 0.0007735364488326013}, {""label"": ""neutral"", ""score"": 0.5158856511116028}]",neutral
at://did:plc:rfsxj7tc74mlhlttvkxmkd5x/app.bsky.feed.post/3lt5flxf5522q,https://bsky.app/profile/mntngroove.bsky.social/post/3lt5flxf5522q,bafyreidlwzcodpaid34nzjwtke33hafxvbelnhf2x3yr3mlqmuxet26wre,It's performative and ineffective in today's political climate. They need hellfire!,2025-07-04T13:58:34.620Z,2025-07-04T13:58:34.240Z,{},0,0,0,did:plc:rfsxj7tc74mlhlttvkxmkd5x,mntngroove.bsky.social,Brion,0,0,0,2024-11-19T15:32:11.605Z,,False,,False,"""[]""",2025-07-04T14:09:19.489287Z,Vrai,"[0.027590911835432053, 0.9724091291427612]","[{""label"": ""admiration"", ""score"": 0.00227776519022882}, {""label"": ""amusement"", ""score"": 0.001002737320959568}, {""label"": ""anger"", ""score"": 0.023022081702947617}, {""label"": ""annoyance"", ""score"": 0.19302219152450562}, {""label"": ""approval"", ""score"": 0.038413599133491516}, {""label"": ""caring"", ""score"": 0.0027622629422694445}, {""label"": ""confusion"", ""score"": 0.002057210076600313}, {""label"": ""curiosity"", ""score"": 0.0006452186498790979}, {""label"": ""desire"", ""score"": 0.0017037522047758102}, {""label"": ""disappointment"", ""score"": 0.05066005513072014}, {""label"": ""disapproval"", ""score"": 0.61273592710495}, {""label"": ""disgust"", ""score"": 0.006623690016567707}, {""label"": ""embarrassment"", ""score"": 0.001953947590664029}, {""label"": ""excitement"", ""score"": 0.0008114718948490918}, {""label"": ""fear"", ""score"": 0.0006867779302410781}, {""label"": ""gratitude"", ""score"": 0.0010658467654138803}, {""label"": ""grief"", ""score"": 0.00041548977605998516}, {""label"": ""joy"", ""score"": 0.0010930976131930947}, {""label"": ""love"", ""score"": 0.0008228695951402187}, {""label"": ""nervousness"", ""score"": 0.0005479622050188482}, {""label"": ""optimism"", ""score"": 0.0032367922831326723}, {""label"": ""pride"", ""score"": 0.0005084799486212432}, {""label"": ""realization"", ""score"": 0.016102919355034828}, {""label"": ""relief"", ""score"": 0.0009278892539441586}, {""label"": ""remorse"", ""score"": 0.0007286403561010957}, {""label"": ""sadness"", ""score"": 0.004726054146885872}, {""label"": ""surprise"", ""score"": 0.0009849739726632833}, {""label"": ""neutral"", ""score"": 0.25068899989128113}]",disapproval
at://did:plc:ms5b7si7izrziysnbzsnblw2/app.bsky.feed.post/3lt5flvhv6c2j,https://bsky.app/profile/esther122.bsky.social/post/3lt5flvhv6c2j,bafyreieelcvhar5gmj5eoywynxer6itil4pgengzo3sj7nlcbqfr2g2fmu,"When even basic decency is filtered through a political lens, we’ve lost something serious. Presidents used to understand the weight of symbolic presence. Skipping this speaks volumes.",2025-07-04T13:58:32.613Z,2025-07-04T13:58:33.538Z,"""record=Main(cid='bafyreibzbb2crcqn4x5w46tbc346eeoib7vgo3senxdt542frub63b7xjy', uri='at://did:plc:q3glmp5enr5gkuu2uaosjker/app.bsky.feed.post/3lsqljq3ahs2p', py_type='com.atproto.repo.strongRef') py_type='app.bsky.embed.record'""",0,0,0,did:plc:ms5b7si7izrziysnbzsnblw2,esther122.bsky.social,Esther,0,0,0,2025-07-04T08:07:27.731Z,,False,,False,"""[]""",2025-07-04T14:09:19.489313Z,Vrai,"[0.004738125018775463, 0.9952619075775146]","[{""label"": ""admiration"", ""score"": 0.004106048960238695}, {""label"": ""amusement"", ""score"": 0.0009613786824047565}, {""label"": ""anger"", ""score"": 0.006641008425503969}, {""label"": ""annoyance"", ""score"": 0.12103088200092316}, {""label"": ""approval"", ""score"": 0.029212843626737595}, {""label"": ""caring"", ""score"": 0.0026256830897182226}, {""label"": ""confusion"", ""score"": 0.0023089281748980284}, {""label"": ""curiosity"", ""score"": 0.0012868084013462067}, {""label"": ""desire"", ""score"": 0.0029562872368842363}, {""label"": ""disappointment"", ""score"": 0.6852011680603027}, {""label"": ""disapproval"", ""score"": 0.043609071522951126}, {""label"": ""disgust"", ""score"": 0.005090845283120871}, {""label"": ""embarrassment"", ""score"": 0.006416133139282465}, {""label"": ""excitement"", ""score"": 0.0007205911097116768}, {""label"": ""fear"", ""score"": 0.002195468172430992}, {""label"": ""gratitude"", ""score"": 0.0008012524340301752}, {""label"": ""grief"", ""score"": 0.0032150461338460445}, {""label"": ""joy"", ""score"": 0.0018164805369451642}, {""label"": ""love"", ""score"": 0.0024571726098656654}, {""label"": ""nervousness"", ""score"": 0.004405572544783354}, {""label"": ""optimism"", ""score"": 0.008339968509972095}, {""label"": ""pride"", ""score"": 0.0008921628468669951}, {""label"": ""realization"", ""score"": 0.09057054668664932}, {""label"": ""relief"", ""score"": 0.0028550836723297834}, {""label"": ""remorse"", ""score"": 0.0060354876331985}, {""label"": ""sadness"", ""score"": 0.14619989693164825}, {""label"": ""surprise"", ""score"": 0.0022112359292805195}, {""label"": ""neutral"", ""score"": 0.15845583379268646}]",disappointment
at://did:plc:ut5dfze67knrt57y256ojkox/app.bsky.feed.post/3lt5fldtxbk2v,https://bsky.app/profile/batski-b.bsky.social/post/3lt5fldtxbk2v,bafyreiew4h7slusbkn67xsronaguvyjxcainywyi65yryqaavn5p4w3ozq,You think pac money is included in political contributions. I Oy also think campaigns are only funded well in comparison to other campaigns. You’re politically illiterate. Stop being publicly stupid. Ffs,2025-07-04T13:58:14.134Z,2025-07-04T13:58:14.736Z,{},0,0,1,did:plc:ut5dfze67knrt57y256ojkox,batski-b.bsky.social,Batski B,0,0,0,2024-11-20T18:51:20.051Z,,False,,False,"""[]""",2025-07-04T14:09:19.489328Z,Vrai,"[0.0018915702821686864, 0.9981083869934082]","[{""label"": ""admiration"", ""score"": 0.0021471302025020123}, {""label"": ""amusement"", ""score"": 0.00325788464397192}, {""label"": ""anger"", ""score"": 0.4679245948791504}, {""label"": ""annoyance"", ""score"": 0.5511484742164612}, {""label"": ""approval"", ""score"": 0.009280851110816002}, {""label"": ""caring"", ""score"": 0.00208224356174469}, {""label"": ""confusion"", ""score"": 0.00402161106467247}, {""label"": ""curiosity"", ""score"": 0.0026390987914055586}, {""label"": ""desire"", ""score"": 0.001161496271379292}, {""label"": ""disappointment"", ""score"": 0.011640704236924648}, {""label"": ""disapproval"", ""score"": 0.05520223081111908}, {""label"": ""disgust"", ""score"": 0.018719127401709557}, {""label"": ""embarrassment"", ""score"": 0.002561847912147641}, {""label"": ""excitement"", ""score"": 0.0008407323039136827}, {""label"": ""fear"", ""score"": 0.000579581072088331}, {""label"": ""gratitude"", ""score"": 0.001222748658619821}, {""label"": ""grief"", ""score"": 0.0003074835112784058}, {""label"": ""joy"", ""score"": 0.0012668316485360265}, {""label"": ""love"", ""score"": 0.0006035252590663731}, {""label"": ""nervousness"", ""score"": 0.0003119772009085864}, {""label"": ""optimism"", ""score"": 0.0032092626206576824}, {""label"": ""pride"", ""score"": 0.0004449087136890739}, {""label"": ""realization"", ""score"": 0.005629106890410185}, {""label"": ""relief"", ""score"": 0.00024004938313737512}, {""label"": ""remorse"", ""score"": 0.00040638496284373105}, {""label"": ""sadness"", ""score"": 0.0017203775933012366}, {""label"": ""surprise"", ""score"": 0.0013872748240828514}, {""label"": ""neutral"", ""score"": 0.1197657510638237}]",annoyance
at://did:plc:ja5rtrsnx4gajwtyohjx7n6n/app.bsky.feed.post/3lt5fkwaesc2y,https://bsky.app/profile/normbnyc.bsky.social/post/3lt5fkwaesc2y,bafyreiaem4xka5axxlhtyup22roudc73rumrr3xryjqhltzv4xy336c2cu,economic retaliation or political retaliation against US athletes who will travel overseas to compete.  The only other solution is: All athletes and spectators must decide if they should attend or not.,2025-07-04T13:57:59.382Z,2025-07-04T13:58:00.571Z,{},0,0,1,did:plc:ja5rtrsnx4gajwtyohjx7n6n,normbnyc.bsky.social,,0,0,0,2024-11-14T23:59:21.750Z,,False,,False,"""[]""",2025-07-04T14:09:19.489429Z,Vrai,"[0.0260473620146513, 0.97395259141922]","[{""label"": ""admiration"", ""score"": 0.0011035100324079394}, {""label"": ""amusement"", ""score"": 0.0012642371002584696}, {""label"": ""anger"", ""score"": 0.0011190040968358517}, {""label"": ""annoyance"", ""score"": 0.0069203185848891735}, {""label"": ""approval"", ""score"": 0.04702652990818024}, {""label"": ""caring"", ""score"": 0.0013760777655988932}, {""label"": ""confusion"", ""score"": 0.13742007315158844}, {""label"": ""curiosity"", ""score"": 0.011090590618550777}, {""label"": ""desire"", ""score"": 0.001414978876709938}, {""label"": ""disappointment"", ""score"": 0.0034748921170830727}, {""label"": ""disapproval"", ""score"": 0.013574804179370403}, {""label"": ""disgust"", ""score"": 0.0013373011024668813}, {""label"": ""embarrassment"", ""score"": 0.0004884827067144215}, {""label"": ""excitement"", ""score"": 0.0005958842812106013}, {""label"": ""fear"", ""score"": 0.0007484037196263671}, {""label"": ""gratitude"", ""score"": 0.0007073493907228112}, {""label"": ""grief"", ""score"": 0.0002500250702723861}, {""label"": ""joy"", ""score"": 0.0007027940591797233}, {""label"": ""love"", ""score"": 0.001235936302691698}, {""label"": ""nervousness"", ""score"": 0.00039892017957754433}, {""label"": ""optimism"", ""score"": 0.009776007384061813}, {""label"": ""pride"", ""score"": 0.00016758816491346806}, {""label"": ""realization"", ""score"": 0.02870851568877697}, {""label"": ""relief"", ""score"": 0.0003252584137953818}, {""label"": ""remorse"", ""score"": 0.0006640244391746819}, {""label"": ""sadness"", ""score"": 0.0010165717685595155}, {""label"": ""surprise"", ""score"": 0.0008960091508924961}, {""label"": ""neutral"", ""score"": 0.8368832468986511}]",neutral
at://did:plc:dizjjl4p6jzh75rogft7r2a6/app.bsky.feed.post/3lt5fkqvss22s,https://bsky.app/profile/therocknrollfarmer.bsky.social/post/3lt5fkqvss22s,bafyreiacdm3cryfehszrzdxwlhnjfrbkkw75256j6adnwwikz565au7ffe,"The definition of Terrorism is the calculated use of violence or the threat of violence to instill fear and coerce governments or societies into fulfilling political, religious, or ideological objectives.   Sounds a lot like the Republican Party",2025-07-04T13:57:54.272Z,2025-07-04T13:57:55.339Z,{},0,0,0,did:plc:dizjjl4p6jzh75rogft7r2a6,therocknrollfarmer.bsky.social,,0,0,0,2025-03-17T00:25:26.245Z,,False,,False,"""[]""",2025-07-04T14:09:19.489447Z,Vrai,"[0.02861567959189415, 0.9713843464851379]","[{""label"": ""admiration"", ""score"": 0.0021046316251158714}, {""label"": ""amusement"", ""score"": 0.0015450301580131054}, {""label"": ""anger"", ""score"": 0.001407064264640212}, {""label"": ""annoyance"", ""score"": 0.011438420973718166}, {""label"": ""approval"", ""score"": 0.08939245343208313}, {""label"": ""caring"", ""score"": 0.0008909140597097576}, {""label"": ""confusion"", ""score"": 0.004207836464047432}, {""label"": ""curiosity"", ""score"": 0.0010826183715835214}, {""label"": ""desire"", ""score"": 0.0012202953221276402}, {""label"": ""disappointment"", ""score"": 0.0028621326200664043}, {""label"": ""disapproval"", ""score"": 0.0028313230723142624}, {""label"": ""disgust"", ""score"": 0.0037505889777094126}, {""label"": ""embarrassment"", ""score"": 0.0009106228826567531}, {""label"": ""excitement"", ""score"": 0.0012868489138782024}, {""label"": ""fear"", ""score"": 0.004189664032310247}, {""label"": ""gratitude"", ""score"": 0.00027737274649553}, {""label"": ""grief"", ""score"": 0.0002865977003239095}, {""label"": ""joy"", ""score"": 0.0008861180394887924}, {""label"": ""love"", ""score"": 0.0007959437789395452}, {""label"": ""nervousness"", ""score"": 0.0008308858377858996}, {""label"": ""optimism"", ""score"": 0.004674606956541538}, {""label"": ""pride"", ""score"": 0.00039520414429716766}, {""label"": ""realization"", ""score"": 0.05033418908715248}, {""label"": ""relief"", ""score"": 0.0005333256558515131}, {""label"": ""remorse"", ""score"": 0.00022838993754703552}, {""label"": ""sadness"", ""score"": 0.0016562719829380512}, {""label"": ""surprise"", ""score"": 0.0011052177287638187}, {""label"": ""neutral"", ""score"": 0.8384055495262146}]",neutral
at://did:plc:7f5jygghs6o2m2cbtshrgtwv/app.bsky.feed.post/3lt5fkj7muc2b,https://bsky.app/profile/gahtao.bsky.social/post/3lt5fkj7muc2b,bafyreicaevmdyrkfk3pysur4z4gqs3jlsf7fgodtosshqmw4buu5hpav3y,He says the same thing in the video.  Not to say clickbait titles aren't ass haha  But he specifically talks to his audience about how it's not actually over and that they should join political organizations etc.,2025-07-04T13:57:46.205Z,2025-07-04T13:57:47.337Z,{},0,0,0,did:plc:7f5jygghs6o2m2cbtshrgtwv,gahtao.bsky.social,Gahtao 💜⭐ (they/them),0,0,0,2024-10-19T10:57:16.611Z,,False,,False,"""[]""",2025-07-04T14:09:19.489463Z,Vrai,"[0.0027283704839646816, 0.9972715973854065]","[{""label"": ""admiration"", ""score"": 0.004180635791271925}, {""label"": ""amusement"", ""score"": 0.6853863000869751}, {""label"": ""anger"", ""score"": 0.0030152045655995607}, {""label"": ""annoyance"", ""score"": 0.02769201248884201}, {""label"": ""approval"", ""score"": 0.03763226047158241}, {""label"": ""caring"", ""score"": 0.0014947548042982817}, {""label"": ""confusion"", ""score"": 0.0016284798039123416}, {""label"": ""curiosity"", ""score"": 0.0012267261045053601}, {""label"": ""desire"", ""score"": 0.0009546339279040694}, {""label"": ""disappointment"", ""score"": 0.0027645111549645662}, {""label"": ""disapproval"", ""score"": 0.007941915653645992}, {""label"": ""disgust"", ""score"": 0.0011867678258568048}, {""label"": ""embarrassment"", ""score"": 0.0008887138683348894}, {""label"": ""excitement"", ""score"": 0.0011697894660755992}, {""label"": ""fear"", ""score"": 0.0002918527170550078}, {""label"": ""gratitude"", ""score"": 0.0006276990752667189}, {""label"": ""grief"", ""score"": 0.00019940412312280387}, {""label"": ""joy"", ""score"": 0.020547010004520416}, {""label"": ""love"", ""score"": 0.0009804429719224572}, {""label"": ""nervousness"", ""score"": 0.00024042432778514922}, {""label"": ""optimism"", ""score"": 0.005347277037799358}, {""label"": ""pride"", ""score"": 0.00034643683466129005}, {""label"": ""realization"", ""score"": 0.012562748044729233}, {""label"": ""relief"", ""score"": 0.0008441792451776564}, {""label"": ""remorse"", ""score"": 0.0003222975938115269}, {""label"": ""sadness"", ""score"": 0.0008642403990961611}, {""label"": ""surprise"", ""score"": 0.0005375565961003304}, {""label"": ""neutral"", ""score"": 0.362612247467041}]",amusement
at://did:plc:axt6mjwyvxthcuqwkheuxwz7/app.bsky.feed.post/3lt5fkdp3h22u,https://bsky.app/profile/noninjaskillz.bsky.social/post/3lt5fkdp3h22u,bafyreieopv4qkg634lh5runulss4gwhaicxxa47r43dcwm6sx4auxhw5fi,"The USA has never seen as corrupt a president as this, America has never seen this much division over the state and the future of our country, America has never seen the entire political class completely disregard the US Constitution.   You'd really better wake up.",2025-07-04T13:57:40.420Z,2025-07-04T13:57:40.944Z,{},0,0,1,did:plc:axt6mjwyvxthcuqwkheuxwz7,noninjaskillz.bsky.social,Pablo Honey,0,0,0,2024-11-14T21:39:13.434Z,,False,,False,"""[]""",2025-07-04T14:09:19.489478Z,Faux,"[0.8948350548744202, 0.10516493022441864]","[{""label"": ""admiration"", ""score"": 0.0021335037890821695}, {""label"": ""amusement"", ""score"": 0.0008224612101912498}, {""label"": ""anger"", ""score"": 0.052185848355293274}, {""label"": ""annoyance"", ""score"": 0.43249571323394775}, {""label"": ""approval"", ""score"": 0.019794441759586334}, {""label"": ""caring"", ""score"": 0.0015367233427241445}, {""label"": ""confusion"", ""score"": 0.0018034556414932013}, {""label"": ""curiosity"", ""score"": 0.0012149960966780782}, {""label"": ""desire"", ""score"": 0.0014369860291481018}, {""label"": ""disappointment"", ""score"": 0.10688790678977966}, {""label"": ""disapproval"", ""score"": 0.09017165750265121}, {""label"": ""disgust"", ""score"": 0.02506467141211033}, {""label"": ""embarrassment"", ""score"": 0.007135498337447643}, {""label"": ""excitement"", ""score"": 0.0008602684247307479}, {""label"": ""fear"", ""score"": 0.0029807647224515676}, {""label"": ""gratitude"", ""score"": 0.0004157639923505485}, {""label"": ""grief"", ""score"": 0.0008034031488932669}, {""label"": ""joy"", ""score"": 0.0007053285953588784}, {""label"": ""love"", ""score"": 0.00047655703383497894}, {""label"": ""nervousness"", ""score"": 0.001177318743430078}, {""label"": ""optimism"", ""score"": 0.004205385688692331}, {""label"": ""pride"", ""score"": 0.0007503117667511106}, {""label"": ""realization"", ""score"": 0.047406360507011414}, {""label"": ""relief"", ""score"": 0.0008608854259364307}, {""label"": ""remorse"", ""score"": 0.00044362698099575937}, {""label"": ""sadness"", ""score"": 0.006583889946341515}, {""label"": ""surprise"", ""score"": 0.006960970815271139}, {""label"": ""neutral"", ""score"": 0.31425967812538147}]",annoyance
at://did:plc:ijx4sqgb6xsav5psg6fskarb/app.bsky.feed.post/3lt5fkdakm227,https://bsky.app/profile/pepperfwoof.bsky.social/post/3lt5fkdakm227,bafyreidzigbah7hoioejnfairndl4wt5suexpxktnzu2sakchhshb233wa,"I don't really know what to say anymore.  Much of what's happening is abuse of power upon our amendments and rights as Americans.  Let alone the political standard is increasingly worrisome.  This isn't about left or right wing political power democracy anymore,  It's a national situation.",2025-07-04T13:57:39.942Z,2025-07-04T13:57:40.144Z,{},0,0,0,did:plc:ijx4sqgb6xsav5psg6fskarb,pepperfwoof.bsky.social,Pepperfwoof,0,0,0,2023-10-09T04:52:30.812Z,,False,,False,"""[]""",2025-07-04T14:09:19.489493Z,Vrai,"[0.028002731502056122, 0.9719973206520081]","[{""label"": ""admiration"", ""score"": 0.0035079328808933496}, {""label"": ""amusement"", ""score"": 0.0019473261199891567}, {""label"": ""anger"", ""score"": 0.011324933730065823}, {""label"": ""annoyance"", ""score"": 0.12133438140153885}, {""label"": ""approval"", ""score"": 0.06721269339323044}, {""label"": ""caring"", ""score"": 0.012429555878043175}, {""label"": ""confusion"", ""score"": 0.3553331792354584}, {""label"": ""curiosity"", ""score"": 0.013236235827207565}, {""label"": ""desire"", ""score"": 0.004569374956190586}, {""label"": ""disappointment"", ""score"": 0.13251101970672607}, {""label"": ""disapproval"", ""score"": 0.0903540775179863}, {""label"": ""disgust"", ""score"": 0.009146763011813164}, {""label"": ""embarrassment"", ""score"": 0.014312147162854671}, {""label"": ""excitement"", ""score"": 0.0044920979999005795}, {""label"": ""fear"", ""score"": 0.12954650819301605}, {""label"": ""gratitude"", ""score"": 0.001004792400635779}, {""label"": ""grief"", ""score"": 0.002491490449756384}, {""label"": ""joy"", ""score"": 0.006612514145672321}, {""label"": ""love"", ""score"": 0.0038103503175079823}, {""label"": ""nervousness"", ""score"": 0.22544915974140167}, {""label"": ""optimism"", ""score"": 0.010349166579544544}, {""label"": ""pride"", ""score"": 0.001409068237990141}, {""label"": ""realization"", ""score"": 0.08400597423315048}, {""label"": ""relief"", ""score"": 0.004921114072203636}, {""label"": ""remorse"", ""score"": 0.004186026751995087}, {""label"": ""sadness"", ""score"": 0.02810068614780903}, {""label"": ""surprise"", ""score"": 0.003875661874189973}, {""label"": ""neutral"", ""score"": 0.055935945361852646}]",confusion
at://did:plc:3mikuxicjvqjplsbzd6k6hky/app.bsky.feed.post/3lt5fk7cobs2m,https://bsky.app/profile/badgernoonan.bsky.social/post/3lt5fk7cobs2m,bafyreigv5wpiqkfrp3jcpldzgwvxathei7cbpgf6kopiclzllgf7qadfre,"Hey, if you have to entertain people from both political parties today, I made this playlist that has Born in the USA, Little Pink Houses, and The Wall. Should keep everyone happy.   open.spotify.com/playlist/0IS...",2025-07-04T13:57:35.819Z,2025-07-04T13:57:35.939Z,"""external=External(description='Playlist \u00b7 Paul Thomas Noonan \u00b7 28 items', title='Playlist for Dems and Cons', uri='https://open.spotify.com/playlist/0IS7PNuxUqMGDRKmdV7iBa?si=paxerdLFR1CNp1xxYvABfQ', thumb=BlobRef(mime_type='image/jpeg', size=678683, ref=IpldLink(link='bafkreicqiahynnclqda33i5lgszvq7q6vdovhxtuqs4h4f3vwv4gy5vnpq'), py_type='blob'), py_type='app.bsky.embed.external#external') py_type='app.bsky.embed.external'""",0,0,2,did:plc:3mikuxicjvqjplsbzd6k6hky,badgernoonan.bsky.social,BadgerNoonan,0,0,0,2023-07-03T04:45:37.296Z,,False,,False,"""[]""",2025-07-04T14:09:19.489775Z,Vrai,"[0.20852211117744446, 0.7914778590202332]","[{""label"": ""admiration"", ""score"": 0.013280941173434258}, {""label"": ""amusement"", ""score"": 0.020145269110798836}, {""label"": ""anger"", ""score"": 0.0012679240899160504}, {""label"": ""annoyance"", ""score"": 0.007844795472919941}, {""label"": ""approval"", ""score"": 0.1691606640815735}, {""label"": ""caring"", ""score"": 0.03946201875805855}, {""label"": ""confusion"", ""score"": 0.0016252101631835103}, {""label"": ""curiosity"", ""score"": 0.0014124163426458836}, {""label"": ""desire"", ""score"": 0.0038815534207969904}, {""label"": ""disappointment"", ""score"": 0.0013302656589075923}, {""label"": ""disapproval"", ""score"": 0.004624532535672188}, {""label"": ""disgust"", ""score"": 0.0004858225001953542}, {""label"": ""embarrassment"", ""score"": 0.0004252601938787848}, {""label"": ""excitement"", ""score"": 0.013852914795279503}, {""label"": ""fear"", ""score"": 0.0005109731573611498}, {""label"": ""gratitude"", ""score"": 0.002631952054798603}, {""label"": ""grief"", ""score"": 0.00047119255759753287}, {""label"": ""joy"", ""score"": 0.4183206856250763}, {""label"": ""love"", ""score"": 0.0029156210366636515}, {""label"": ""nervousness"", ""score"": 0.001092253951355815}, {""label"": ""optimism"", ""score"": 0.026586448773741722}, {""label"": ""pride"", ""score"": 0.0032476752530783415}, {""label"": ""realization"", ""score"": 0.009542321786284447}, {""label"": ""relief"", ""score"": 0.01860082894563675}, {""label"": ""remorse"", ""score"": 0.00039507963811047375}, {""label"": ""sadness"", ""score"": 0.001335653942078352}, {""label"": ""surprise"", ""score"": 0.00039829013985581696}, {""label"": ""neutral"", ""score"": 0.43269118666648865}]",neutral
at://did:plc:onqvaip6eyirhloetaryqoxs/app.bsky.feed.post/3lt5fjwnm3224,https://bsky.app/profile/outeremissary.bsky.social/post/3lt5fjwnm3224,bafyreibjmjceyjywrrl6zo4a63venlmirgtou6zuf5o7heop734ovqqnqi,I'm sorry about all this political bitching. Especially to everyone Not living here. I just. God I need to vent,2025-07-04T13:57:26.741Z,2025-07-04T13:57:28.037Z,{},0,0,1,did:plc:onqvaip6eyirhloetaryqoxs,outeremissary.bsky.social,Emi 🏳️‍⚧️ (they/them),0,0,0,2024-02-28T02:44:12.643Z,,False,,False,"""[]""",2025-07-04T14:09:19.489912Z,Vrai,"[0.006980791222304106, 0.993019163608551]","[{""label"": ""admiration"", ""score"": 0.0033881147392094135}, {""label"": ""amusement"", ""score"": 0.0029108936432749033}, {""label"": ""anger"", ""score"": 0.003661729861050844}, {""label"": ""annoyance"", ""score"": 0.010384702123701572}, {""label"": ""approval"", ""score"": 0.0205464456230402}, {""label"": ""caring"", ""score"": 0.05020515248179436}, {""label"": ""confusion"", ""score"": 0.0056409589014947414}, {""label"": ""curiosity"", ""score"": 0.00952216237783432}, {""label"": ""desire"", ""score"": 0.02737056463956833}, {""label"": ""disappointment"", ""score"": 0.030346188694238663}, {""label"": ""disapproval"", ""score"": 0.012224548496305943}, {""label"": ""disgust"", ""score"": 0.0037534020375460386}, {""label"": ""embarrassment"", ""score"": 0.010130827315151691}, {""label"": ""excitement"", ""score"": 0.0018326499266549945}, {""label"": ""fear"", ""score"": 0.0016199896344915032}, {""label"": ""gratitude"", ""score"": 0.010836190544068813}, {""label"": ""grief"", ""score"": 0.006997805088758469}, {""label"": ""joy"", ""score"": 0.0032904904801398516}, {""label"": ""love"", ""score"": 0.004147165454924107}, {""label"": ""nervousness"", ""score"": 0.005225447006523609}, {""label"": ""optimism"", ""score"": 0.010978763923048973}, {""label"": ""pride"", ""score"": 0.0007224713335745037}, {""label"": ""realization"", ""score"": 0.015481743030250072}, {""label"": ""relief"", ""score"": 0.003002316690981388}, {""label"": ""remorse"", ""score"": 0.7743279933929443}, {""label"": ""sadness"", ""score"": 0.31964072585105896}, {""label"": ""surprise"", ""score"": 0.0009060946758836508}, {""label"": ""neutral"", ""score"": 0.0367610827088356}]",remorse
at://did:plc:oy5oan6r4lit25ol7qrxuls7/app.bsky.feed.post/3lt5fjtmeqk2m,https://bsky.app/profile/planningforall.bsky.social/post/3lt5fjtmeqk2m,bafyreiedc77l3ggqxn26k2ufq4cbh3pmqbe7c5jsvqr4fd4zcdqzvgscaq,AARP needs to get a lot more political in my never to be humble opinion.,2025-07-04T13:57:23.554Z,2025-07-04T13:57:24.241Z,{},1,0,0,did:plc:oy5oan6r4lit25ol7qrxuls7,planningforall.bsky.social,PD Star,0,0,0,2024-11-11T22:48:16.972Z,,False,,False,"""[]""",2025-07-04T14:09:19.490208Z,Vrai,"[0.0048406473360955715, 0.9951593279838562]","[{""label"": ""admiration"", ""score"": 0.0058564008213579655}, {""label"": ""amusement"", ""score"": 0.0014143148437142372}, {""label"": ""anger"", ""score"": 0.0027850973419845104}, {""label"": ""annoyance"", ""score"": 0.029407931491732597}, {""label"": ""approval"", ""score"": 0.08402051031589508}, {""label"": ""caring"", ""score"": 0.004510030150413513}, {""label"": ""confusion"", ""score"": 0.0017510892357677221}, {""label"": ""curiosity"", ""score"": 0.001533996663056314}, {""label"": ""desire"", ""score"": 0.3249526917934418}, {""label"": ""disappointment"", ""score"": 0.01178948674350977}, {""label"": ""disapproval"", ""score"": 0.008159219287335873}, {""label"": ""disgust"", ""score"": 0.00375355570577085}, {""label"": ""embarrassment"", ""score"": 0.0006943186745047569}, {""label"": ""excitement"", ""score"": 0.002768399892374873}, {""label"": ""fear"", ""score"": 0.00097998499404639}, {""label"": ""gratitude"", ""score"": 0.0011214995756745338}, {""label"": ""grief"", ""score"": 0.00039735515019856393}, {""label"": ""joy"", ""score"": 0.0014057959197089076}, {""label"": ""love"", ""score"": 0.002508989768102765}, {""label"": ""nervousness"", ""score"": 0.0006945595960132778}, {""label"": ""optimism"", ""score"": 0.040239352732896805}, {""label"": ""pride"", ""score"": 0.0010869394754990935}, {""label"": ""realization"", ""score"": 0.020441044121980667}, {""label"": ""relief"", ""score"": 0.0009373392094857991}, {""label"": ""remorse"", ""score"": 0.0006983634666539729}, {""label"": ""sadness"", ""score"": 0.0018498931312933564}, {""label"": ""surprise"", ""score"": 0.0005036345100961626}, {""label"": ""neutral"", ""score"": 0.5676748752593994}]",neutral
at://did:plc:b7uxgl3sbkwetbaftto4ct27/app.bsky.feed.post/3lt5fjqlzj32s,https://bsky.app/profile/jbond23.bsky.social/post/3lt5fjqlzj32s,bafyreick3gar4fbtnxvc3prd7rlxk75yboy3chixbn4nwr7eblsgf574ge,"Ukips, coming over here. Wanting to re-invent themselves as some kind of new political party. I think the best and brightest of the Ukips should stay back in history and make that a better place.  Bonus link :",2025-07-04T13:57:19.572Z,2025-07-04T13:57:20.538Z,{},0,0,1,did:plc:b7uxgl3sbkwetbaftto4ct27,jbond23.bsky.social,Signal Noise Ratio 😷🇪🇺🍸 ,0,0,0,2023-08-02T07:47:25.157Z,,False,,False,"""[]""",2025-07-04T14:09:19.490228Z,Vrai,"[0.0657578557729721, 0.9342421889305115]","[{""label"": ""admiration"", ""score"": 0.15667076408863068}, {""label"": ""amusement"", ""score"": 0.0011778026819229126}, {""label"": ""anger"", ""score"": 0.0014895889908075333}, {""label"": ""annoyance"", ""score"": 0.008111369796097279}, {""label"": ""approval"", ""score"": 0.10798658430576324}, {""label"": ""caring"", ""score"": 0.008175845257937908}, {""label"": ""confusion"", ""score"": 0.0017877145437523723}, {""label"": ""curiosity"", ""score"": 0.004269415978342295}, {""label"": ""desire"", ""score"": 0.42893025279045105}, {""label"": ""disappointment"", ""score"": 0.004247359000146389}, {""label"": ""disapproval"", ""score"": 0.005542619153857231}, {""label"": ""disgust"", ""score"": 0.0012683046516031027}, {""label"": ""embarrassment"", ""score"": 0.0002785775577649474}, {""label"": ""excitement"", ""score"": 0.011899690143764019}, {""label"": ""fear"", ""score"": 0.000769701786339283}, {""label"": ""gratitude"", ""score"": 0.00671714823693037}, {""label"": ""grief"", ""score"": 0.00043767099850811064}, {""label"": ""joy"", ""score"": 0.0032206466421484947}, {""label"": ""love"", ""score"": 0.002093133982270956}, {""label"": ""nervousness"", ""score"": 0.000434555287938565}, {""label"": ""optimism"", ""score"": 0.1815471649169922}, {""label"": ""pride"", ""score"": 0.003471030155196786}, {""label"": ""realization"", ""score"": 0.006461968179792166}, {""label"": ""relief"", ""score"": 0.0011601687874644995}, {""label"": ""remorse"", ""score"": 0.0005407839780673385}, {""label"": ""sadness"", ""score"": 0.0012307754950597882}, {""label"": ""surprise"", ""score"": 0.0009239712380804121}, {""label"": ""neutral"", ""score"": 0.1970408856868744}]",desire
at://did:plc:roirfpnuhjeivuzpohiq3nlk/app.bsky.feed.post/3lt5fjkeg222p,https://bsky.app/profile/fake-speeches.bsky.social/post/3lt5fjkeg222p,bafyreihtqzdktm6uaagyftwwyk2gvypdduh33f23737c7scs3prn4xtjdy,"I know now that for political and statistical purposes they would want to count me as Asian, but this doesn’t become clear until youre an adult who’s followed politics  Because the forms ask for your ethnic identity which are poorly defined terms for lots of people, Mamdani and myself included",2025-07-04T13:57:13.856Z,2025-07-04T13:57:14.243Z,{},0,0,0,did:plc:roirfpnuhjeivuzpohiq3nlk,fake-speeches.bsky.social,,0,0,0,2025-01-07T16:50:05.543Z,,False,,False,"""[]""",2025-07-04T14:09:19.490244Z,Vrai,"[0.0010707225883379579, 0.9989293217658997]","[{""label"": ""admiration"", ""score"": 0.0018205478554591537}, {""label"": ""amusement"", ""score"": 0.0017635183176025748}, {""label"": ""anger"", ""score"": 0.0007223546854220331}, {""label"": ""annoyance"", ""score"": 0.006939820945262909}, {""label"": ""approval"", ""score"": 0.05140438303351402}, {""label"": ""caring"", ""score"": 0.0006487505743280053}, {""label"": ""confusion"", ""score"": 0.02357364073395729}, {""label"": ""curiosity"", ""score"": 0.0012790627079084516}, {""label"": ""desire"", ""score"": 0.0007281929720193148}, {""label"": ""disappointment"", ""score"": 0.006305819842964411}, {""label"": ""disapproval"", ""score"": 0.014443657360970974}, {""label"": ""disgust"", ""score"": 0.001315353438258171}, {""label"": ""embarrassment"", ""score"": 0.0009972702246159315}, {""label"": ""excitement"", ""score"": 0.0005980537389405072}, {""label"": ""fear"", ""score"": 0.0007567887078039348}, {""label"": ""gratitude"", ""score"": 0.001114646322093904}, {""label"": ""grief"", ""score"": 0.00033659403561614454}, {""label"": ""joy"", ""score"": 0.0009638549527153373}, {""label"": ""love"", ""score"": 0.0007887238753028214}, {""label"": ""nervousness"", ""score"": 0.00047011132119223475}, {""label"": ""optimism"", ""score"": 0.004133349750190973}, {""label"": ""pride"", ""score"": 0.00034502174821682274}, {""label"": ""realization"", ""score"": 0.16337677836418152}, {""label"": ""relief"", ""score"": 0.0006239952053874731}, {""label"": ""remorse"", ""score"": 0.0006372137577272952}, {""label"": ""sadness"", ""score"": 0.0017697956645861268}, {""label"": ""surprise"", ""score"": 0.001343466923572123}, {""label"": ""neutral"", ""score"": 0.79668790102005}]",neutral
at://did:plc:hnmgazxzwo7fxf3pxfrtwilz/app.bsky.feed.post/3lt5fjdumms2i,https://bsky.app/profile/attyksolnerpearce.bsky.social/post/3lt5fjdumms2i,bafyreidaanbej3f42qssg2x5vl7hidcpkp2uzss2ibjgonytggaexpsexy,"7/2/25: ""Political journalist Legum of Popular Info posted:  'To review: Trump spent all day rounding up votes for his mega bill[.] Trump did not round up enough votes[.]  So the ‘plan’ was just to start voting AND BULLY anyone who votes no until they switch their vote[.] (It could work.)'"" HCR",2025-07-04T13:57:07.048Z,2025-07-04T13:57:07.937Z,{},0,0,0,did:plc:hnmgazxzwo7fxf3pxfrtwilz,attyksolnerpearce.bsky.social,"Kathleen S. Pearce, Atty",0,0,0,2024-11-13T16:01:17.985Z,,False,,False,"""[]""",2025-07-04T14:09:19.490260Z,Vrai,"[0.0037872132379561663, 0.9962128400802612]","[{""label"": ""admiration"", ""score"": 0.0016421675682067871}, {""label"": ""amusement"", ""score"": 0.001977871870622039}, {""label"": ""anger"", ""score"": 0.009947862476110458}, {""label"": ""annoyance"", ""score"": 0.03284153714776039}, {""label"": ""approval"", ""score"": 0.011950204148888588}, {""label"": ""caring"", ""score"": 0.0013182328548282385}, {""label"": ""confusion"", ""score"": 0.001274563604965806}, {""label"": ""curiosity"", ""score"": 0.0007045523379929364}, {""label"": ""desire"", ""score"": 0.0009099884773604572}, {""label"": ""disappointment"", ""score"": 0.006013874430209398}, {""label"": ""disapproval"", ""score"": 0.010368944145739079}, {""label"": ""disgust"", ""score"": 0.0031517655588686466}, {""label"": ""embarrassment"", ""score"": 0.0008574368548579514}, {""label"": ""excitement"", ""score"": 0.0007343072793446481}, {""label"": ""fear"", ""score"": 0.0009390242048539221}, {""label"": ""gratitude"", ""score"": 0.00044852998689748347}, {""label"": ""grief"", ""score"": 0.00033601030008867383}, {""label"": ""joy"", ""score"": 0.0009704977856017649}, {""label"": ""love"", ""score"": 0.000609962735325098}, {""label"": ""nervousness"", ""score"": 0.0002508313918951899}, {""label"": ""optimism"", ""score"": 0.002332374919205904}, {""label"": ""pride"", ""score"": 0.0002751697029452771}, {""label"": ""realization"", ""score"": 0.00588999642059207}, {""label"": ""relief"", ""score"": 0.0002583835448604077}, {""label"": ""remorse"", ""score"": 0.0002843113034032285}, {""label"": ""sadness"", ""score"": 0.002382996492087841}, {""label"": ""surprise"", ""score"": 0.0005445022834464908}, {""label"": ""neutral"", ""score"": 0.9485133290290833}]",neutral
at://did:plc:ialipabgjtpa5ky6eqyxpysv/app.bsky.feed.post/3lt5fizkyrk26,https://bsky.app/profile/jlrodriguez10.bsky.social/post/3lt5fizkyrk26,bafyreidrdxvz5sllgawyc2lk6ftic6cevq77noops55ahgns7usd65vnqa,It sounds like we need to call the electricity company to ask for that because the American public love giving power (of the political kind) to bigots and scammers.,2025-07-04T13:56:56.245Z,2025-07-04T13:56:56.439Z,"""record=Main(cid='bafyreifkleq55obcf3lbji64yaxjztdi4uevmshriz4okijidcloif5uta', uri='at://did:plc:2q2hs5o42jhbd23pp6lkiauh/app.bsky.feed.post/3lt3xgow2fc2b', py_type='com.atproto.repo.strongRef') py_type='app.bsky.embed.record'""",1,0,0,did:plc:ialipabgjtpa5ky6eqyxpysv,jlrodriguez10.bsky.social,Juan L Rodriguez,0,0,0,2024-11-13T20:43:43.173Z,,False,,False,"""[]""",2025-07-04T14:09:20.098548Z,Faux,"[0.9943073391914368, 0.005692666862159967]","[{""label"": ""admiration"", ""score"": 0.002638544188812375}, {""label"": ""amusement"", ""score"": 0.0014713512500748038}, {""label"": ""anger"", ""score"": 0.0048006451688706875}, {""label"": ""annoyance"", ""score"": 0.03690183907747269}, {""label"": ""approval"", ""score"": 0.12277967482805252}, {""label"": ""caring"", ""score"": 0.00259167212061584}, {""label"": ""confusion"", ""score"": 0.0011892506154254079}, {""label"": ""curiosity"", ""score"": 0.0009112534462474287}, {""label"": ""desire"", ""score"": 0.007935340516269207}, {""label"": ""disappointment"", ""score"": 0.006211403291672468}, {""label"": ""disapproval"", ""score"": 0.008105034939944744}, {""label"": ""disgust"", ""score"": 0.0036598187871277332}, {""label"": ""embarrassment"", ""score"": 0.0005626058555208147}, {""label"": ""excitement"", ""score"": 0.0016823314363136888}, {""label"": ""fear"", ""score"": 0.0003882372402586043}, {""label"": ""gratitude"", ""score"": 0.00031353574013337493}, {""label"": ""grief"", ""score"": 0.00023895165941212326}, {""label"": ""joy"", ""score"": 0.001842042780481279}, {""label"": ""love"", ""score"": 0.02915225736796856}, {""label"": ""nervousness"", ""score"": 0.00020704316557385027}, {""label"": ""optimism"", ""score"": 0.005889245308935642}, {""label"": ""pride"", ""score"": 0.00043802824802696705}, {""label"": ""realization"", ""score"": 0.018419954925775528}, {""label"": ""relief"", ""score"": 0.0005262034246698022}, {""label"": ""remorse"", ""score"": 0.00041777771548368037}, {""label"": ""sadness"", ""score"": 0.0013009178219363093}, {""label"": ""surprise"", ""score"": 0.000403212005039677}, {""label"": ""neutral"", ""score"": 0.7663846611976624}]",neutral
at://did:plc:tn2ybrntwxdf5k5a763nhq3k/app.bsky.feed.post/3lt5fit7st224,https://bsky.app/profile/stallfortime.bsky.social/post/3lt5fit7st224,bafyreidihvru4xy4u73ipao726x23cc7owsd56fpmfb7gw5hovhwcbhwda,Political dissidents are the target. Immigrants are a smoke screen easier to sell. Because there is no other reason for an army that size unless he plans to attack blue cities,2025-07-04T13:56:49.588Z,2025-07-04T13:56:50.537Z,{},0,0,0,did:plc:tn2ybrntwxdf5k5a763nhq3k,stallfortime.bsky.social,Stallfortime,0,0,0,2023-11-09T10:54:12.713Z,,False,,False,"""[]""",2025-07-04T14:09:20.098697Z,Vrai,"[0.015718212351202965, 0.9842817187309265]","[{""label"": ""admiration"", ""score"": 0.0014070381876081228}, {""label"": ""amusement"", ""score"": 0.0009391860803589225}, {""label"": ""anger"", ""score"": 0.0022422161418944597}, {""label"": ""annoyance"", ""score"": 0.016833996400237083}, {""label"": ""approval"", ""score"": 0.04878324270248413}, {""label"": ""caring"", ""score"": 0.0009215293102897704}, {""label"": ""confusion"", ""score"": 0.0017668362706899643}, {""label"": ""curiosity"", ""score"": 0.0005705630755983293}, {""label"": ""desire"", ""score"": 0.0007289446075446904}, {""label"": ""disappointment"", ""score"": 0.005835085175931454}, {""label"": ""disapproval"", ""score"": 0.022541353479027748}, {""label"": ""disgust"", ""score"": 0.001908092643134296}, {""label"": ""embarrassment"", ""score"": 0.0005277899326756597}, {""label"": ""excitement"", ""score"": 0.00039715442107990384}, {""label"": ""fear"", ""score"": 0.0007999257650226355}, {""label"": ""gratitude"", ""score"": 0.0003985159273725003}, {""label"": ""grief"", ""score"": 0.0002596924896351993}, {""label"": ""joy"", ""score"": 0.0006196727626956999}, {""label"": ""love"", ""score"": 0.0005838268552906811}, {""label"": ""nervousness"", ""score"": 0.00024477409897372127}, {""label"": ""optimism"", ""score"": 0.002740174066275358}, {""label"": ""pride"", ""score"": 0.0002180872979806736}, {""label"": ""realization"", ""score"": 0.023126985877752304}, {""label"": ""relief"", ""score"": 0.00035176961682736874}, {""label"": ""remorse"", ""score"": 0.0002622745814733207}, {""label"": ""sadness"", ""score"": 0.0019103569211438298}, {""label"": ""surprise"", ""score"": 0.000413873785873875}, {""label"": ""neutral"", ""score"": 0.8994578123092651}]",neutral
at://did:plc:wul5ybbbdrxepdwsk546ul5o/app.bsky.feed.post/3lt5fiqbdf22i,https://bsky.app/profile/libradunn1.bsky.social/post/3lt5fiqbdf22i,bafyreihvmbhhlcvfchqolkwhchvmj4pqm6ho6vutudmtqkvjfvwml727mq,"On the eve of the celebration of our ""freedom"" I spoke at a rally in Frederick Maryland, in which we all sang in unison, no one is free until we all are free. That includes freedom of political persecution, freedom to love who you want, freedom from opression and a host of many other things.",2025-07-04T13:56:46.475Z,2025-07-04T13:56:53.744Z,"""images=[Image(alt='', image=BlobRef(mime_type='image/jpeg', size=979732, ref=IpldLink(link='bafkreibpngz2c4m4ixt7fsixzd2n6emgncwq7ep7wl7hck2sekb4zywqwq'), py_type='blob'), aspect_ratio=AspectRatio(height=2000, width=1500, py_type='app.bsky.embed.defs#aspectRatio'), py_type='app.bsky.embed.images#image'), Image(alt='', image=BlobRef(mime_type='image/jpeg', size=983035, ref=IpldLink(link='bafkreiboma5tixib26ijmlkj5bu4ihtjfnce4ggvlwrr77s5pekwiswhvy'), py_type='blob'), aspect_ratio=AspectRatio(height=2000, width=1500, py_type='app.bsky.embed.defs#aspectRatio'), py_type='app.bsky.embed.images#image'), Image(alt='', image=BlobRef(mime_type='image/jpeg', size=947583, ref=IpldLink(link='bafkreicgisaq372rz4zcnp5yvwzazjrg2cd5fyqhavrrddwlhtzoe5c4gy'), py_type='blob'), aspect_ratio=AspectRatio(height=2000, width=1500, py_type='app.bsky.embed.defs#aspectRatio'), py_type='app.bsky.embed.images#image'), Image(alt='', image=BlobRef(mime_type='image/jpeg', size=647444, ref=IpldLink(link='bafkreig32p7dmc5l3iyqf7hcsicx54picxyb2uhwcyim3mysf4djbjjklm'), py_type='blob'), aspect_ratio=AspectRatio(height=1347, width=1079, py_type='app.bsky.embed.defs#aspectRatio'), py_type='app.bsky.embed.images#image')] py_type='app.bsky.embed.images'""",245,34,9,did:plc:wul5ybbbdrxepdwsk546ul5o,libradunn1.bsky.social,Harry Dunn,0,0,0,2024-11-10T22:17:23.088Z,,False,,False,"""[]""",2025-07-04T14:09:20.098861Z,Vrai,"[0.004522876814007759, 0.9954771399497986]","[{""label"": ""admiration"", ""score"": 0.01994583010673523}, {""label"": ""amusement"", ""score"": 0.0021589992102235556}, {""label"": ""anger"", ""score"": 0.0015247404808178544}, {""label"": ""annoyance"", ""score"": 0.0047888136468827724}, {""label"": ""approval"", ""score"": 0.14082171022891998}, {""label"": ""caring"", ""score"": 0.007956855930387974}, {""label"": ""confusion"", ""score"": 0.00147513288538903}, {""label"": ""curiosity"", ""score"": 0.0012495992705225945}, {""label"": ""desire"", ""score"": 0.0076154558919370174}, {""label"": ""disappointment"", ""score"": 0.0015680036740377545}, {""label"": ""disapproval"", ""score"": 0.001714717480354011}, {""label"": ""disgust"", ""score"": 0.0006972993724048138}, {""label"": ""embarrassment"", ""score"": 0.001061691204085946}, {""label"": ""excitement"", ""score"": 0.19819562137126923}, {""label"": ""fear"", ""score"": 0.0019161015516147017}, {""label"": ""gratitude"", ""score"": 0.005872254725545645}, {""label"": ""grief"", ""score"": 0.0013851533876731992}, {""label"": ""joy"", ""score"": 0.3825007975101471}, {""label"": ""love"", ""score"": 0.011270388029515743}, {""label"": ""nervousness"", ""score"": 0.0025190687738358974}, {""label"": ""optimism"", ""score"": 0.01231209933757782}, {""label"": ""pride"", ""score"": 0.01839916594326496}, {""label"": ""realization"", ""score"": 0.023234069347381592}, {""label"": ""relief"", ""score"": 0.021042631939053535}, {""label"": ""remorse"", ""score"": 0.0005352522130124271}, {""label"": ""sadness"", ""score"": 0.002326052403077483}, {""label"": ""surprise"", ""score"": 0.0044584427960217}, {""label"": ""neutral"", ""score"": 0.22944287955760956}]",joy
at://did:plc:dwskacdwujnwco7di2o7zpdx/app.bsky.feed.post/3lt5fihscjs2o,https://bsky.app/profile/fatassyote.bsky.social/post/3lt5fihscjs2o,bafyreia73olzrhxl75l2xxha7kzdjr7pmom7p5jubmsv4dfpge4hntmvke,"If you're gonna be political don't follow me, this is a fetish art account",2025-07-04T13:56:37.612Z,2025-07-04T13:56:38.936Z,{},0,0,0,did:plc:dwskacdwujnwco7di2o7zpdx,fatassyote.bsky.social,Sage,0,0,0,2024-10-19T12:11:20.707Z,,False,,False,"""[]""",2025-07-04T14:09:20.098891Z,Faux,"[0.9746628999710083, 0.025337019935250282]","[{""label"": ""admiration"", ""score"": 0.0013298069825395942}, {""label"": ""amusement"", ""score"": 0.0011945848818868399}, {""label"": ""anger"", ""score"": 0.03836285322904587}, {""label"": ""annoyance"", ""score"": 0.17612649500370026}, {""label"": ""approval"", ""score"": 0.03917134553194046}, {""label"": ""caring"", ""score"": 0.003735489211976528}, {""label"": ""confusion"", ""score"": 0.002090523252263665}, {""label"": ""curiosity"", ""score"": 0.000879053259268403}, {""label"": ""desire"", ""score"": 0.000975153932813555}, {""label"": ""disappointment"", ""score"": 0.012101839296519756}, {""label"": ""disapproval"", ""score"": 0.30342480540275574}, {""label"": ""disgust"", ""score"": 0.0043159662745893}, {""label"": ""embarrassment"", ""score"": 0.0010973555035889149}, {""label"": ""excitement"", ""score"": 0.0006824495503678918}, {""label"": ""fear"", ""score"": 0.0006202993681654334}, {""label"": ""gratitude"", ""score"": 0.0005374161992222071}, {""label"": ""grief"", ""score"": 0.00023081946710590273}, {""label"": ""joy"", ""score"": 0.0011207211064174771}, {""label"": ""love"", ""score"": 0.0007051266147755086}, {""label"": ""nervousness"", ""score"": 0.0003288327716290951}, {""label"": ""optimism"", ""score"": 0.0032976872753351927}, {""label"": ""pride"", ""score"": 0.00034777840483002365}, {""label"": ""realization"", ""score"": 0.008848914876580238}, {""label"": ""relief"", ""score"": 0.00047762959729880095}, {""label"": ""remorse"", ""score"": 0.0002221848990302533}, {""label"": ""sadness"", ""score"": 0.0014072626363486052}, {""label"": ""surprise"", ""score"": 0.0004998961230739951}, {""label"": ""neutral"", ""score"": 0.5103763937950134}]",neutral
at://did:plc:bqia5rttu545wiykvtifver5/app.bsky.feed.post/3lt5fie3mok25,https://bsky.app/profile/d08890.bsky.social/post/3lt5fie3mok25,bafyreibzlhxndjttckabgusbt4ulfbb2qkte6qsv2lsq66vca322megw6m,"genuinely impressed at how much understanding and charitable interpretation everybody's willing to give this poor, disadvantaged, working-class candidate, who has risen on his own merits from nowhere, with no privileged background, to come a hair's breadth away from high political office",2025-07-04T13:56:33.723Z,2025-07-04T13:56:34.541Z,{},0,0,1,did:plc:bqia5rttu545wiykvtifver5,d08890.bsky.social,"N. Bourbaki, Dr Chad Latino",0,0,0,2023-05-18T20:38:02.239Z,,False,,False,"""[]""",2025-07-04T14:09:20.098917Z,Vrai,"[0.0022414191626012325, 0.9977585077285767]","[{""label"": ""admiration"", ""score"": 0.7387729287147522}, {""label"": ""amusement"", ""score"": 0.00044348620576784015}, {""label"": ""anger"", ""score"": 0.002074016025289893}, {""label"": ""annoyance"", ""score"": 0.0150469820946455}, {""label"": ""approval"", ""score"": 0.10444464534521103}, {""label"": ""caring"", ""score"": 0.0029074496123939753}, {""label"": ""confusion"", ""score"": 0.001307769096456468}, {""label"": ""curiosity"", ""score"": 0.0009561963379383087}, {""label"": ""desire"", ""score"": 0.0018430618802085519}, {""label"": ""disappointment"", ""score"": 0.0235699862241745}, {""label"": ""disapproval"", ""score"": 0.018284142017364502}, {""label"": ""disgust"", ""score"": 0.0018889436032623053}, {""label"": ""embarrassment"", ""score"": 0.0015289568109437823}, {""label"": ""excitement"", ""score"": 0.0020844421815127134}, {""label"": ""fear"", ""score"": 0.0007669386686757207}, {""label"": ""gratitude"", ""score"": 0.026774898171424866}, {""label"": ""grief"", ""score"": 0.0010092618176713586}, {""label"": ""joy"", ""score"": 0.0013965240214020014}, {""label"": ""love"", ""score"": 0.000790854508522898}, {""label"": ""nervousness"", ""score"": 0.00022323282610159367}, {""label"": ""optimism"", ""score"": 0.014078781940042973}, {""label"": ""pride"", ""score"": 0.009492149576544762}, {""label"": ""realization"", ""score"": 0.025370744988322258}, {""label"": ""relief"", ""score"": 0.0023846407420933247}, {""label"": ""remorse"", ""score"": 0.0010243176948279142}, {""label"": ""sadness"", ""score"": 0.002822475740686059}, {""label"": ""surprise"", ""score"": 0.003220844315364957}, {""label"": ""neutral"", ""score"": 0.1900750994682312}]",admiration
at://did:plc:f233gewrunwymvpw6ymdxwrv/app.bsky.feed.post/3lt5ficwqyk24,https://bsky.app/profile/stateofthecity.bsky.social/post/3lt5ficwqyk24,bafyreihaqo4e46s7x2pgauab3sn7vz3nenvqmmc54pz3c6xncw2ezw4dki,"2/ ACTUALLY doing it fast (Cheonggyecheon comes to mind as another good example hell, even Winnipeg's crazy single-day transformation of our bus schedule last week comes to mind) has an important political virtue: beneficiaries experience benefits just as quickly as the critics see flaws to attack.",2025-07-04T13:56:32.501Z,2025-07-04T13:56:32.960Z,{},2,0,1,did:plc:f233gewrunwymvpw6ymdxwrv,stateofthecity.bsky.social,Brian F. Kelcey,0,0,0,2024-11-07T02:59:27.282Z,,False,,False,"""[]""",2025-07-04T14:09:20.099031Z,Vrai,"[0.0011462615802884102, 0.9988536834716797]","[{""label"": ""admiration"", ""score"": 0.030833672732114792}, {""label"": ""amusement"", ""score"": 0.0009898542193695903}, {""label"": ""anger"", ""score"": 0.0010381626198068261}, {""label"": ""annoyance"", ""score"": 0.009874297305941582}, {""label"": ""approval"", ""score"": 0.33230501413345337}, {""label"": ""caring"", ""score"": 0.0024568336084485054}, {""label"": ""confusion"", ""score"": 0.0005831329035572708}, {""label"": ""curiosity"", ""score"": 0.00042945827590301633}, {""label"": ""desire"", ""score"": 0.0013014519354328513}, {""label"": ""disappointment"", ""score"": 0.0038978999946266413}, {""label"": ""disapproval"", ""score"": 0.0041044894605875015}, {""label"": ""disgust"", ""score"": 0.001515060430392623}, {""label"": ""embarrassment"", ""score"": 0.0005250612739473581}, {""label"": ""excitement"", ""score"": 0.0017749614780768752}, {""label"": ""fear"", ""score"": 0.0005223111947998405}, {""label"": ""gratitude"", ""score"": 0.0016426343936473131}, {""label"": ""grief"", ""score"": 0.0003087946679443121}, {""label"": ""joy"", ""score"": 0.0020762081257998943}, {""label"": ""love"", ""score"": 0.0010841551702469587}, {""label"": ""nervousness"", ""score"": 0.00026858600904233754}, {""label"": ""optimism"", ""score"": 0.006820230279117823}, {""label"": ""pride"", ""score"": 0.0024334746412932873}, {""label"": ""realization"", ""score"": 0.04088931903243065}, {""label"": ""relief"", ""score"": 0.0022791405208408833}, {""label"": ""remorse"", ""score"": 0.0003603986115194857}, {""label"": ""sadness"", ""score"": 0.0010632640914991498}, {""label"": ""surprise"", ""score"": 0.0006044785841368139}, {""label"": ""neutral"", ""score"": 0.7420321106910706}]",neutral
at://did:plc:f233gewrunwymvpw6ymdxwrv/app.bsky.feed.post/3lt5ficwdd224,https://bsky.app/profile/stateofthecity.bsky.social/post/3lt5ficwdd224,bafyreiao3a3hrokmo2lbcqav2xij6wxasgbd37sowsp4wqz2rqjudxrz4u,"Thread - although in the NYC congestion pricing case, and others, I'd add a ""Kelcey's Law""* caveat: it's not just a matter of doing it; it must be done FAST, within a single political cycle, or you're int trouble. The mistake is often to ""do it!"" but in baby steps to prove X or Y point first. 1/3",2025-07-04T13:56:32.500Z,2025-07-04T13:56:32.936Z,"""record=Main(cid='bafyreif67r6seojjlnm2uvi7upi4pnrcp6s5j3kbyqmgrbi4vjspbaikge', uri='at://did:plc:y3xjyk7cpvapkcgtblns3oo6/app.bsky.feed.post/3lt5dgzzxs22s', py_type='com.atproto.repo.strongRef') py_type='app.bsky.embed.record'""",6,2,2,did:plc:f233gewrunwymvpw6ymdxwrv,stateofthecity.bsky.social,Brian F. Kelcey,0,0,0,2024-11-07T02:59:27.282Z,,False,,False,"""[]""",2025-07-04T14:09:20.099106Z,Vrai,"[0.001124776084907353, 0.9988752007484436]","[{""label"": ""admiration"", ""score"": 0.0011476732324808836}, {""label"": ""amusement"", ""score"": 0.0008100441773422062}, {""label"": ""anger"", ""score"": 0.0013027862878516316}, {""label"": ""annoyance"", ""score"": 0.017139695584774017}, {""label"": ""approval"", ""score"": 0.08943866193294525}, {""label"": ""caring"", ""score"": 0.012344405986368656}, {""label"": ""confusion"", ""score"": 0.004856224171817303}, {""label"": ""curiosity"", ""score"": 0.0006924202316440642}, {""label"": ""desire"", ""score"": 0.0015368543099611998}, {""label"": ""disappointment"", ""score"": 0.010100399143993855}, {""label"": ""disapproval"", ""score"": 0.0347895622253418}, {""label"": ""disgust"", ""score"": 0.001206758664920926}, {""label"": ""embarrassment"", ""score"": 0.0008753532893024385}, {""label"": ""excitement"", ""score"": 0.0003478503494989127}, {""label"": ""fear"", ""score"": 0.002526277443394065}, {""label"": ""gratitude"", ""score"": 0.0006461965385824442}, {""label"": ""grief"", ""score"": 0.00042615749407559633}, {""label"": ""joy"", ""score"": 0.0006893533281981945}, {""label"": ""love"", ""score"": 0.0003876824921462685}, {""label"": ""nervousness"", ""score"": 0.0012940499000251293}, {""label"": ""optimism"", ""score"": 0.02668016590178013}, {""label"": ""pride"", ""score"": 0.0004149882879573852}, {""label"": ""realization"", ""score"": 0.05449923872947693}, {""label"": ""relief"", ""score"": 0.0016046109376475215}, {""label"": ""remorse"", ""score"": 0.0009277724893763661}, {""label"": ""sadness"", ""score"": 0.0027718194760382175}, {""label"": ""surprise"", ""score"": 0.00043189016287215054}, {""label"": ""neutral"", ""score"": 0.822176456451416}]",neutral
at://did:plc:wipivkjqrqnrv6wd72k5x376/app.bsky.feed.post/3lt5fi4nwac27,https://bsky.app/profile/drkeim.bsky.social/post/3lt5fi4nwac27,bafyreib6rams7bpgucdyergesdklbnrmijwjueaaw2osboawfqxv4mk3se,"I’m starting to think I need to become a democratic strategist. 🤷🏻‍♀️  *when you’ve lived and worked all over the US (SC, GA, CA, MO, NC, WA, VA, ME, AZ) providing mental health services to all political viewpoints you learn a lot…",2025-07-04T13:56:25.933Z,2025-07-04T13:56:26.438Z,{},1,0,0,did:plc:wipivkjqrqnrv6wd72k5x376,drkeim.bsky.social,Dr. Kristin Keim,0,0,0,2025-01-31T04:25:25.045Z,,False,,False,"""[]""",2025-07-04T14:09:20.099136Z,Vrai,"[0.013052694499492645, 0.9869472980499268]","[{""label"": ""admiration"", ""score"": 0.007036775816231966}, {""label"": ""amusement"", ""score"": 0.002048529451712966}, {""label"": ""anger"", ""score"": 0.0009270515292882919}, {""label"": ""annoyance"", ""score"": 0.008022737689316273}, {""label"": ""approval"", ""score"": 0.3512389659881592}, {""label"": ""caring"", ""score"": 0.006498513277620077}, {""label"": ""confusion"", ""score"": 0.00421549566090107}, {""label"": ""curiosity"", ""score"": 0.0015984602505341172}, {""label"": ""desire"", ""score"": 0.018420904874801636}, {""label"": ""disappointment"", ""score"": 0.005187199916690588}, {""label"": ""disapproval"", ""score"": 0.003947751596570015}, {""label"": ""disgust"", ""score"": 0.0018900837749242783}, {""label"": ""embarrassment"", ""score"": 0.0014271254185587168}, {""label"": ""excitement"", ""score"": 0.00625245738774538}, {""label"": ""fear"", ""score"": 0.0052706459537148476}, {""label"": ""gratitude"", ""score"": 0.0005290355184115469}, {""label"": ""grief"", ""score"": 0.0007852718699723482}, {""label"": ""joy"", ""score"": 0.0038339036982506514}, {""label"": ""love"", ""score"": 0.0027404152788221836}, {""label"": ""nervousness"", ""score"": 0.0043432703241705894}, {""label"": ""optimism"", ""score"": 0.1127624362707138}, {""label"": ""pride"", ""score"": 0.003378316992893815}, {""label"": ""realization"", ""score"": 0.2026226818561554}, {""label"": ""relief"", ""score"": 0.005021040793508291}, {""label"": ""remorse"", ""score"": 0.0009124245843850076}, {""label"": ""sadness"", ""score"": 0.0025940558407455683}, {""label"": ""surprise"", ""score"": 0.002149932086467743}, {""label"": ""neutral"", ""score"": 0.45002809166908264}]",neutral
at://did:plc:thzoh553ch42cokov7h2pf7l/app.bsky.feed.post/3lt5fhueabs26,https://bsky.app/profile/om64.bsky.social/post/3lt5fhueabs26,bafyreigx65uushxjcqomacghfb2qinau4acf6cajmyt7u3ca5h627jkzru,Jeremy Corbyn failed to get elected as PM twice and despite the circumstances should not be heading another political party based on that. He fucked up and so should fuck off and give someone else a go if he still thinks electoral politics is something he can compete in (lol),2025-07-04T13:56:17.228Z,2025-07-04T13:56:16.736Z,{},0,0,1,did:plc:thzoh553ch42cokov7h2pf7l,om64.bsky.social,,0,0,0,2023-08-07T12:33:03.005Z,,False,,False,"""[]""",2025-07-04T14:09:20.099477Z,Vrai,"[0.0006774066714569926, 0.9993226528167725]","[{""label"": ""admiration"", ""score"": 0.0022408340591937304}, {""label"": ""amusement"", ""score"": 0.25697535276412964}, {""label"": ""anger"", ""score"": 0.26223060488700867}, {""label"": ""annoyance"", ""score"": 0.422467440366745}, {""label"": ""approval"", ""score"": 0.005498815327882767}, {""label"": ""caring"", ""score"": 0.002409403445199132}, {""label"": ""confusion"", ""score"": 0.003247926477342844}, {""label"": ""curiosity"", ""score"": 0.00270423898473382}, {""label"": ""desire"", ""score"": 0.0022972668521106243}, {""label"": ""disappointment"", ""score"": 0.019627198576927185}, {""label"": ""disapproval"", ""score"": 0.05152367800474167}, {""label"": ""disgust"", ""score"": 0.014990859664976597}, {""label"": ""embarrassment"", ""score"": 0.004171250853687525}, {""label"": ""excitement"", ""score"": 0.0012815361842513084}, {""label"": ""fear"", ""score"": 0.0005817275959998369}, {""label"": ""gratitude"", ""score"": 0.0007441038032993674}, {""label"": ""grief"", ""score"": 0.0003453990211710334}, {""label"": ""joy"", ""score"": 0.007056711707264185}, {""label"": ""love"", ""score"": 0.001100251916795969}, {""label"": ""nervousness"", ""score"": 0.00047331847599707544}, {""label"": ""optimism"", ""score"": 0.006502149626612663}, {""label"": ""pride"", ""score"": 0.0005721562774851918}, {""label"": ""realization"", ""score"": 0.00659668305888772}, {""label"": ""relief"", ""score"": 0.0004472685104701668}, {""label"": ""remorse"", ""score"": 0.0007147548021748662}, {""label"": ""sadness"", ""score"": 0.002476105932146311}, {""label"": ""surprise"", ""score"": 0.0014276608126237988}, {""label"": ""neutral"", ""score"": 0.11391223222017288}]",annoyance
at://did:plc:7usnmvfgeb4oczsuxp2i2ktl/app.bsky.feed.post/3lt5fhfs2cs2a,https://bsky.app/profile/morrbeat.bsky.social/post/3lt5fhfs2cs2a,bafyreih3smsal5xbvsumzdiyweywrg5j5tjlc2ci4h57ug2je3nfuzsjue,"HEADS OF STATE is a perfectly decent buddy action movie with some nicely soundtracked sequences, but the political side of things is so convoluted - just to get to a place where we can enjoy a generic “we’re on the run and the bad guys want us dead” setup - it’s probably good that democracy is dead",2025-07-04T13:56:01.951Z,2025-07-04T13:56:05.239Z,{},0,0,1,did:plc:7usnmvfgeb4oczsuxp2i2ktl,morrbeat.bsky.social,Anthony Morris,0,0,0,2023-07-24T07:08:45.484Z,,False,,False,"""[]""",2025-07-04T14:09:20.100658Z,Vrai,"[0.005744848400354385, 0.9942551255226135]","[{""label"": ""admiration"", ""score"": 0.14511336386203766}, {""label"": ""amusement"", ""score"": 0.00659286230802536}, {""label"": ""anger"", ""score"": 0.004866116680204868}, {""label"": ""annoyance"", ""score"": 0.08762697875499725}, {""label"": ""approval"", ""score"": 0.2192552536725998}, {""label"": ""caring"", ""score"": 0.0033953904639929533}, {""label"": ""confusion"", ""score"": 0.0013883935753256083}, {""label"": ""curiosity"", ""score"": 0.0005006777355447412}, {""label"": ""desire"", ""score"": 0.004954770673066378}, {""label"": ""disappointment"", ""score"": 0.07687375694513321}, {""label"": ""disapproval"", ""score"": 0.02411963976919651}, {""label"": ""disgust"", ""score"": 0.0031345721799880266}, {""label"": ""embarrassment"", ""score"": 0.0015698733041062951}, {""label"": ""excitement"", ""score"": 0.005481049884110689}, {""label"": ""fear"", ""score"": 0.0005773280281573534}, {""label"": ""gratitude"", ""score"": 0.0023316650185734034}, {""label"": ""grief"", ""score"": 0.001570504275150597}, {""label"": ""joy"", ""score"": 0.1593630462884903}, {""label"": ""love"", ""score"": 0.0045274668373167515}, {""label"": ""nervousness"", ""score"": 0.0012454765383154154}, {""label"": ""optimism"", ""score"": 0.0071440874598920345}, {""label"": ""pride"", ""score"": 0.010375195182859898}, {""label"": ""realization"", ""score"": 0.0354008786380291}, {""label"": ""relief"", ""score"": 0.020322740077972412}, {""label"": ""remorse"", ""score"": 0.0005397250060923398}, {""label"": ""sadness"", ""score"": 0.008410201407968998}, {""label"": ""surprise"", ""score"": 0.0008424620609730482}, {""label"": ""neutral"", ""score"": 0.15883201360702515}]",approval
at://did:plc:pzmr4wksc5sgkvuaw4trswhh/app.bsky.feed.post/3lt5fhcf3yc2l,https://bsky.app/profile/seaglasgal1.bsky.social/post/3lt5fhcf3yc2l,bafyreihgvuuzn3r3ryongdmapi4bnqhmpqrswg6grgyepfhx7eglh6gbdm,"So many people have lost the ability to be ""critical thinkers"" They question NOTHING and go along with whatever their news, political affiliation, spouse, religion, friends, or and social media pages tells them to believe..",2025-07-04T13:55:58.364Z,2025-07-04T13:56:03.239Z,"""images=[Image(alt='', image=BlobRef(mime_type='image/jpeg', size=331316, ref=IpldLink(link='bafkreiagu647pvozui6rhxxnqnyhxeb7wyzl754zfd2wf2uaqtopjo4riu'), py_type='blob'), aspect_ratio=AspectRatio(height=1297, width=1080, py_type='app.bsky.embed.defs#aspectRatio'), py_type='app.bsky.embed.images#image'), Image(alt='', image=BlobRef(mime_type='image/jpeg', size=152000, ref=IpldLink(link='bafkreihoy75yyyptywpie52cm5igcrvuvx5cce7whhg3lj2rdewiuta7y4'), py_type='blob'), aspect_ratio=AspectRatio(height=636, width=1080, py_type='app.bsky.embed.defs#aspectRatio'), py_type='app.bsky.embed.images#image'), Image(alt='', image=BlobRef(mime_type='image/jpeg', size=186924, ref=IpldLink(link='bafkreib5blrwl2grngiq3fwz4riytso2as67pbgdlnxcylzcjwh4zsrb5y'), py_type='blob'), aspect_ratio=AspectRatio(height=920, width=1080, py_type='app.bsky.embed.defs#aspectRatio'), py_type='app.bsky.embed.images#image')] py_type='app.bsky.embed.images'""",0,0,0,did:plc:pzmr4wksc5sgkvuaw4trswhh,seaglasgal1.bsky.social,WestCoastSeaGlasGal,0,0,0,2024-11-15T21:32:45.346Z,,False,,False,"""[]""",2025-07-04T14:09:20.100835Z,Vrai,"[0.32652509212493896, 0.673474907875061]","[{""label"": ""admiration"", ""score"": 0.0015490471851080656}, {""label"": ""amusement"", ""score"": 0.0008870848687365651}, {""label"": ""anger"", ""score"": 0.00591104943305254}, {""label"": ""annoyance"", ""score"": 0.07320437580347061}, {""label"": ""approval"", ""score"": 0.02969537489116192}, {""label"": ""caring"", ""score"": 0.0022043471690267324}, {""label"": ""confusion"", ""score"": 0.0036862357519567013}, {""label"": ""curiosity"", ""score"": 0.0011278926394879818}, {""label"": ""desire"", ""score"": 0.0010506084654480219}, {""label"": ""disappointment"", ""score"": 0.2320661097764969}, {""label"": ""disapproval"", ""score"": 0.020886577665805817}, {""label"": ""disgust"", ""score"": 0.0034956380259245634}, {""label"": ""embarrassment"", ""score"": 0.003808271372690797}, {""label"": ""excitement"", ""score"": 0.0002862121327780187}, {""label"": ""fear"", ""score"": 0.0018416879465803504}, {""label"": ""gratitude"", ""score"": 0.00044729516957886517}, {""label"": ""grief"", ""score"": 0.0023261297028511763}, {""label"": ""joy"", ""score"": 0.0010393615812063217}, {""label"": ""love"", ""score"": 0.0008560286369174719}, {""label"": ""nervousness"", ""score"": 0.002032090211287141}, {""label"": ""optimism"", ""score"": 0.00429427158087492}, {""label"": ""pride"", ""score"": 0.00047595796058885753}, {""label"": ""realization"", ""score"": 0.07700818032026291}, {""label"": ""relief"", ""score"": 0.0016858709277585149}, {""label"": ""remorse"", ""score"": 0.0029373331926763058}, {""label"": ""sadness"", ""score"": 0.07880803942680359}, {""label"": ""surprise"", ""score"": 0.0010202436242252588}, {""label"": ""neutral"", ""score"": 0.6125132441520691}]",neutral
at://did:plc:p65oj6qr4g3tj5tqfzfhzpv4/app.bsky.feed.post/3lt5fgxmzak2h,https://bsky.app/profile/sheethaduskrunner.bsky.social/post/3lt5fgxmzak2h,bafyreideeujb66tw4kld7kkzhsh3z52t32bqxnfyw7u7l3yq3neq5tclw4,The human DNA has no 'dredges'. To ascribe political (or any other) convictions to genetics is unscientific and disregards a human's capacity for learning (or being manipulated).  To become like the opponent is in the end a win for the opponent. A win for Trump and his Evangelical Caliphate goons.,2025-07-04T13:55:47.107Z,2025-07-04T13:55:47.444Z,{},0,0,1,did:plc:p65oj6qr4g3tj5tqfzfhzpv4,sheethaduskrunner.bsky.social,,0,0,0,2024-11-20T20:30:24.797Z,,False,,False,"""[]""",2025-07-04T14:09:20.101194Z,Opinion personnelle,"[0.49552789330482483, 0.5044721364974976]","[{""label"": ""admiration"", ""score"": 0.0025864706840366125}, {""label"": ""amusement"", ""score"": 0.0008584718452766538}, {""label"": ""anger"", ""score"": 0.00828288309276104}, {""label"": ""annoyance"", ""score"": 0.09791992604732513}, {""label"": ""approval"", ""score"": 0.04497746750712395}, {""label"": ""caring"", ""score"": 0.001184898312203586}, {""label"": ""confusion"", ""score"": 0.0028701373375952244}, {""label"": ""curiosity"", ""score"": 0.0006210532737895846}, {""label"": ""desire"", ""score"": 0.0011529992334544659}, {""label"": ""disappointment"", ""score"": 0.028047725558280945}, {""label"": ""disapproval"", ""score"": 0.4200548529624939}, {""label"": ""disgust"", ""score"": 0.0030105793848633766}, {""label"": ""embarrassment"", ""score"": 0.0011618022108450532}, {""label"": ""excitement"", ""score"": 0.0006274221232160926}, {""label"": ""fear"", ""score"": 0.0004017044266220182}, {""label"": ""gratitude"", ""score"": 0.0007765194168314338}, {""label"": ""grief"", ""score"": 0.00029019679641351104}, {""label"": ""joy"", ""score"": 0.0008553238585591316}, {""label"": ""love"", ""score"": 0.0006007573683746159}, {""label"": ""nervousness"", ""score"": 0.00028438668232411146}, {""label"": ""optimism"", ""score"": 0.0030617411248385906}, {""label"": ""pride"", ""score"": 0.0004377068253234029}, {""label"": ""realization"", ""score"": 0.02345307730138302}, {""label"": ""relief"", ""score"": 0.0006418405100703239}, {""label"": ""remorse"", ""score"": 0.0004204010183457285}, {""label"": ""sadness"", ""score"": 0.0018466762267053127}, {""label"": ""surprise"", ""score"": 0.0009325133287347853}, {""label"": ""neutral"", ""score"": 0.5809240937232971}]",neutral
at://did:plc:qpawwvhsehaepc63cpzsscp6/app.bsky.feed.post/3lt5fgvkjcs2e,https://bsky.app/profile/wordbringer.eu/post/3lt5fgvkjcs2e,bafyreiaqk4uwgp3jk6nz2wqibrm2sfc4qhhdvu7tg7bc3jhwvmdujmnb4q,Going back and seeing the debates where Pim Fortuyn destroyed almost every established politician's career because they fumbled in the face of a well-prepared ideologue with media backing and then seeing political leaders now verbally pratfall every time there's a microphone is crushing.,2025-07-04T13:55:44.927Z,2025-07-04T13:55:45.338Z,{},1,0,0,did:plc:qpawwvhsehaepc63cpzsscp6,wordbringer.eu,unpleasant broad,0,0,0,2023-06-13T20:36:55.684Z,,False,,False,"""[]""",2025-07-04T14:09:20.101230Z,Vrai,"[0.002286868402734399, 0.9977130889892578]","[{""label"": ""admiration"", ""score"": 0.003117714775726199}, {""label"": ""amusement"", ""score"": 0.0015767532167956233}, {""label"": ""anger"", ""score"": 0.009291041642427444}, {""label"": ""annoyance"", ""score"": 0.09762107580900192}, {""label"": ""approval"", ""score"": 0.015141106210649014}, {""label"": ""caring"", ""score"": 0.0004489429702516645}, {""label"": ""confusion"", ""score"": 0.0008720147889107466}, {""label"": ""curiosity"", ""score"": 0.00043153995648026466}, {""label"": ""desire"", ""score"": 0.0008235626737587154}, {""label"": ""disappointment"", ""score"": 0.05940338596701622}, {""label"": ""disapproval"", ""score"": 0.012580012902617455}, {""label"": ""disgust"", ""score"": 0.011516505852341652}, {""label"": ""embarrassment"", ""score"": 0.005081895738840103}, {""label"": ""excitement"", ""score"": 0.0008722271304577589}, {""label"": ""fear"", ""score"": 0.003766800044104457}, {""label"": ""gratitude"", ""score"": 0.00038515013875439763}, {""label"": ""grief"", ""score"": 0.0009670383878983557}, {""label"": ""joy"", ""score"": 0.0008897226070985198}, {""label"": ""love"", ""score"": 0.0005232025869190693}, {""label"": ""nervousness"", ""score"": 0.0008840590016916394}, {""label"": ""optimism"", ""score"": 0.001676733954809606}, {""label"": ""pride"", ""score"": 0.0007231030031107366}, {""label"": ""realization"", ""score"": 0.04001690074801445}, {""label"": ""relief"", ""score"": 0.0007153394399210811}, {""label"": ""remorse"", ""score"": 0.0005060550756752491}, {""label"": ""sadness"", ""score"": 0.011953622102737427}, {""label"": ""surprise"", ""score"": 0.0027196672745049}, {""label"": ""neutral"", ""score"": 0.7727470397949219}]",neutral
at://did:plc:xuf5gzfulbap5xylnnd46jht/app.bsky.feed.post/3lt5fgjzips24,https://bsky.app/profile/castrogacio.bsky.social/post/3lt5fgjzips24,bafyreihcwsp7aq5b22blyeb52mr5y3zcv7gnf6doi5y5tvel63xakuzclq,Not exactly. Coalitions can happen and the far-right are traitors even to themselves. They will value enriching the wealthiest more than any political ideology you guys think they have.  The US became ideologically dead back in Regan's era.  You have difficulties in assimilating what's in your face.,2025-07-04T13:55:32.835Z,2025-07-04T13:55:33.736Z,{},0,0,0,did:plc:xuf5gzfulbap5xylnnd46jht,castrogacio.bsky.social,Enseign CG 🇪🇺𓆩♡𓆪,0,0,0,2024-11-06T12:05:13.079Z,,False,,False,"""[]""",2025-07-04T14:09:20.101257Z,Vrai,"[0.0029534706845879555, 0.9970465302467346]","[{""label"": ""admiration"", ""score"": 0.0028648979496210814}, {""label"": ""amusement"", ""score"": 0.0009179188637062907}, {""label"": ""anger"", ""score"": 0.005999542307108641}, {""label"": ""annoyance"", ""score"": 0.0571412518620491}, {""label"": ""approval"", ""score"": 0.04914933443069458}, {""label"": ""caring"", ""score"": 0.00302388914860785}, {""label"": ""confusion"", ""score"": 0.003480664687231183}, {""label"": ""curiosity"", ""score"": 0.000737341062631458}, {""label"": ""desire"", ""score"": 0.0009782554116100073}, {""label"": ""disappointment"", ""score"": 0.018657073378562927}, {""label"": ""disapproval"", ""score"": 0.5672999024391174}, {""label"": ""disgust"", ""score"": 0.001883503282442689}, {""label"": ""embarrassment"", ""score"": 0.0007966153207235038}, {""label"": ""excitement"", ""score"": 0.0005284866783767939}, {""label"": ""fear"", ""score"": 0.0005727354437112808}, {""label"": ""gratitude"", ""score"": 0.0007773516117595136}, {""label"": ""grief"", ""score"": 0.0002890977484639734}, {""label"": ""joy"", ""score"": 0.0007068207487463951}, {""label"": ""love"", ""score"": 0.000660663063172251}, {""label"": ""nervousness"", ""score"": 0.00034189134021289647}, {""label"": ""optimism"", ""score"": 0.0046635461039841175}, {""label"": ""pride"", ""score"": 0.00033548506326042116}, {""label"": ""realization"", ""score"": 0.019714439287781715}, {""label"": ""relief"", ""score"": 0.0007113574538379908}, {""label"": ""remorse"", ""score"": 0.00042675877921283245}, {""label"": ""sadness"", ""score"": 0.0021558243315666914}, {""label"": ""surprise"", ""score"": 0.0008296635351143777}, {""label"": ""neutral"", ""score"": 0.4870653748512268}]",disapproval
at://did:plc:vi6u2pqbru5y4dwusx64ni2v/app.bsky.feed.post/3lt5fgeiqhs26,https://bsky.app/profile/kathleenromig.bsky.social/post/3lt5fgeiqhs26,bafyreigsjgpum3zd425dvxpfu5cek7zjsiqz3u46ptq5tbrxdq5ii5blfm,"Yesterday the Social Security Administration sent a highly misleading & political press release about the tax bill to my work account, where I'd signed up for SSA updates.   Then overnight I got it again, this time to my personal account. And I heard from lots of others who did, too. 🧵",2025-07-04T13:55:27.032Z,2025-07-04T13:55:31.540Z,"""images=[Image(alt='', image=BlobRef(mime_type='image/jpeg', size=461355, ref=IpldLink(link='bafkreihyxlmgghrvwuvgsubxhjiuke7sy7ubme5ye6ifnbjornrcytcxnm'), py_type='blob'), aspect_ratio=AspectRatio(height=1412, width=1170, py_type='app.bsky.embed.defs#aspectRatio'), py_type='app.bsky.embed.images#image')] py_type='app.bsky.embed.images'""",12,2,4,did:plc:vi6u2pqbru5y4dwusx64ni2v,kathleenromig.bsky.social,Kathleen Romig,0,0,0,2023-07-24T16:28:50.224Z,,False,,False,"""[]""",2025-07-04T14:09:20.101335Z,Vrai,"[0.0022144175600260496, 0.9977855682373047]","[{""label"": ""admiration"", ""score"": 0.0009114453569054604}, {""label"": ""amusement"", ""score"": 0.0024929591454565525}, {""label"": ""anger"", ""score"": 0.0023469363804906607}, {""label"": ""annoyance"", ""score"": 0.08851051330566406}, {""label"": ""approval"", ""score"": 0.0872429683804512}, {""label"": ""caring"", ""score"": 0.001267415238544345}, {""label"": ""confusion"", ""score"": 0.004008545074611902}, {""label"": ""curiosity"", ""score"": 0.0022052547428756952}, {""label"": ""desire"", ""score"": 0.003691423684358597}, {""label"": ""disappointment"", ""score"": 0.1399087905883789}, {""label"": ""disapproval"", ""score"": 0.02382931485772133}, {""label"": ""disgust"", ""score"": 0.004526929929852486}, {""label"": ""embarrassment"", ""score"": 0.010561719536781311}, {""label"": ""excitement"", ""score"": 0.001056839362718165}, {""label"": ""fear"", ""score"": 0.00099519535433501}, {""label"": ""gratitude"", ""score"": 0.00027688872069120407}, {""label"": ""grief"", ""score"": 0.0008149636560119689}, {""label"": ""joy"", ""score"": 0.0012800449039787054}, {""label"": ""love"", ""score"": 0.0014470014721155167}, {""label"": ""nervousness"", ""score"": 0.0018879224080592394}, {""label"": ""optimism"", ""score"": 0.015179059468209743}, {""label"": ""pride"", ""score"": 0.0006433203816413879}, {""label"": ""realization"", ""score"": 0.1738969385623932}, {""label"": ""relief"", ""score"": 0.0016725423047319055}, {""label"": ""remorse"", ""score"": 0.002327719470486045}, {""label"": ""sadness"", ""score"": 0.011992008425295353}, {""label"": ""surprise"", ""score"": 0.002811810467392206}, {""label"": ""neutral"", ""score"": 0.5835793614387512}]",neutral
at://did:plc:ujmf5ecjxn2f7gbprywb6o7q/app.bsky.feed.post/3lt5fge73us25,https://bsky.app/profile/justlee.bsky.social/post/3lt5fge73us25,bafyreiblu4tqmwmr2aeuhy542hitwt23qaspybdezxdujxh2cn7rmz232e,"Fine. Some of ""the rest"":  Winter fuel payments Welfare cuts fiasco  GenAI will save us Brexit red-lines Proscribing protest groups as terrorists Inviting Trump for a state visit Not rebooting Leveson 2 No wider media, political, or electoral reform Torching higher education  I'm sure there's more?",2025-07-04T13:55:26.728Z,2025-07-04T13:55:28.938Z,{},1,0,0,did:plc:ujmf5ecjxn2f7gbprywb6o7q,justlee.bsky.social,Lee,0,0,0,2023-10-11T22:13:33.134Z,,False,,False,"""[]""",2025-07-04T14:09:20.101359Z,Vrai,"[0.00039297612966038287, 0.9996070265769958]","[{""label"": ""admiration"", ""score"": 0.0012985874200239778}, {""label"": ""amusement"", ""score"": 0.0009391552885062993}, {""label"": ""anger"", ""score"": 0.0026211892254650593}, {""label"": ""annoyance"", ""score"": 0.02000034786760807}, {""label"": ""approval"", ""score"": 0.051334187388420105}, {""label"": ""caring"", ""score"": 0.0032930499874055386}, {""label"": ""confusion"", ""score"": 0.6747378706932068}, {""label"": ""curiosity"", ""score"": 0.1517425775527954}, {""label"": ""desire"", ""score"": 0.002794847125187516}, {""label"": ""disappointment"", ""score"": 0.03398244082927704}, {""label"": ""disapproval"", ""score"": 0.04883468523621559}, {""label"": ""disgust"", ""score"": 0.002806304721161723}, {""label"": ""embarrassment"", ""score"": 0.002173542743548751}, {""label"": ""excitement"", ""score"": 0.0011148651828989387}, {""label"": ""fear"", ""score"": 0.0043091014958918095}, {""label"": ""gratitude"", ""score"": 0.0006241710507310927}, {""label"": ""grief"", ""score"": 0.0007737240521237254}, {""label"": ""joy"", ""score"": 0.000844740541651845}, {""label"": ""love"", ""score"": 0.0020817092154175043}, {""label"": ""nervousness"", ""score"": 0.002814800012856722}, {""label"": ""optimism"", ""score"": 0.020360291004180908}, {""label"": ""pride"", ""score"": 0.00017740242765285075}, {""label"": ""realization"", ""score"": 0.026304423809051514}, {""label"": ""relief"", ""score"": 0.0006135827279649675}, {""label"": ""remorse"", ""score"": 0.0020544063299894333}, {""label"": ""sadness"", ""score"": 0.0075566647574305534}, {""label"": ""surprise"", ""score"": 0.0027309278957545757}, {""label"": ""neutral"", ""score"": 0.3649286925792694}]",confusion
at://did:plc:flh75udigxgnvz5wavsytt4l/app.bsky.feed.post/3lt5fg7z2ss2s,https://bsky.app/profile/enemyofthestate01.bsky.social/post/3lt5fg7z2ss2s,bafyreicjyti4klt3svlgt5zcaso4cxbev3c4jwshdnma3a73xohz6ztxn4,"Likely driven by deep tribalism, authoritarian leanings, and projection of personal fears onto political opponents. The slogan masks insecurity with violent, dehumanizing rhetoric to reclaim control.",2025-07-04T13:55:22.335Z,2025-07-04T13:55:23.044Z,{},0,0,0,did:plc:flh75udigxgnvz5wavsytt4l,enemyofthestate01.bsky.social,adam weishaupt,0,0,0,2024-11-29T15:19:11.946Z,,False,,False,"""[]""",2025-07-04T14:09:20.101619Z,Vrai,"[0.0017290957039222121, 0.9982708692550659]","[{""label"": ""admiration"", ""score"": 0.0032445734832435846}, {""label"": ""amusement"", ""score"": 0.0004453275178093463}, {""label"": ""anger"", ""score"": 0.0033796837087720633}, {""label"": ""annoyance"", ""score"": 0.01954224333167076}, {""label"": ""approval"", ""score"": 0.1280992478132248}, {""label"": ""caring"", ""score"": 0.011669316329061985}, {""label"": ""confusion"", ""score"": 0.0017879689112305641}, {""label"": ""curiosity"", ""score"": 0.0006489948718808591}, {""label"": ""desire"", ""score"": 0.00275558908469975}, {""label"": ""disappointment"", ""score"": 0.01622183807194233}, {""label"": ""disapproval"", ""score"": 0.010532133281230927}, {""label"": ""disgust"", ""score"": 0.004479126073420048}, {""label"": ""embarrassment"", ""score"": 0.0012524924241006374}, {""label"": ""excitement"", ""score"": 0.0006093508563935757}, {""label"": ""fear"", ""score"": 0.021951448172330856}, {""label"": ""gratitude"", ""score"": 0.00032982774428091943}, {""label"": ""grief"", ""score"": 0.0010612290352582932}, {""label"": ""joy"", ""score"": 0.0006007282645441592}, {""label"": ""love"", ""score"": 0.0009359995601698756}, {""label"": ""nervousness"", ""score"": 0.005492375697940588}, {""label"": ""optimism"", ""score"": 0.008575218729674816}, {""label"": ""pride"", ""score"": 0.0006721452809870243}, {""label"": ""realization"", ""score"": 0.03269072622060776}, {""label"": ""relief"", ""score"": 0.001453177654184401}, {""label"": ""remorse"", ""score"": 0.0007637798553332686}, {""label"": ""sadness"", ""score"": 0.015469055622816086}, {""label"": ""surprise"", ""score"": 0.0003528358065523207}, {""label"": ""neutral"", ""score"": 0.7073537707328796}]",neutral
at://did:plc:yc54nj2zlnqrdotewpkbrauy/app.bsky.feed.post/3lt5fg4dxqk2d,https://bsky.app/profile/the-independent.com/post/3lt5fg4dxqk2d,bafyreigsuxpohg4pjfdj3kum32srbuavxdfz5vqziaza6ccbb5gvmssy74,"Since her husband became prime minister 12 months ago, ‘Lady Vic’ has only been seen at a handful of events. Eleanor Mills unpicks the fevered speculation about her whereabouts and looks at a political spouse who has decided to do things differently  Full story: urlr.me/Tfe5zw",2025-07-04T13:55:18.495Z,2025-07-04T13:55:21.343Z,"""images=[Image(alt='', image=BlobRef(mime_type='image/jpeg', size=668380, ref=IpldLink(link='bafkreidn7pbwus3pklqjmdlbxunkzslyrlgzbu3b4mulubzckbum4vef6m'), py_type='blob'), aspect_ratio=AspectRatio(height=1350, width=1080, py_type='app.bsky.embed.defs#aspectRatio'), py_type='app.bsky.embed.images#image')] py_type='app.bsky.embed.images'""",2,1,2,did:plc:yc54nj2zlnqrdotewpkbrauy,the-independent.com,The Independent,0,0,0,2023-07-12T23:13:55.896Z,,False,,False,"""[]""",2025-07-04T14:09:20.101710Z,Vrai,"[0.0016222286503762007, 0.998377799987793]","[{""label"": ""admiration"", ""score"": 0.0026027646381407976}, {""label"": ""amusement"", ""score"": 0.00153056881390512}, {""label"": ""anger"", ""score"": 0.001038871007040143}, {""label"": ""annoyance"", ""score"": 0.00935080461204052}, {""label"": ""approval"", ""score"": 0.027494730427861214}, {""label"": ""caring"", ""score"": 0.000783352239523083}, {""label"": ""confusion"", ""score"": 0.003046699333935976}, {""label"": ""curiosity"", ""score"": 0.0008781097712926567}, {""label"": ""desire"", ""score"": 0.0009627935360185802}, {""label"": ""disappointment"", ""score"": 0.006111938506364822}, {""label"": ""disapproval"", ""score"": 0.0060989754274487495}, {""label"": ""disgust"", ""score"": 0.0016435746802017093}, {""label"": ""embarrassment"", ""score"": 0.0007698510307818651}, {""label"": ""excitement"", ""score"": 0.0008586146286688745}, {""label"": ""fear"", ""score"": 0.0009003157611005008}, {""label"": ""gratitude"", ""score"": 0.0005589808570221066}, {""label"": ""grief"", ""score"": 0.0003412288206163794}, {""label"": ""joy"", ""score"": 0.0010646248701959848}, {""label"": ""love"", ""score"": 0.0006586698582395911}, {""label"": ""nervousness"", ""score"": 0.000415157264797017}, {""label"": ""optimism"", ""score"": 0.0027581914328038692}, {""label"": ""pride"", ""score"": 0.0003508104709908366}, {""label"": ""realization"", ""score"": 0.03184475377202034}, {""label"": ""relief"", ""score"": 0.0005361679941415787}, {""label"": ""remorse"", ""score"": 0.00033672881545498967}, {""label"": ""sadness"", ""score"": 0.002279344480484724}, {""label"": ""surprise"", ""score"": 0.0007944628014229238}, {""label"": ""neutral"", ""score"": 0.9465916156768799}]",neutral
at://did:plc:eoysvvv3uwdo2gcdfal72w7h/app.bsky.feed.post/3lt5ffx6ook2l,https://bsky.app/profile/woodmally1979.bsky.social/post/3lt5ffx6ook2l,bafyreie4qp5wy4m5kig5vwl3puc7sfk77bodtwaihfjes4hvsfcz2fj3bi,Yes he’s the worst one of the Star Trek has never been political brigade and he was flipping in it!!!!!,2025-07-04T13:55:13.082Z,2025-07-04T13:55:14.136Z,{},1,0,0,did:plc:eoysvvv3uwdo2gcdfal72w7h,woodmally1979.bsky.social,Malcolm Wood,0,0,0,2023-08-19T10:03:40.287Z,,False,,False,"""[]""",2025-07-04T14:09:20.101737Z,Faux,"[0.9993545413017273, 0.0006454791291616857]","[{""label"": ""admiration"", ""score"": 0.012992394156754017}, {""label"": ""amusement"", ""score"": 0.0032244084868580103}, {""label"": ""anger"", ""score"": 0.06426265835762024}, {""label"": ""annoyance"", ""score"": 0.35602980852127075}, {""label"": ""approval"", ""score"": 0.041251324117183685}, {""label"": ""caring"", ""score"": 0.000668106775265187}, {""label"": ""confusion"", ""score"": 0.0021428351756185293}, {""label"": ""curiosity"", ""score"": 0.001322556403465569}, {""label"": ""desire"", ""score"": 0.0015177946770563722}, {""label"": ""disappointment"", ""score"": 0.0619862861931324}, {""label"": ""disapproval"", ""score"": 0.08758030086755753}, {""label"": ""disgust"", ""score"": 0.393454909324646}, {""label"": ""embarrassment"", ""score"": 0.012487782165408134}, {""label"": ""excitement"", ""score"": 0.0013261038111522794}, {""label"": ""fear"", ""score"": 0.0028879698365926743}, {""label"": ""gratitude"", ""score"": 0.000833412166684866}, {""label"": ""grief"", ""score"": 0.00046176344039849937}, {""label"": ""joy"", ""score"": 0.0008887274889275432}, {""label"": ""love"", ""score"": 0.002260578563436866}, {""label"": ""nervousness"", ""score"": 0.0005253101116977632}, {""label"": ""optimism"", ""score"": 0.0014204415492713451}, {""label"": ""pride"", ""score"": 0.0007807903457432985}, {""label"": ""realization"", ""score"": 0.010966836474835873}, {""label"": ""relief"", ""score"": 0.00048055758816190064}, {""label"": ""remorse"", ""score"": 0.0005245776264928281}, {""label"": ""sadness"", ""score"": 0.004117452073842287}, {""label"": ""surprise"", ""score"": 0.0015198643086478114}, {""label"": ""neutral"", ""score"": 0.10825767368078232}]",disgust
at://did:plc:5snl47e7r5vhbbbo2igmff7x/app.bsky.feed.post/3lt5ffsxmg22d,https://bsky.app/profile/joyjoymorejoy100.bsky.social/post/3lt5ffsxmg22d,bafyreiaohsfja3izqdlfqyyz3azsagkpigufeka5hqkzchzcmeobxnbopa,"@randomaxe662 No surprise but still bizarre that Scotus thinks a state has ""the right"" to control a citizen's health care choices, purely for political reasons.",2025-07-04T13:55:08.657Z,2025-07-04T13:55:10.137Z,{},0,0,0,did:plc:5snl47e7r5vhbbbo2igmff7x,joyjoymorejoy100.bsky.social,joyjoymorejoy,0,0,0,2025-06-26T11:40:31.932Z,,False,,False,"""[]""",2025-07-04T14:09:20.101763Z,Vrai,"[0.0024695286992937326, 0.9975305199623108]","[{""label"": ""admiration"", ""score"": 0.0029781656339764595}, {""label"": ""amusement"", ""score"": 0.003510926151648164}, {""label"": ""anger"", ""score"": 0.006119769997894764}, {""label"": ""annoyance"", ""score"": 0.11810645461082458}, {""label"": ""approval"", ""score"": 0.017142530530691147}, {""label"": ""caring"", ""score"": 0.0004687182081397623}, {""label"": ""confusion"", ""score"": 0.06349830329418182}, {""label"": ""curiosity"", ""score"": 0.07605066150426865}, {""label"": ""desire"", ""score"": 0.0011222503380849957}, {""label"": ""disappointment"", ""score"": 0.01420068833976984}, {""label"": ""disapproval"", ""score"": 0.021533304825425148}, {""label"": ""disgust"", ""score"": 0.03854364529252052}, {""label"": ""embarrassment"", ""score"": 0.008889985270798206}, {""label"": ""excitement"", ""score"": 0.0032934583723545074}, {""label"": ""fear"", ""score"": 0.002738556358963251}, {""label"": ""gratitude"", ""score"": 0.00044242184958420694}, {""label"": ""grief"", ""score"": 0.0005716558662243187}, {""label"": ""joy"", ""score"": 0.0009417994879186153}, {""label"": ""love"", ""score"": 0.0005318550392985344}, {""label"": ""nervousness"", ""score"": 0.0010756768751889467}, {""label"": ""optimism"", ""score"": 0.002286989474669099}, {""label"": ""pride"", ""score"": 0.00029904927941970527}, {""label"": ""realization"", ""score"": 0.02886015735566616}, {""label"": ""relief"", ""score"": 0.0004464919911697507}, {""label"": ""remorse"", ""score"": 0.000255261838901788}, {""label"": ""sadness"", ""score"": 0.0012505815830081701}, {""label"": ""surprise"", ""score"": 0.056926075369119644}, {""label"": ""neutral"", ""score"": 0.7030879855155945}]",neutral
at://did:plc:ayyct6mozbbkkpydmlwxbw2j/app.bsky.feed.post/3lt5ffiupfs2v,https://bsky.app/profile/naedere.bsky.social/post/3lt5ffiupfs2v,bafyreicfpgmeudoqpqw6hv5amygwqr24et7uhuqzdjjqifayvv4ef3a6sm,"I mean at least he can read fucking numbers. $4M is larger than $1.7M A grassroots PAC is not the same as a corporate funded one  Zohran didn't get like $2.5M in free political ads from all the ""non endorsing"" papers The fucking Clintons got pulled off the bench to try and drag Cuomo over the line",2025-07-04T13:54:58.076Z,2025-07-04T13:54:58.838Z,{},0,0,2,did:plc:ayyct6mozbbkkpydmlwxbw2j,naedere.bsky.social,Naedere,0,0,0,2023-07-01T18:21:09.447Z,,False,,False,"""[]""",2025-07-04T14:09:20.101785Z,Vrai,"[0.014922056347131729, 0.985077977180481]","[{""label"": ""admiration"", ""score"": 0.0018724057590588927}, {""label"": ""amusement"", ""score"": 0.0021186319645494223}, {""label"": ""anger"", ""score"": 0.2533997595310211}, {""label"": ""annoyance"", ""score"": 0.467993825674057}, {""label"": ""approval"", ""score"": 0.00869497749954462}, {""label"": ""caring"", ""score"": 0.0009827164467424154}, {""label"": ""confusion"", ""score"": 0.0018342389957979321}, {""label"": ""curiosity"", ""score"": 0.0008455208735540509}, {""label"": ""desire"", ""score"": 0.0011248355731368065}, {""label"": ""disappointment"", ""score"": 0.03129101172089577}, {""label"": ""disapproval"", ""score"": 0.06886289268732071}, {""label"": ""disgust"", ""score"": 0.014533796347677708}, {""label"": ""embarrassment"", ""score"": 0.0036193374544382095}, {""label"": ""excitement"", ""score"": 0.0010476420866325498}, {""label"": ""fear"", ""score"": 0.0008239841554313898}, {""label"": ""gratitude"", ""score"": 0.000597424223087728}, {""label"": ""grief"", ""score"": 0.0004696677206084132}, {""label"": ""joy"", ""score"": 0.0015239894855767488}, {""label"": ""love"", ""score"": 0.0005288139800541103}, {""label"": ""nervousness"", ""score"": 0.00038427324034273624}, {""label"": ""optimism"", ""score"": 0.0018802903359755874}, {""label"": ""pride"", ""score"": 0.0006617302424274385}, {""label"": ""realization"", ""score"": 0.01014911662787199}, {""label"": ""relief"", ""score"": 0.0004710963985417038}, {""label"": ""remorse"", ""score"": 0.00040530128171667457}, {""label"": ""sadness"", ""score"": 0.0029945624992251396}, {""label"": ""surprise"", ""score"": 0.002438824623823166}, {""label"": ""neutral"", ""score"": 0.32300546765327454}]",annoyance
at://did:plc:f3c45gyayf4hraeaxj7oh6ot/app.bsky.feed.post/3lt5ffg2ufs2h,https://bsky.app/profile/cyclinguk.bsky.social/post/3lt5ffg2ufs2h,bafyreifav3opxtk6zhozbwvvclqe27ruwd7yiyzkua7kmmbfsi3u7cva6y,🗳️ How do you turn local passion into political progress?  Watch our Spokes & Votes webinar with Arup’s Rob Goodall & Stephen Bennett for expert tips on grassroots cycle advocacy.  🎥 cyclinguk.org/spokes-and-votes-webinar,2025-07-04T13:54:55.130Z,2025-07-04T13:54:55.644Z,"""external=External(description='How can local cycle campaigners influence change? A webinar run by Arup\u2019s Rob Goodall and Stephen Bennett sought to answer that very question. Here, they offer some of their best advice', title='Spokes & Votes: mobilising cycle advocacy for effective change', uri='https://cyclinguk.org/spokes-and-votes-webinar', thumb=BlobRef(mime_type='image/jpeg', size=838067, ref=IpldLink(link='bafkreicwq5xdzfleec4o7c7rpf6hy2npmh54au3fdgwjbslst6p33uv3e4'), py_type='blob'), py_type='app.bsky.embed.external#external') py_type='app.bsky.embed.external'""",2,1,0,did:plc:f3c45gyayf4hraeaxj7oh6ot,cyclinguk.bsky.social,Cycling UK Official ,0,0,0,2024-10-16T14:07:41.806Z,,False,,False,"""[]""",2025-07-04T14:09:20.101852Z,Vrai,"[0.0031933330465108156, 0.9968067407608032]","[{""label"": ""admiration"", ""score"": 0.006441580131649971}, {""label"": ""amusement"", ""score"": 0.0015552613185718656}, {""label"": ""anger"", ""score"": 0.0018782959086820483}, {""label"": ""annoyance"", ""score"": 0.005485920235514641}, {""label"": ""approval"", ""score"": 0.07861196994781494}, {""label"": ""caring"", ""score"": 0.006153980735689402}, {""label"": ""confusion"", ""score"": 0.06259158998727798}, {""label"": ""curiosity"", ""score"": 0.633090615272522}, {""label"": ""desire"", ""score"": 0.005202256143093109}, {""label"": ""disappointment"", ""score"": 0.0017078315140679479}, {""label"": ""disapproval"", ""score"": 0.0044646840542554855}, {""label"": ""disgust"", ""score"": 0.0010092757875099778}, {""label"": ""embarrassment"", ""score"": 0.00043200486106798053}, {""label"": ""excitement"", ""score"": 0.003669723868370056}, {""label"": ""fear"", ""score"": 0.0012153370771557093}, {""label"": ""gratitude"", ""score"": 0.0003562612982932478}, {""label"": ""grief"", ""score"": 0.00031033935374580324}, {""label"": ""joy"", ""score"": 0.0009609712287783623}, {""label"": ""love"", ""score"": 0.006127980537712574}, {""label"": ""nervousness"", ""score"": 0.0006297379150055349}, {""label"": ""optimism"", ""score"": 0.009913763962686062}, {""label"": ""pride"", ""score"": 0.00012501260789576918}, {""label"": ""realization"", ""score"": 0.006498734932392836}, {""label"": ""relief"", ""score"": 0.0003187456459272653}, {""label"": ""remorse"", ""score"": 0.0006409859051927924}, {""label"": ""sadness"", ""score"": 0.0014963155845180154}, {""label"": ""surprise"", ""score"": 0.002354155294597149}, {""label"": ""neutral"", ""score"": 0.44394651055336}]",curiosity
at://did:plc:abwnh5az7rmdnjfawcs6kf2j/app.bsky.feed.post/3lt5fffx77s2y,https://bsky.app/profile/crer-scotland.bsky.social/post/3lt5fffx77s2y,bafyreibl5wfpeeqc3ieimmti5kgcrxikjpef46zpgvnsp4pwt5qmgk3rmm,✅ CRER has officially launched our Manifesto for an Anti-Racist Scotland.  The 2026 Scottish Parliament Election is a vital moment to challenge political parties on racism and inequality. Please support and share!  Read the Manifesto and ideas for action: crer.org.uk/manifesto-2026,2025-07-04T13:54:55.006Z,2025-07-04T13:57:13.737Z,"""images=[Image(alt='', image=BlobRef(mime_type='image/jpeg', size=592725, ref=IpldLink(link='bafkreiaeock2ctpbhs6btmldbjpflhnz22mlg76sziracbc6ux5vwqez3e'), py_type='blob'), aspect_ratio=AspectRatio(height=1350, width=1080, py_type='app.bsky.embed.defs#aspectRatio'), py_type='app.bsky.embed.images#image')] py_type='app.bsky.embed.images'""",0,0,0,did:plc:abwnh5az7rmdnjfawcs6kf2j,crer-scotland.bsky.social,Coalition for Racial Equality and Rights,0,0,0,2024-11-18T10:10:22.545Z,,False,,False,"""[]""",2025-07-04T14:09:20.101903Z,Vrai,"[0.002677388722077012, 0.9973226189613342]","[{""label"": ""admiration"", ""score"": 0.011143478564918041}, {""label"": ""amusement"", ""score"": 0.0004492081643547863}, {""label"": ""anger"", ""score"": 0.0009485711343586445}, {""label"": ""annoyance"", ""score"": 0.007816332392394543}, {""label"": ""approval"", ""score"": 0.5026645064353943}, {""label"": ""caring"", ""score"": 0.0043306732550263405}, {""label"": ""confusion"", ""score"": 0.002599411876872182}, {""label"": ""curiosity"", ""score"": 0.0025413939729332924}, {""label"": ""desire"", ""score"": 0.016932042315602303}, {""label"": ""disappointment"", ""score"": 0.003952462691813707}, {""label"": ""disapproval"", ""score"": 0.005678139626979828}, {""label"": ""disgust"", ""score"": 0.001146818744018674}, {""label"": ""embarrassment"", ""score"": 0.00034953971044160426}, {""label"": ""excitement"", ""score"": 0.00790222454816103}, {""label"": ""fear"", ""score"": 0.0007859999313950539}, {""label"": ""gratitude"", ""score"": 0.0008463640697300434}, {""label"": ""grief"", ""score"": 0.0003176780592184514}, {""label"": ""joy"", ""score"": 0.0015569111565127969}, {""label"": ""love"", ""score"": 0.0014942388515919447}, {""label"": ""nervousness"", ""score"": 0.000602262036409229}, {""label"": ""optimism"", ""score"": 0.04885409399867058}, {""label"": ""pride"", ""score"": 0.001583513105288148}, {""label"": ""realization"", ""score"": 0.03139635547995567}, {""label"": ""relief"", ""score"": 0.0014272966654971242}, {""label"": ""remorse"", ""score"": 0.0003657364286482334}, {""label"": ""sadness"", ""score"": 0.0011492392513900995}, {""label"": ""surprise"", ""score"": 0.0007213046192191541}, {""label"": ""neutral"", ""score"": 0.6138391494750977}]",neutral
at://did:plc:ilqrl547vpeizhcxcchqpsz5/app.bsky.feed.post/3lt5ff5vzq222,https://bsky.app/profile/evita-z.bsky.social/post/3lt5ff5vzq222,bafyreidnrdmcxsxob7nr2mjfbf43chwl53no5wpcdj3opuf5zk6waeow7u,"More like on his F- game and flunked political science class…. And YOU flunked religion, MJ.",2025-07-04T13:54:46.585Z,2025-07-04T13:54:47.438Z,{},0,0,0,did:plc:ilqrl547vpeizhcxcchqpsz5,evita-z.bsky.social,,0,0,0,2024-12-03T00:55:37.647Z,,False,,False,"""[]""",2025-07-04T14:09:20.101927Z,Vrai,"[0.0014667405048385262, 0.9985332489013672]","[{""label"": ""admiration"", ""score"": 0.002184599172323942}, {""label"": ""amusement"", ""score"": 0.0013248584000393748}, {""label"": ""anger"", ""score"": 0.011176234111189842}, {""label"": ""annoyance"", ""score"": 0.08260644227266312}, {""label"": ""approval"", ""score"": 0.011776144616305828}, {""label"": ""caring"", ""score"": 0.0008353508310392499}, {""label"": ""confusion"", ""score"": 0.0014208562206476927}, {""label"": ""curiosity"", ""score"": 0.000820124289020896}, {""label"": ""desire"", ""score"": 0.0005794134340249002}, {""label"": ""disappointment"", ""score"": 0.023029189556837082}, {""label"": ""disapproval"", ""score"": 0.025385625660419464}, {""label"": ""disgust"", ""score"": 0.007067049387842417}, {""label"": ""embarrassment"", ""score"": 0.0026381441857665777}, {""label"": ""excitement"", ""score"": 0.0005169367650523782}, {""label"": ""fear"", ""score"": 0.0008376229088753462}, {""label"": ""gratitude"", ""score"": 0.0006006471812725067}, {""label"": ""grief"", ""score"": 0.0004446455859579146}, {""label"": ""joy"", ""score"": 0.000542660360224545}, {""label"": ""love"", ""score"": 0.0004847705131396651}, {""label"": ""nervousness"", ""score"": 0.0002937456301879138}, {""label"": ""optimism"", ""score"": 0.0014620048459619284}, {""label"": ""pride"", ""score"": 0.0003148153191432357}, {""label"": ""realization"", ""score"": 0.00833677127957344}, {""label"": ""relief"", ""score"": 0.0003043811011593789}, {""label"": ""remorse"", ""score"": 0.0005630585947073996}, {""label"": ""sadness"", ""score"": 0.0036233081482350826}, {""label"": ""surprise"", ""score"": 0.0006935329874977469}, {""label"": ""neutral"", ""score"": 0.8762619495391846}]",neutral
at://did:plc:7ycbbypvu4q5qiqfqrxuoocy/app.bsky.feed.post/3lt5fet4f6k22,https://bsky.app/profile/caraannmac.bsky.social/post/3lt5fet4f6k22,bafyreiavcliyuebxg5bixvzir5aflex73stnaaqnnseidfmojfzxujttl4,"I wish you every success in this endeavour Jeremy. Politics is broken, and millions right across the UK share your political principles.",2025-07-04T13:54:35.259Z,2025-07-04T13:54:35.937Z,{},1,0,0,did:plc:7ycbbypvu4q5qiqfqrxuoocy,caraannmac.bsky.social,Ragnar Lothbrok 🇵🇸,0,0,0,2025-04-29T22:30:58.473Z,,False,,False,"""[]""",2025-07-04T14:09:20.101950Z,Faux,"[0.606435239315033, 0.39356476068496704]","[{""label"": ""admiration"", ""score"": 0.044532373547554016}, {""label"": ""amusement"", ""score"": 0.0009493731195107102}, {""label"": ""anger"", ""score"": 0.0024823357816785574}, {""label"": ""annoyance"", ""score"": 0.006643161177635193}, {""label"": ""approval"", ""score"": 0.1286359578371048}, {""label"": ""caring"", ""score"": 0.7692372798919678}, {""label"": ""confusion"", ""score"": 0.0016750004142522812}, {""label"": ""curiosity"", ""score"": 0.003418243955820799}, {""label"": ""desire"", ""score"": 0.06848765909671783}, {""label"": ""disappointment"", ""score"": 0.004775714129209518}, {""label"": ""disapproval"", ""score"": 0.01124107837677002}, {""label"": ""disgust"", ""score"": 0.0012680991785600781}, {""label"": ""embarrassment"", ""score"": 0.0005893643829040229}, {""label"": ""excitement"", ""score"": 0.0029838853515684605}, {""label"": ""fear"", ""score"": 0.002263203263282776}, {""label"": ""gratitude"", ""score"": 0.09556311368942261}, {""label"": ""grief"", ""score"": 0.0033057748805731535}, {""label"": ""joy"", ""score"": 0.0046638501808047295}, {""label"": ""love"", ""score"": 0.02806703746318817}, {""label"": ""nervousness"", ""score"": 0.0023102303966879845}, {""label"": ""optimism"", ""score"": 0.26278096437454224}, {""label"": ""pride"", ""score"": 0.002836826490238309}, {""label"": ""realization"", ""score"": 0.005225881468504667}, {""label"": ""relief"", ""score"": 0.00793368835002184}, {""label"": ""remorse"", ""score"": 0.011997206136584282}, {""label"": ""sadness"", ""score"": 0.01171824149787426}, {""label"": ""surprise"", ""score"": 0.0006597636383958161}, {""label"": ""neutral"", ""score"": 0.03486398607492447}]",caring
at://did:plc:qokbxxrozboz4264lgmjc6fr/app.bsky.feed.post/3lt5felw4222c,https://bsky.app/profile/cassidy-vare.bsky.social/post/3lt5felw4222c,bafyreihso6jkbygvymqgm7hqqwqm5y3waznogajifng7t2acj3bs4v55ne,"249 years later, that democracy, never truly built, is still struggling to be established.   A better future is possible. But it requires economic democracy as well as political democracy.",2025-07-04T13:54:27.713Z,2025-07-04T13:54:26.544Z,{},0,0,0,did:plc:qokbxxrozboz4264lgmjc6fr,cassidy-vare.bsky.social,Cassidy Vare 🏳️‍⚧️🏳️‍🌈🇵🇸,0,0,0,2024-12-10T17:13:42.951Z,,False,,False,"""[]""",2025-07-04T14:09:20.101972Z,Faux,"[0.942869246006012, 0.05713069811463356]","[{""label"": ""admiration"", ""score"": 0.009325114078819752}, {""label"": ""amusement"", ""score"": 0.0005717658787034452}, {""label"": ""anger"", ""score"": 0.0006380851846188307}, {""label"": ""annoyance"", ""score"": 0.006815393455326557}, {""label"": ""approval"", ""score"": 0.11644702404737473}, {""label"": ""caring"", ""score"": 0.004866941832005978}, {""label"": ""confusion"", ""score"": 0.010212760418653488}, {""label"": ""curiosity"", ""score"": 0.002929294714704156}, {""label"": ""desire"", ""score"": 0.04937483370304108}, {""label"": ""disappointment"", ""score"": 0.03887558728456497}, {""label"": ""disapproval"", ""score"": 0.02361936680972576}, {""label"": ""disgust"", ""score"": 0.0012956983409821987}, {""label"": ""embarrassment"", ""score"": 0.0007466545212082565}, {""label"": ""excitement"", ""score"": 0.0015914449468255043}, {""label"": ""fear"", ""score"": 0.0013400893658399582}, {""label"": ""gratitude"", ""score"": 0.00214026658795774}, {""label"": ""grief"", ""score"": 0.000637973309494555}, {""label"": ""joy"", ""score"": 0.001253872993402183}, {""label"": ""love"", ""score"": 0.001381939509883523}, {""label"": ""nervousness"", ""score"": 0.0009314894559793174}, {""label"": ""optimism"", ""score"": 0.40922510623931885}, {""label"": ""pride"", ""score"": 0.001075194333679974}, {""label"": ""realization"", ""score"": 0.052060067653656006}, {""label"": ""relief"", ""score"": 0.0015418108087033033}, {""label"": ""remorse"", ""score"": 0.002088267356157303}, {""label"": ""sadness"", ""score"": 0.004390458110719919}, {""label"": ""surprise"", ""score"": 0.0016468607354909182}, {""label"": ""neutral"", ""score"": 0.3476572036743164}]",optimism
at://did:plc:nzartnwhmrs7xrcpdzlau7dh/app.bsky.feed.post/3lt5feiccxl2m,https://bsky.app/profile/nanjde.bsky.social/post/3lt5feiccxl2m,bafyreib4msqx3ukohm5rxfhdocjjhmwdjrcezgyxzby7dh2p2ijymjisfq,"That's ok applications don't suggest Nazi as a political party but here we are with a White House full of them...  Zohran Mamdani, running for mayor of NYC, was born in Uganda. He doesn’t consider himself Black but said the application didn’t allow for the complexity of his background.",2025-07-04T13:54:23.918Z,2025-07-04T13:54:24.739Z,{},1,0,1,did:plc:nzartnwhmrs7xrcpdzlau7dh,nanjde.bsky.social,Nanjde,0,0,0,2024-11-15T17:55:00.608Z,,False,,False,"""[]""",2025-07-04T14:09:20.101994Z,Vrai,"[0.027007872238755226, 0.9729921221733093]","[{""label"": ""admiration"", ""score"": 0.0023613316006958485}, {""label"": ""amusement"", ""score"": 0.0008400336955673993}, {""label"": ""anger"", ""score"": 0.0011906134895980358}, {""label"": ""annoyance"", ""score"": 0.010614120401442051}, {""label"": ""approval"", ""score"": 0.109916552901268}, {""label"": ""caring"", ""score"": 0.0011278673773631454}, {""label"": ""confusion"", ""score"": 0.0037607087288051844}, {""label"": ""curiosity"", ""score"": 0.0005665114149451256}, {""label"": ""desire"", ""score"": 0.0007893764995969832}, {""label"": ""disappointment"", ""score"": 0.004868930671364069}, {""label"": ""disapproval"", ""score"": 0.09997165203094482}, {""label"": ""disgust"", ""score"": 0.0010231905616819859}, {""label"": ""embarrassment"", ""score"": 0.0004896773607470095}, {""label"": ""excitement"", ""score"": 0.000563999405130744}, {""label"": ""fear"", ""score"": 0.0004633112112060189}, {""label"": ""gratitude"", ""score"": 0.0008883409900590777}, {""label"": ""grief"", ""score"": 0.00022071639250498265}, {""label"": ""joy"", ""score"": 0.0009072267566807568}, {""label"": ""love"", ""score"": 0.0006215418688952923}, {""label"": ""nervousness"", ""score"": 0.000262247835053131}, {""label"": ""optimism"", ""score"": 0.0034914445132017136}, {""label"": ""pride"", ""score"": 0.00033097239793278277}, {""label"": ""realization"", ""score"": 0.03380425274372101}, {""label"": ""relief"", ""score"": 0.0007503085653297603}, {""label"": ""remorse"", ""score"": 0.00029986011213622987}, {""label"": ""sadness"", ""score"": 0.001096415682695806}, {""label"": ""surprise"", ""score"": 0.000596261175815016}, {""label"": ""neutral"", ""score"": 0.7999430298805237}]",neutral
at://did:plc:bnmqdnnkct3i5dcvevd5tbie/app.bsky.feed.post/3lt5fehz4222s,https://bsky.app/profile/evphoto.bsky.social/post/3lt5fehz4222s,bafyreie6myx6qyfi2szppx55cr4uaybuejxzx7ejefbagmy55b45zq4dna,Trump's stranglehold on the GOP leadership is based on his threats to form a new political party. Musk is now doing the same to Trump. But does Musk have sufficient political charisma and MSM support?,2025-07-04T13:54:23.617Z,2025-07-04T13:54:24.540Z,{},0,0,0,did:plc:bnmqdnnkct3i5dcvevd5tbie,evphoto.bsky.social,evPhoto,0,0,0,2024-10-10T12:38:30.210Z,,False,,False,"""[]""",2025-07-04T14:09:20.102016Z,Vrai,"[0.0071611409075558186, 0.9928389191627502]","[{""label"": ""admiration"", ""score"": 0.0022790278308093548}, {""label"": ""amusement"", ""score"": 0.0006876031402498484}, {""label"": ""anger"", ""score"": 0.0025683515705168247}, {""label"": ""annoyance"", ""score"": 0.012463180348277092}, {""label"": ""approval"", ""score"": 0.02464844472706318}, {""label"": ""caring"", ""score"": 0.0021430046763271093}, {""label"": ""confusion"", ""score"": 0.35773199796676636}, {""label"": ""curiosity"", ""score"": 0.4716324806213379}, {""label"": ""desire"", ""score"": 0.0016044894000515342}, {""label"": ""disappointment"", ""score"": 0.003787949215620756}, {""label"": ""disapproval"", ""score"": 0.00811211857944727}, {""label"": ""disgust"", ""score"": 0.0012524514459073544}, {""label"": ""embarrassment"", ""score"": 0.0006882409797981381}, {""label"": ""excitement"", ""score"": 0.0014741914346814156}, {""label"": ""fear"", ""score"": 0.0015217555919662118}, {""label"": ""gratitude"", ""score"": 0.0004327337665017694}, {""label"": ""grief"", ""score"": 0.0002770025166682899}, {""label"": ""joy"", ""score"": 0.0005750259151682258}, {""label"": ""love"", ""score"": 0.001495509990490973}, {""label"": ""nervousness"", ""score"": 0.0007675497909076512}, {""label"": ""optimism"", ""score"": 0.005264861509203911}, {""label"": ""pride"", ""score"": 8.608304051449522e-05}, {""label"": ""realization"", ""score"": 0.007616173475980759}, {""label"": ""relief"", ""score"": 0.00019414872804190964}, {""label"": ""remorse"", ""score"": 0.000501130532938987}, {""label"": ""sadness"", ""score"": 0.0014512132620438933}, {""label"": ""surprise"", ""score"": 0.00354159832932055}, {""label"": ""neutral"", ""score"": 0.4472809135913849}]",curiosity
at://did:plc:q3lqnbgc2y4ezecxhr6fsowb/app.bsky.feed.post/3lt5fed3pvs2g,https://bsky.app/profile/kos9192.bsky.social/post/3lt5fed3pvs2g,bafyreib4qnrpraxfns6aqvh2h63qcf7euyhxrnchkrqm5zdzarkkhc5kzu,Danny DeVito was suppose to be the original choice for the role to be the voice of Pikachu due to he never heard of Pokemon. Danny DeVito is one of the very rare A-List Celebrity who endorsed Bernie for U.S. Presidency at 2016 & 2020. Danny DeVito is a Democratic Socialist as his political ideology.,2025-07-04T13:54:18.460Z,2025-07-04T13:54:19.445Z,{},0,0,0,did:plc:q3lqnbgc2y4ezecxhr6fsowb,kos9192.bsky.social,OutsiderNerd110%,0,0,0,2024-11-17T17:42:24.532Z,,False,,False,"""[]""",2025-07-04T14:09:20.102038Z,Vrai,"[0.07719879597425461, 0.9228011965751648]","[{""label"": ""admiration"", ""score"": 0.016990581527352333}, {""label"": ""amusement"", ""score"": 0.0007871208363212645}, {""label"": ""anger"", ""score"": 0.0008713548304513097}, {""label"": ""annoyance"", ""score"": 0.007185489870607853}, {""label"": ""approval"", ""score"": 0.10333852469921112}, {""label"": ""caring"", ""score"": 0.0008388510323129594}, {""label"": ""confusion"", ""score"": 0.001355908578261733}, {""label"": ""curiosity"", ""score"": 0.0004746384220197797}, {""label"": ""desire"", ""score"": 0.0016973619349300861}, {""label"": ""disappointment"", ""score"": 0.010077373124659061}, {""label"": ""disapproval"", ""score"": 0.010036651045084}, {""label"": ""disgust"", ""score"": 0.0015714233741164207}, {""label"": ""embarrassment"", ""score"": 0.0005199054139666259}, {""label"": ""excitement"", ""score"": 0.0009211101569235325}, {""label"": ""fear"", ""score"": 0.000503502378705889}, {""label"": ""gratitude"", ""score"": 0.0009113181149587035}, {""label"": ""grief"", ""score"": 0.0003388540935702622}, {""label"": ""joy"", ""score"": 0.0011784795206040144}, {""label"": ""love"", ""score"": 0.0017529549077153206}, {""label"": ""nervousness"", ""score"": 0.0002389300352660939}, {""label"": ""optimism"", ""score"": 0.004878372885286808}, {""label"": ""pride"", ""score"": 0.0008821510709822178}, {""label"": ""realization"", ""score"": 0.035822611302137375}, {""label"": ""relief"", ""score"": 0.000780656817369163}, {""label"": ""remorse"", ""score"": 0.0004743657191284001}, {""label"": ""sadness"", ""score"": 0.0018682806985452771}, {""label"": ""surprise"", ""score"": 0.0006091459072194993}, {""label"": ""neutral"", ""score"": 0.8820973038673401}]",neutral
at://did:plc:uygbkkl3w772u644vky4u7iw/app.bsky.feed.post/3lt5fdoq2fc2y,https://bsky.app/profile/mrmucketymuck.bsky.social/post/3lt5fdoq2fc2y,bafyreifrb25dnmmwzwxggqfcrdhov64m36mjfslfbjb5ekavmxe6figiqe,He never imagined an entire political party plus the supreme court being the ones perverting the Constitution.,2025-07-04T13:53:57.106Z,2025-07-04T13:53:57.738Z,{},1,0,0,did:plc:uygbkkl3w772u644vky4u7iw,mrmucketymuck.bsky.social,Jack Schitt,0,0,0,2024-11-15T18:16:48.223Z,,False,,False,"""[]""",2025-07-04T14:09:20.102060Z,Faux,"[0.9935579895973206, 0.006441970821470022]","[{""label"": ""admiration"", ""score"": 0.0015221519861370325}, {""label"": ""amusement"", ""score"": 0.002162737539038062}, {""label"": ""anger"", ""score"": 0.0032247225753962994}, {""label"": ""annoyance"", ""score"": 0.019249411299824715}, {""label"": ""approval"", ""score"": 0.01582486554980278}, {""label"": ""caring"", ""score"": 0.0015345922438427806}, {""label"": ""confusion"", ""score"": 0.0019732792861759663}, {""label"": ""curiosity"", ""score"": 0.0005123384762555361}, {""label"": ""desire"", ""score"": 0.0008849835721775889}, {""label"": ""disappointment"", ""score"": 0.0074440971948206425}, {""label"": ""disapproval"", ""score"": 0.14235344529151917}, {""label"": ""disgust"", ""score"": 0.0020820077043026686}, {""label"": ""embarrassment"", ""score"": 0.0009609807748347521}, {""label"": ""excitement"", ""score"": 0.0006481342134065926}, {""label"": ""fear"", ""score"": 0.0015868011396378279}, {""label"": ""gratitude"", ""score"": 0.0011714380234479904}, {""label"": ""grief"", ""score"": 0.00041529812733642757}, {""label"": ""joy"", ""score"": 0.0011808404233306646}, {""label"": ""love"", ""score"": 0.0004967800341546535}, {""label"": ""nervousness"", ""score"": 0.00038422306533902884}, {""label"": ""optimism"", ""score"": 0.003185442415997386}, {""label"": ""pride"", ""score"": 0.0002915718068834394}, {""label"": ""realization"", ""score"": 0.013238559477031231}, {""label"": ""relief"", ""score"": 0.000620116712525487}, {""label"": ""remorse"", ""score"": 0.00044425687519833446}, {""label"": ""sadness"", ""score"": 0.002098707016557455}, {""label"": ""surprise"", ""score"": 0.0009755140054039657}, {""label"": ""neutral"", ""score"": 0.8731970191001892}]",neutral
at://did:plc:swukuiq7uphhcclp5gc2yjzm/app.bsky.feed.post/3lt5fdkanjk26,https://bsky.app/profile/brickb.bsky.social/post/3lt5fdkanjk26,bafyreiao4hdsqm7bwnawp35xlh3rplysk6xdonfpxegt6fzrdjdvavid6m,"I hear you, but if we want accountability we will need a very big change in the political demographics. Not only right wingers losing their seats, but democrats too. The current Dem leadership will not be the ones who would hold these people accountable to a meaningful degree.",2025-07-04T13:53:52.407Z,2025-07-04T13:53:52.837Z,{},0,0,1,did:plc:swukuiq7uphhcclp5gc2yjzm,brickb.bsky.social,"Brandt Brickell, PhD, CTRS/L",0,0,0,2023-10-26T01:40:39.940Z,,False,,False,"""[]""",2025-07-04T14:09:20.102453Z,Vrai,"[0.011521391570568085, 0.9884786009788513]","[{""label"": ""admiration"", ""score"": 0.002414185320958495}, {""label"": ""amusement"", ""score"": 0.0004938754136674106}, {""label"": ""anger"", ""score"": 0.002689578803256154}, {""label"": ""annoyance"", ""score"": 0.07381733506917953}, {""label"": ""approval"", ""score"": 0.07434030622243881}, {""label"": ""caring"", ""score"": 0.003399546490982175}, {""label"": ""confusion"", ""score"": 0.00456822058185935}, {""label"": ""curiosity"", ""score"": 0.0016089176060631871}, {""label"": ""desire"", ""score"": 0.021303104236721992}, {""label"": ""disappointment"", ""score"": 0.16622282564640045}, {""label"": ""disapproval"", ""score"": 0.18361206352710724}, {""label"": ""disgust"", ""score"": 0.0027454982046037912}, {""label"": ""embarrassment"", ""score"": 0.0017028244910761714}, {""label"": ""excitement"", ""score"": 0.0009829013142734766}, {""label"": ""fear"", ""score"": 0.0006718557560816407}, {""label"": ""gratitude"", ""score"": 0.00060985516756773}, {""label"": ""grief"", ""score"": 0.000602979096584022}, {""label"": ""joy"", ""score"": 0.0007762833847664297}, {""label"": ""love"", ""score"": 0.0011992371873930097}, {""label"": ""nervousness"", ""score"": 0.0009070317610166967}, {""label"": ""optimism"", ""score"": 0.029720766469836235}, {""label"": ""pride"", ""score"": 0.0005722874193452299}, {""label"": ""realization"", ""score"": 0.04819618538022041}, {""label"": ""relief"", ""score"": 0.0012138827005401254}, {""label"": ""remorse"", ""score"": 0.001889281440526247}, {""label"": ""sadness"", ""score"": 0.007425086107105017}, {""label"": ""surprise"", ""score"": 0.000979210832156241}, {""label"": ""neutral"", ""score"": 0.48308584094047546}]",neutral
at://did:plc:o7547pefasi2h5z3teg5f7ry/app.bsky.feed.post/3lt5fddoqq22x,https://bsky.app/profile/diva.from.rehab/post/3lt5fddoqq22x,bafyreidudjh65wgb5f5bxwwnuhujvbebxumkmn7dfv2btqe3ixbctng4g4,"i remember when twitter got rid of the ""worldwide"" trending page and replaced it with trending topics ""for you"" or whatever, that was an attempt at disengaging people with global political consensus",2025-07-04T13:53:45.528Z,2025-07-04T13:53:46.237Z,{},1,0,0,did:plc:o7547pefasi2h5z3teg5f7ry,diva.from.rehab,blow,0,0,0,2024-09-05T14:44:51.831Z,,False,,False,"""[]""",2025-07-04T14:09:20.102741Z,Faux,"[0.996697187423706, 0.003302834928035736]","[{""label"": ""admiration"", ""score"": 0.0012810522457584739}, {""label"": ""amusement"", ""score"": 0.002912682481110096}, {""label"": ""anger"", ""score"": 0.001315671601332724}, {""label"": ""annoyance"", ""score"": 0.020704668015241623}, {""label"": ""approval"", ""score"": 0.03817441314458847}, {""label"": ""caring"", ""score"": 0.0010564775438979268}, {""label"": ""confusion"", ""score"": 0.00640836451202631}, {""label"": ""curiosity"", ""score"": 0.0005857565556652844}, {""label"": ""desire"", ""score"": 0.00124742416664958}, {""label"": ""disappointment"", ""score"": 0.020009178668260574}, {""label"": ""disapproval"", ""score"": 0.010025967843830585}, {""label"": ""disgust"", ""score"": 0.0018604003125801682}, {""label"": ""embarrassment"", ""score"": 0.0029805267695337534}, {""label"": ""excitement"", ""score"": 0.0005208999500609934}, {""label"": ""fear"", ""score"": 0.0008179500000551343}, {""label"": ""gratitude"", ""score"": 0.0011252869153395295}, {""label"": ""grief"", ""score"": 0.0006222581141628325}, {""label"": ""joy"", ""score"": 0.0016483163926750422}, {""label"": ""love"", ""score"": 0.0007105894037522376}, {""label"": ""nervousness"", ""score"": 0.0008512240019626915}, {""label"": ""optimism"", ""score"": 0.005651445128023624}, {""label"": ""pride"", ""score"": 0.0006661748047918081}, {""label"": ""realization"", ""score"": 0.24987930059432983}, {""label"": ""relief"", ""score"": 0.001533063710667193}, {""label"": ""remorse"", ""score"": 0.0015723559772595763}, {""label"": ""sadness"", ""score"": 0.004757034592330456}, {""label"": ""surprise"", ""score"": 0.0010013245046138763}, {""label"": ""neutral"", ""score"": 0.7785640954971313}]",neutral
at://did:plc:n2u4nx3fmuji5op4n4oaablb/app.bsky.feed.post/3lt5fcl2vs22f,https://bsky.app/profile/jonathanrheaps.bsky.social/post/3lt5fcl2vs22f,bafyreifzdrvq2pw3x43l4gpndc4gpouhpe6amam7gcemdhcrzdrb5eagem,"Lonergan's got a passage in Insight where he talks about this social/political/cultural function of the ""known unknown"" that might fit into what you're mapping out here. This is an old snippet of it I screenshotted a while back:",2025-07-04T13:53:19.704Z,2025-07-04T13:53:24.037Z,"""images=[Image(alt='', image=BlobRef(mime_type='image/jpeg', size=805654, ref=IpldLink(link='bafkreic2s4s4t5ndidkvgpx4r66zh3fpa3k56kir2e6yyz477bpspftjpy'), py_type='blob'), aspect_ratio=AspectRatio(height=716, width=1562, py_type='app.bsky.embed.defs#aspectRatio'), py_type='app.bsky.embed.images#image')] py_type='app.bsky.embed.images'""",1,0,0,did:plc:n2u4nx3fmuji5op4n4oaablb,jonathanrheaps.bsky.social,Jonathan Heaps,0,0,0,2023-07-09T17:00:50.401Z,,False,,False,"""[]""",2025-07-04T14:09:20.102830Z,Faux,"[0.9549264907836914, 0.04507356137037277]","[{""label"": ""admiration"", ""score"": 0.0024681745562702417}, {""label"": ""amusement"", ""score"": 0.0011762791546061635}, {""label"": ""anger"", ""score"": 0.0008976160315796733}, {""label"": ""annoyance"", ""score"": 0.006274045445024967}, {""label"": ""approval"", ""score"": 0.02640857733786106}, {""label"": ""caring"", ""score"": 0.0011668552178889513}, {""label"": ""confusion"", ""score"": 0.004550550598651171}, {""label"": ""curiosity"", ""score"": 0.0015447617042809725}, {""label"": ""desire"", ""score"": 0.0009627292747609317}, {""label"": ""disappointment"", ""score"": 0.0033805121202021837}, {""label"": ""disapproval"", ""score"": 0.004044670145958662}, {""label"": ""disgust"", ""score"": 0.001178343198262155}, {""label"": ""embarrassment"", ""score"": 0.0004784785269293934}, {""label"": ""excitement"", ""score"": 0.0008455648203380406}, {""label"": ""fear"", ""score"": 0.0008929072646424174}, {""label"": ""gratitude"", ""score"": 0.000593906850554049}, {""label"": ""grief"", ""score"": 0.00026667333440855145}, {""label"": ""joy"", ""score"": 0.0009325610008090734}, {""label"": ""love"", ""score"": 0.0006307951989583671}, {""label"": ""nervousness"", ""score"": 0.0003556573938112706}, {""label"": ""optimism"", ""score"": 0.0037122229114174843}, {""label"": ""pride"", ""score"": 0.00025705620646476746}, {""label"": ""realization"", ""score"": 0.019350377842783928}, {""label"": ""relief"", ""score"": 0.00036899818223901093}, {""label"": ""remorse"", ""score"": 0.0003311207692604512}, {""label"": ""sadness"", ""score"": 0.001524539664387703}, {""label"": ""surprise"", ""score"": 0.0006090131937526166}, {""label"": ""neutral"", ""score"": 0.9545894861221313}]",neutral
at://did:plc:gteacegxxnjnnc4z7i6an7qs/app.bsky.feed.post/3lt5fcdytg222,https://bsky.app/profile/dankat68.bsky.social/post/3lt5fcdytg222,bafyreie6syfctpd6ok4o6iejuhwlat46pixg7mkw7civ4kfk2oqg6s2io4,Sadly I given up on Karma and the idea that political gravity wins in the end. But I’m not sure how Fox will be able to up-spin Trump policies to their viewers who’ll be watching from their cramped living rooms with their sickly in-laws after their nursing home and local hospital have shuttered.,2025-07-04T13:53:12.304Z,2025-07-04T13:53:12.944Z,{},1,0,0,did:plc:gteacegxxnjnnc4z7i6an7qs,dankat68.bsky.social,Dan Smith,0,0,0,2024-11-13T02:37:55.983Z,,False,,False,"""[]""",2025-07-04T14:09:20.102859Z,Vrai,"[0.013515964150428772, 0.9864839911460876]","[{""label"": ""admiration"", ""score"": 0.007057106122374535}, {""label"": ""amusement"", ""score"": 0.0020242659375071526}, {""label"": ""anger"", ""score"": 0.0037804527673870325}, {""label"": ""annoyance"", ""score"": 0.015405960381031036}, {""label"": ""approval"", ""score"": 0.02255064621567726}, {""label"": ""caring"", ""score"": 0.010850930586457253}, {""label"": ""confusion"", ""score"": 0.3027470111846924}, {""label"": ""curiosity"", ""score"": 0.022070836275815964}, {""label"": ""desire"", ""score"": 0.004341877065598965}, {""label"": ""disappointment"", ""score"": 0.4582202434539795}, {""label"": ""disapproval"", ""score"": 0.056460559368133545}, {""label"": ""disgust"", ""score"": 0.0026750548277050257}, {""label"": ""embarrassment"", ""score"": 0.006856088526546955}, {""label"": ""excitement"", ""score"": 0.002827912336215377}, {""label"": ""fear"", ""score"": 0.018542040139436722}, {""label"": ""gratitude"", ""score"": 0.002519018482416868}, {""label"": ""grief"", ""score"": 0.013593832962214947}, {""label"": ""joy"", ""score"": 0.006851524114608765}, {""label"": ""love"", ""score"": 0.014055841602385044}, {""label"": ""nervousness"", ""score"": 0.045751240104436874}, {""label"": ""optimism"", ""score"": 0.013556824065744877}, {""label"": ""pride"", ""score"": 0.0007922604563646019}, {""label"": ""realization"", ""score"": 0.031092863529920578}, {""label"": ""relief"", ""score"": 0.004086144268512726}, {""label"": ""remorse"", ""score"": 0.04567145183682442}, {""label"": ""sadness"", ""score"": 0.4932597279548645}, {""label"": ""surprise"", ""score"": 0.005450983066111803}, {""label"": ""neutral"", ""score"": 0.048167891800403595}]",sadness
at://did:plc:ms5b7si7izrziysnbzsnblw2/app.bsky.feed.post/3lt5fc3agr22j,https://bsky.app/profile/esther122.bsky.social/post/3lt5fc3agr22j,bafyreidav7fbwbbtn7cqto2ck4r4wwfaw7rordxoj67l4f7p7vhflwfb6q,"Exactly—fascism always makes exceptions for the ‘right kind’ of immigrant. Wonder what Stephen’s criteria are.It’s wild how the rules always bend for political convenience, isn’t it?",2025-07-04T13:53:03.116Z,2025-07-04T13:53:04.940Z,{},0,0,0,did:plc:ms5b7si7izrziysnbzsnblw2,esther122.bsky.social,Esther,0,0,0,2025-07-04T08:07:27.731Z,,False,,False,"""[]""",2025-07-04T14:09:20.102882Z,Vrai,"[0.002781140385195613, 0.9972188472747803]","[{""label"": ""admiration"", ""score"": 0.03932174667716026}, {""label"": ""amusement"", ""score"": 0.003215736709535122}, {""label"": ""anger"", ""score"": 0.0016621287213638425}, {""label"": ""annoyance"", ""score"": 0.003962525632232428}, {""label"": ""approval"", ""score"": 0.10521416366100311}, {""label"": ""caring"", ""score"": 0.002941915998235345}, {""label"": ""confusion"", ""score"": 0.06161307916045189}, {""label"": ""curiosity"", ""score"": 0.6724382638931274}, {""label"": ""desire"", ""score"": 0.0034198507200926542}, {""label"": ""disappointment"", ""score"": 0.00202950113452971}, {""label"": ""disapproval"", ""score"": 0.004045112058520317}, {""label"": ""disgust"", ""score"": 0.001137629966251552}, {""label"": ""embarrassment"", ""score"": 0.000866127957124263}, {""label"": ""excitement"", ""score"": 0.044898293912410736}, {""label"": ""fear"", ""score"": 0.00192162930034101}, {""label"": ""gratitude"", ""score"": 0.0013529745629057288}, {""label"": ""grief"", ""score"": 0.0004881243803538382}, {""label"": ""joy"", ""score"": 0.0035270988009870052}, {""label"": ""love"", ""score"": 0.0052209775894880295}, {""label"": ""nervousness"", ""score"": 0.0012072151293978095}, {""label"": ""optimism"", ""score"": 0.019113358110189438}, {""label"": ""pride"", ""score"": 0.0003632070729508996}, {""label"": ""realization"", ""score"": 0.01614290289580822}, {""label"": ""relief"", ""score"": 0.0008311581914313138}, {""label"": ""remorse"", ""score"": 0.0005652406252920628}, {""label"": ""sadness"", ""score"": 0.0011540909763425589}, {""label"": ""surprise"", ""score"": 0.1357119083404541}, {""label"": ""neutral"", ""score"": 0.09264279901981354}]",curiosity
at://did:plc:clwqslsmegls3a5nnhn7gwyv/app.bsky.feed.post/3lt5fbseslk25,https://bsky.app/profile/adammuraski.bsky.social/post/3lt5fbseslk25,bafyreigq7n4kn6nlx26tpuon7dpqfgbaga5h2gdvwjuvht4tzopr46e42i,This narrative is the leftist version of ‘the liberal media.’ It was the donors that forced Biden to step down. The donors who were enraged and terrified over the phantom political threat of Israel’s actions in Gaza. (The American electorate is overwhelmingly sympathetic to Israel),2025-07-04T13:52:53.822Z,2025-07-04T13:52:54.337Z,"""record=Main(cid='bafyreifkcir7jerjdtjibtj7xcwo7s4oj62jn2346b6i6zlkbly53cjlsi', uri='at://did:plc:w6laj2ztzqpdko5suowpwpsw/app.bsky.feed.post/3lsz7bi5lcs22', py_type='com.atproto.repo.strongRef') py_type='app.bsky.embed.record'""",0,0,0,did:plc:clwqslsmegls3a5nnhn7gwyv,adammuraski.bsky.social,Adam Muraski,0,0,0,2024-11-09T23:26:55.981Z,,False,,False,"""[]""",2025-07-04T14:09:20.102921Z,Vrai,"[0.15171906352043152, 0.8482809662818909]","[{""label"": ""admiration"", ""score"": 0.0038723843172192574}, {""label"": ""amusement"", ""score"": 0.0007537686033174396}, {""label"": ""anger"", ""score"": 0.004379418678581715}, {""label"": ""annoyance"", ""score"": 0.017548104748129845}, {""label"": ""approval"", ""score"": 0.09771686792373657}, {""label"": ""caring"", ""score"": 0.0035719498991966248}, {""label"": ""confusion"", ""score"": 0.0016190976602956653}, {""label"": ""curiosity"", ""score"": 0.0004826870863325894}, {""label"": ""desire"", ""score"": 0.001408883836120367}, {""label"": ""disappointment"", ""score"": 0.0116519620642066}, {""label"": ""disapproval"", ""score"": 0.007476057391613722}, {""label"": ""disgust"", ""score"": 0.005685470066964626}, {""label"": ""embarrassment"", ""score"": 0.0019474307773634791}, {""label"": ""excitement"", ""score"": 0.0009482165332883596}, {""label"": ""fear"", ""score"": 0.055571284145116806}, {""label"": ""gratitude"", ""score"": 0.0005375329637899995}, {""label"": ""grief"", ""score"": 0.0012399967527016997}, {""label"": ""joy"", ""score"": 0.0011074307840317488}, {""label"": ""love"", ""score"": 0.0009253037278540432}, {""label"": ""nervousness"", ""score"": 0.0038211713545024395}, {""label"": ""optimism"", ""score"": 0.004914708901196718}, {""label"": ""pride"", ""score"": 0.0010203584097325802}, {""label"": ""realization"", ""score"": 0.04608781263232231}, {""label"": ""relief"", ""score"": 0.0015798053937032819}, {""label"": ""remorse"", ""score"": 0.0006811348139308393}, {""label"": ""sadness"", ""score"": 0.011675483547151089}, {""label"": ""surprise"", ""score"": 0.0009639027412049472}, {""label"": ""neutral"", ""score"": 0.738375723361969}]",neutral
at://did:plc:27vff36gnir6cvkfpvg6et2m/app.bsky.feed.post/3lt5fbqvzjc2g,https://bsky.app/profile/cherry-pi.bsky.social/post/3lt5fbqvzjc2g,bafyreidtmzz4vlq5a7oxhfjhjplspjtuhwjwjcnukxvxqfdhxaah4j5qja,"fuck all these political lables, im pro-human rights and anti-genocide. and if you support trump, who is anti-human rights and pro-genocide, don’t interact with me.  also if you are neutral on this, you are also the problem. you can’t be neutral on literal genocide.  #politics #freePalestine",2025-07-04T13:52:52.289Z,2025-07-04T13:52:53.241Z,{},1,0,0,did:plc:27vff36gnir6cvkfpvg6et2m,cherry-pi.bsky.social,Cherry Pi,0,0,0,2025-01-12T18:15:56.043Z,,False,,False,"""[]""",2025-07-04T14:09:20.102944Z,Vrai,"[0.0002826429554261267, 0.9997172951698303]","[{""label"": ""admiration"", ""score"": 0.0014844360994175076}, {""label"": ""amusement"", ""score"": 0.0016343644820153713}, {""label"": ""anger"", ""score"": 0.2887542247772217}, {""label"": ""annoyance"", ""score"": 0.4120156168937683}, {""label"": ""approval"", ""score"": 0.023330535739660263}, {""label"": ""caring"", ""score"": 0.005311489570885897}, {""label"": ""confusion"", ""score"": 0.003426059614866972}, {""label"": ""curiosity"", ""score"": 0.0016963722882792354}, {""label"": ""desire"", ""score"": 0.0011263994965702295}, {""label"": ""disappointment"", ""score"": 0.010880614630877972}, {""label"": ""disapproval"", ""score"": 0.24174122512340546}, {""label"": ""disgust"", ""score"": 0.008813516236841679}, {""label"": ""embarrassment"", ""score"": 0.0020714583806693554}, {""label"": ""excitement"", ""score"": 0.0007236993405967951}, {""label"": ""fear"", ""score"": 0.0007514856406487525}, {""label"": ""gratitude"", ""score"": 0.0010083579691126943}, {""label"": ""grief"", ""score"": 0.00037087791133672}, {""label"": ""joy"", ""score"": 0.0011088832980021834}, {""label"": ""love"", ""score"": 0.0006390229682438076}, {""label"": ""nervousness"", ""score"": 0.0003652876184787601}, {""label"": ""optimism"", ""score"": 0.0035428619012236595}, {""label"": ""pride"", ""score"": 0.00047414464643225074}, {""label"": ""realization"", ""score"": 0.009120085276663303}, {""label"": ""relief"", ""score"": 0.0003914204135071486}, {""label"": ""remorse"", ""score"": 0.0004588028823491186}, {""label"": ""sadness"", ""score"": 0.0019268292235210538}, {""label"": ""surprise"", ""score"": 0.0009356379741802812}, {""label"": ""neutral"", ""score"": 0.3055214285850525}]",annoyance
at://did:plc:cbpcxfm7j4rybd7gwsuia34m/app.bsky.feed.post/3lt5fav4vek2c,https://bsky.app/profile/fionnbharr.bsky.social/post/3lt5fav4vek2c,bafyreibvdw2lqjn4f2rw7hbl4mjgmbss4a7jezn6gsi3qufpor6tzo636m,“Anticipatory obedience is a political tragedy.” ― Timothy Snyder,2025-07-04T13:52:23.155Z,2025-07-04T13:52:23.140Z,{},0,0,0,did:plc:cbpcxfm7j4rybd7gwsuia34m,fionnbharr.bsky.social,Fionnbharr,0,0,0,2023-10-01T11:16:40.330Z,,False,,False,"""[]""",2025-07-04T14:09:20.102966Z,Faux,"[0.9958844780921936, 0.004115461837500334]","[{""label"": ""admiration"", ""score"": 0.002951890230178833}, {""label"": ""amusement"", ""score"": 0.00645525474101305}, {""label"": ""anger"", ""score"": 0.00134087644983083}, {""label"": ""annoyance"", ""score"": 0.010439691133797169}, {""label"": ""approval"", ""score"": 0.024253055453300476}, {""label"": ""caring"", ""score"": 0.0007980368682183325}, {""label"": ""confusion"", ""score"": 0.0013510293792933226}, {""label"": ""curiosity"", ""score"": 0.00224264501594007}, {""label"": ""desire"", ""score"": 0.001367879332974553}, {""label"": ""disappointment"", ""score"": 0.011869853362441063}, {""label"": ""disapproval"", ""score"": 0.0026316153816878796}, {""label"": ""disgust"", ""score"": 0.0038017986807972193}, {""label"": ""embarrassment"", ""score"": 0.0026200974825769663}, {""label"": ""excitement"", ""score"": 0.005535437259823084}, {""label"": ""fear"", ""score"": 0.0039132810197770596}, {""label"": ""gratitude"", ""score"": 0.000526408024597913}, {""label"": ""grief"", ""score"": 0.0011998192640021443}, {""label"": ""joy"", ""score"": 0.0033014914952218533}, {""label"": ""love"", ""score"": 0.000940524332690984}, {""label"": ""nervousness"", ""score"": 0.0010887101525440812}, {""label"": ""optimism"", ""score"": 0.004803471267223358}, {""label"": ""pride"", ""score"": 0.0007673483341932297}, {""label"": ""realization"", ""score"": 0.024578768759965897}, {""label"": ""relief"", ""score"": 0.0011231973767280579}, {""label"": ""remorse"", ""score"": 0.0006138918688520789}, {""label"": ""sadness"", ""score"": 0.008346261456608772}, {""label"": ""surprise"", ""score"": 0.0066598751582205296}, {""label"": ""neutral"", ""score"": 0.9227811098098755}]",neutral
at://did:plc:bxgu7z3q45gukx4vm7rq2crr/app.bsky.feed.post/3lt5fatveps2p,https://bsky.app/profile/ian-woolcomb-54.bsky.social/post/3lt5fatveps2p,bafyreifylg3ga62xluwnoshwulr76ddby7q2rm2nbhhkxt3hxinzq3vxwu,Kill another green law? The EU wants to continue protecting polluters spreading greenwashing lies. Finally political momentum is on our side to stop this. Sign to demand the anti-greenwashing law. action.wemove.eu/sign/2025-07...,2025-07-04T13:52:21.860Z,2025-07-04T13:52:25.736Z,"""external=External(description='Kill another green law? The EU wants to continue protecting polluters spreading greenwashing lies. Finally political momentum is on our side to stop this. Sign to demand the anti-greenwashing law.', title='No more \u201cgreen\u201d lies! Don\u2019t let the EU kill the anti-greenwashing law.', uri='https://action.wemove.eu/sign/2025-07-antigreenwashing-directive-petition-EN?akid=s6346326..SeXLJv', thumb=BlobRef(mime_type='image/jpeg', size=765915, ref=IpldLink(link='bafkreicuokjdktd3xzegxiojsqzy3e4yt4xiy3dmasia4pmwgwpn6flt4m'), py_type='blob'), py_type='app.bsky.embed.external#external') py_type='app.bsky.embed.external'""",1,0,0,did:plc:bxgu7z3q45gukx4vm7rq2crr,ian-woolcomb-54.bsky.social,Ian_Woolcomb,0,0,0,2024-12-09T20:07:38.091Z,,False,,False,"""[]""",2025-07-04T14:09:20.103024Z,Vrai,"[0.0394713468849659, 0.9605286717414856]","[{""label"": ""admiration"", ""score"": 0.0016839979216456413}, {""label"": ""amusement"", ""score"": 0.0004929915885441005}, {""label"": ""anger"", ""score"": 0.002944828011095524}, {""label"": ""annoyance"", ""score"": 0.018479641526937485}, {""label"": ""approval"", ""score"": 0.1468077301979065}, {""label"": ""caring"", ""score"": 0.0038647360634058714}, {""label"": ""confusion"", ""score"": 0.03288692981004715}, {""label"": ""curiosity"", ""score"": 0.0952862799167633}, {""label"": ""desire"", ""score"": 0.012852080166339874}, {""label"": ""disappointment"", ""score"": 0.004153320100158453}, {""label"": ""disapproval"", ""score"": 0.012715266086161137}, {""label"": ""disgust"", ""score"": 0.001028468948788941}, {""label"": ""embarrassment"", ""score"": 0.00031061909976415336}, {""label"": ""excitement"", ""score"": 0.0015789128374308348}, {""label"": ""fear"", ""score"": 0.0007361075258813798}, {""label"": ""gratitude"", ""score"": 0.0002150461805285886}, {""label"": ""grief"", ""score"": 0.00022939361224416643}, {""label"": ""joy"", ""score"": 0.0006083790794946253}, {""label"": ""love"", ""score"": 0.0009232826996594667}, {""label"": ""nervousness"", ""score"": 0.0004140225937590003}, {""label"": ""optimism"", ""score"": 0.018010180443525314}, {""label"": ""pride"", ""score"": 0.0001908539270516485}, {""label"": ""realization"", ""score"": 0.010561616159975529}, {""label"": ""relief"", ""score"": 0.0003708678123075515}, {""label"": ""remorse"", ""score"": 0.00024312899040523916}, {""label"": ""sadness"", ""score"": 0.0009736286010593176}, {""label"": ""surprise"", ""score"": 0.0009408761980012059}, {""label"": ""neutral"", ""score"": 0.6617394685745239}]",neutral
at://did:plc:bdcl634xeqt4ox3n2ie2t4em/app.bsky.feed.post/3lt5fan52ts2p,https://bsky.app/profile/boulezian.bsky.social/post/3lt5fan52ts2p,bafyreiccx3rugyib5rznnxpplouvp6g6yoy5zamnfuznzhi7qppfrp2u3e,Cue total political/media establishment silence,2025-07-04T13:52:14.761Z,2025-07-04T13:52:17.909Z,"""images=[Image(alt='', image=BlobRef(mime_type='image/jpeg', size=448441, ref=IpldLink(link='bafkreie7fxpugee5vrmlppoivonkwyy4y5pg75hctn3vm2fnyhe4pa4264'), py_type='blob'), aspect_ratio=AspectRatio(height=1348, width=1100, py_type='app.bsky.embed.defs#aspectRatio'), py_type='app.bsky.embed.images#image')] py_type='app.bsky.embed.images'""",0,0,0,did:plc:bdcl634xeqt4ox3n2ie2t4em,boulezian.bsky.social,Mark Berry,0,0,0,2023-10-05T14:33:05.853Z,,False,,False,"""[]""",2025-07-04T14:09:20.103072Z,Vrai,"[0.3501158356666565, 0.6498842239379883]","[{""label"": ""admiration"", ""score"": 0.0020254210103303194}, {""label"": ""amusement"", ""score"": 0.003250724636018276}, {""label"": ""anger"", ""score"": 0.0025058770552277565}, {""label"": ""annoyance"", ""score"": 0.010269057005643845}, {""label"": ""approval"", ""score"": 0.014031660743057728}, {""label"": ""caring"", ""score"": 0.0008073712815530598}, {""label"": ""confusion"", ""score"": 0.0020917952060699463}, {""label"": ""curiosity"", ""score"": 0.0023331884294748306}, {""label"": ""desire"", ""score"": 0.0010220138356089592}, {""label"": ""disappointment"", ""score"": 0.0037402892485260963}, {""label"": ""disapproval"", ""score"": 0.002431836910545826}, {""label"": ""disgust"", ""score"": 0.002373045077547431}, {""label"": ""embarrassment"", ""score"": 0.0014491947367787361}, {""label"": ""excitement"", ""score"": 0.005443721078336239}, {""label"": ""fear"", ""score"": 0.0017077381489798427}, {""label"": ""gratitude"", ""score"": 0.0008835466578602791}, {""label"": ""grief"", ""score"": 0.0005285179358907044}, {""label"": ""joy"", ""score"": 0.0029957997612655163}, {""label"": ""love"", ""score"": 0.001135825994424522}, {""label"": ""nervousness"", ""score"": 0.0005669494858011603}, {""label"": ""optimism"", ""score"": 0.0015956941060721874}, {""label"": ""pride"", ""score"": 0.0004676287935581058}, {""label"": ""realization"", ""score"": 0.010539821349084377}, {""label"": ""relief"", ""score"": 0.0005125050665810704}, {""label"": ""remorse"", ""score"": 0.0003079934394918382}, {""label"": ""sadness"", ""score"": 0.0023014491889625788}, {""label"": ""surprise"", ""score"": 0.0031670990865677595}, {""label"": ""neutral"", ""score"": 0.9535066485404968}]",neutral
at://did:plc:6bjwvpf5yylii26iiexfo64y/app.bsky.feed.post/3lt5famfyks2n,https://bsky.app/profile/ealluia.bsky.social/post/3lt5famfyks2n,bafyreihgkteqnwy64igz4gzow5w6rgobn6wsaaqbeilrsayzlcuoqavixm,It's just a fact that the liberal retreat from Twitter has had the effect of shifting the political climate drastically right-ward in favor of those who dominate the platform. Not being able to solve this problem doesn't change this.,2025-07-04T13:52:14.015Z,2025-07-04T13:52:16.341Z,{},1,0,1,did:plc:6bjwvpf5yylii26iiexfo64y,ealluia.bsky.social,EAll,0,0,0,2023-10-06T21:32:53.495Z,,False,,False,"""[]""",2025-07-04T14:09:20.103094Z,Vrai,"[0.0025421809405088425, 0.9974578022956848]","[{""label"": ""admiration"", ""score"": 0.002682852791622281}, {""label"": ""amusement"", ""score"": 0.0006732062320224941}, {""label"": ""anger"", ""score"": 0.0019492398714646697}, {""label"": ""annoyance"", ""score"": 0.043312665075063705}, {""label"": ""approval"", ""score"": 0.19492442905902863}, {""label"": ""caring"", ""score"": 0.00214778003282845}, {""label"": ""confusion"", ""score"": 0.0039420840330421925}, {""label"": ""curiosity"", ""score"": 0.0006013376987539232}, {""label"": ""desire"", ""score"": 0.0021608027163892984}, {""label"": ""disappointment"", ""score"": 0.03337222337722778}, {""label"": ""disapproval"", ""score"": 0.10650859773159027}, {""label"": ""disgust"", ""score"": 0.0016798131400719285}, {""label"": ""embarrassment"", ""score"": 0.0009947731159627438}, {""label"": ""excitement"", ""score"": 0.0004199610557407141}, {""label"": ""fear"", ""score"": 0.0003810947819147259}, {""label"": ""gratitude"", ""score"": 0.0009702837560325861}, {""label"": ""grief"", ""score"": 0.00038691729423590004}, {""label"": ""joy"", ""score"": 0.0009166517411358654}, {""label"": ""love"", ""score"": 0.0007742096786387265}, {""label"": ""nervousness"", ""score"": 0.0004430720582604408}, {""label"": ""optimism"", ""score"": 0.013975829817354679}, {""label"": ""pride"", ""score"": 0.0006080922321416438}, {""label"": ""realization"", ""score"": 0.0866720899939537}, {""label"": ""relief"", ""score"": 0.0015434208326041698}, {""label"": ""remorse"", ""score"": 0.0008576795225962996}, {""label"": ""sadness"", ""score"": 0.0025693513453006744}, {""label"": ""surprise"", ""score"": 0.0006069222581572831}, {""label"": ""neutral"", ""score"": 0.583242654800415}]",neutral
at://did:plc:vpfavbhwv4okwh6ydgp5uxf6/app.bsky.feed.post/3lt5fa4g3pc2i,https://bsky.app/profile/sethabramson.bsky.social/post/3lt5fa4g3pc2i,bafyreibn2enl54lvs6zmwhxbmh546ud23sayq7v2xtwnh43dupx24btlcq,"All Democrats do  A second right-wing party would destroy MAGA  This feed is pretty advanced political reading, so kneejerk reactions like this sort of waste everyone's time",2025-07-04T13:51:57.241Z,2025-07-04T13:51:57.537Z,{},6,0,3,did:plc:vpfavbhwv4okwh6ydgp5uxf6,sethabramson.bsky.social,Seth Abramson,0,0,0,2023-04-27T20:10:47.115Z,,False,,False,"""[]""",2025-07-04T14:09:20.103116Z,Vrai,"[0.002919599413871765, 0.997080385684967]","[{""label"": ""admiration"", ""score"": 0.0015496764099225402}, {""label"": ""amusement"", ""score"": 0.002386900596320629}, {""label"": ""anger"", ""score"": 0.03181380778551102}, {""label"": ""annoyance"", ""score"": 0.546109676361084}, {""label"": ""approval"", ""score"": 0.009952056221663952}, {""label"": ""caring"", ""score"": 0.0013545997207984328}, {""label"": ""confusion"", ""score"": 0.002250159392133355}, {""label"": ""curiosity"", ""score"": 0.0009706901619210839}, {""label"": ""desire"", ""score"": 0.0024200882762670517}, {""label"": ""disappointment"", ""score"": 0.22714030742645264}, {""label"": ""disapproval"", ""score"": 0.08875574916601181}, {""label"": ""disgust"", ""score"": 0.014192267321050167}, {""label"": ""embarrassment"", ""score"": 0.006185261532664299}, {""label"": ""excitement"", ""score"": 0.0006983301718719304}, {""label"": ""fear"", ""score"": 0.0006249224534258246}, {""label"": ""gratitude"", ""score"": 0.0009834709344431758}, {""label"": ""grief"", ""score"": 0.0006955352728255093}, {""label"": ""joy"", ""score"": 0.0012992126867175102}, {""label"": ""love"", ""score"": 0.0004937485209666193}, {""label"": ""nervousness"", ""score"": 0.0008147641201503575}, {""label"": ""optimism"", ""score"": 0.005032026674598455}, {""label"": ""pride"", ""score"": 0.0006252671591937542}, {""label"": ""realization"", ""score"": 0.02086184173822403}, {""label"": ""relief"", ""score"": 0.000797806482296437}, {""label"": ""remorse"", ""score"": 0.0011963972356170416}, {""label"": ""sadness"", ""score"": 0.008103819563984871}, {""label"": ""surprise"", ""score"": 0.0015140653122216463}, {""label"": ""neutral"", ""score"": 0.34477776288986206}]",annoyance
at://did:plc:iihbuy7dj5dkwi4j633ma55b/app.bsky.feed.post/3lt5f7zohyk2i,https://bsky.app/profile/millskiupnorth.bsky.social/post/3lt5f7zohyk2i,bafyreicir4ffnzuvechn7k7ycjxlif6nfiapesuxt3q2wvatdp2ok7tbfq,"Late father’s 48-star 🇺🇸 flag.  As political scientist I cannot be silent as corrupt White House, Supreme Court, many in media, and GOP Cult Party have all turned against this flag and all it stands for. Happy birthday 🇺🇸. All patriots must stand forevermore with Old Glory. Democracy not Fascism☮️",2025-07-04T13:51:54.367Z,2025-07-04T13:52:00.042Z,"""images=[Image(alt='', image=BlobRef(mime_type='image/jpeg', size=897082, ref=IpldLink(link='bafkreig3jqzq4qkijf2shplvaqfdnjwoyvqurbdydwkhcqmk5mxkxsdi4q'), py_type='blob'), aspect_ratio=AspectRatio(height=2000, width=1500, py_type='app.bsky.embed.defs#aspectRatio'), py_type='app.bsky.embed.images#image')] py_type='app.bsky.embed.images'""",0,0,0,did:plc:iihbuy7dj5dkwi4j633ma55b,millskiupnorth.bsky.social,,0,0,0,2024-11-13T23:18:42.187Z,,False,,False,"""[]""",2025-07-04T14:09:20.103165Z,Vrai,"[0.008508623577654362, 0.9914913773536682]","[{""label"": ""admiration"", ""score"": 0.01685376837849617}, {""label"": ""amusement"", ""score"": 0.0013729844940826297}, {""label"": ""anger"", ""score"": 0.00403170008212328}, {""label"": ""annoyance"", ""score"": 0.023330196738243103}, {""label"": ""approval"", ""score"": 0.0277255866676569}, {""label"": ""caring"", ""score"": 0.0035410088021308184}, {""label"": ""confusion"", ""score"": 0.0008848533616401255}, {""label"": ""curiosity"", ""score"": 0.0010790388332679868}, {""label"": ""desire"", ""score"": 0.005101579707115889}, {""label"": ""disappointment"", ""score"": 0.006295743398368359}, {""label"": ""disapproval"", ""score"": 0.01214909739792347}, {""label"": ""disgust"", ""score"": 0.0010345642222091556}, {""label"": ""embarrassment"", ""score"": 0.0011050417087972164}, {""label"": ""excitement"", ""score"": 0.24878180027008057}, {""label"": ""fear"", ""score"": 0.0009688090067356825}, {""label"": ""gratitude"", ""score"": 0.01152055524289608}, {""label"": ""grief"", ""score"": 0.0008199082221835852}, {""label"": ""joy"", ""score"": 0.0854569748044014}, {""label"": ""love"", ""score"": 0.0024177904706448317}, {""label"": ""nervousness"", ""score"": 0.0008645439520478249}, {""label"": ""optimism"", ""score"": 0.008481589145958424}, {""label"": ""pride"", ""score"": 0.008031648583710194}, {""label"": ""realization"", ""score"": 0.012808745726943016}, {""label"": ""relief"", ""score"": 0.007271199021488428}, {""label"": ""remorse"", ""score"": 0.0002836718049366027}, {""label"": ""sadness"", ""score"": 0.0023654226679354906}, {""label"": ""surprise"", ""score"": 0.008297787979245186}, {""label"": ""neutral"", ""score"": 0.2157999873161316}]",excitement
at://did:plc:6czac73ziaya77nkrxiyj6is/app.bsky.feed.post/3lt5f7ytyd7l2,https://bsky.app/profile/jbond.mastodon.social.ap.brid.gy/post/3lt5f7ytyd7l2,bafyreiaz2pf3h3lw3px3lcav2ribt7j5qun5fgtdwqoy7d5jeiy6ictow4,"Ukips, coming over here. Wanting to re-invent themselves as some kind of new political party. I think the best and brightest of the Ukips should stay back in history and make that a better place.",2025-07-04T13:51:49.000Z,2025-07-04T13:52:04.338Z,{},0,0,0,did:plc:6czac73ziaya77nkrxiyj6is,jbond.mastodon.social.ap.brid.gy,,0,0,0,0001-01-01T00:00:00.000Z,,False,,False,"""[]""",2025-07-04T14:09:20.103190Z,Faux,"[0.9492804408073425, 0.05071958526968956]","[{""label"": ""admiration"", ""score"": 0.2016889452934265}, {""label"": ""amusement"", ""score"": 0.0012350630713626742}, {""label"": ""anger"", ""score"": 0.0016459071775898337}, {""label"": ""annoyance"", ""score"": 0.008691119961440563}, {""label"": ""approval"", ""score"": 0.10951291769742966}, {""label"": ""caring"", ""score"": 0.008754760026931763}, {""label"": ""confusion"", ""score"": 0.0019050281262025237}, {""label"": ""curiosity"", ""score"": 0.004944984335452318}, {""label"": ""desire"", ""score"": 0.45995691418647766}, {""label"": ""disappointment"", ""score"": 0.004637294448912144}, {""label"": ""disapproval"", ""score"": 0.006103225983679295}, {""label"": ""disgust"", ""score"": 0.0014674222329631448}, {""label"": ""embarrassment"", ""score"": 0.0003061243041884154}, {""label"": ""excitement"", ""score"": 0.01245663221925497}, {""label"": ""fear"", ""score"": 0.0008706215885467827}, {""label"": ""gratitude"", ""score"": 0.00734167592599988}, {""label"": ""grief"", ""score"": 0.0004970045411027968}, {""label"": ""joy"", ""score"": 0.0033305694814771414}, {""label"": ""love"", ""score"": 0.0022927706595510244}, {""label"": ""nervousness"", ""score"": 0.00047448958503082395}, {""label"": ""optimism"", ""score"": 0.19428560137748718}, {""label"": ""pride"", ""score"": 0.003882771823555231}, {""label"": ""realization"", ""score"": 0.006407617591321468}, {""label"": ""relief"", ""score"": 0.00120335363317281}, {""label"": ""remorse"", ""score"": 0.0006069529335945845}, {""label"": ""sadness"", ""score"": 0.0014126927126199007}, {""label"": ""surprise"", ""score"": 0.0010590521851554513}, {""label"": ""neutral"", ""score"": 0.15072669088840485}]",desire
at://did:plc:kqb3bsgwimfl2rph7f2nu7vl/app.bsky.feed.post/3lt5f7qk3kc2x,https://bsky.app/profile/atchajohn.bsky.social/post/3lt5f7qk3kc2x,bafyreianyqey2jnrfobkl2w7mfz77yc5c5wgwci2ur7rqmexgdrvgfwgfe,A/Political (X/ @apoliticalorg)  “The penny has dropped over #gaza” #freepalestine #palestine #IsraeliranWar  video ~1:00min  www.youtube.com/watch?v=B0ch...,2025-07-04T13:51:44.790Z,2025-07-04T13:51:46.547Z,"""external=External(description='YouTube video by A/POLITICAL', title='\u201cThe penny has dropped over #gaza\u201d #freepalestine #palestine #israel', uri='https://www.youtube.com/watch?v=B0ch0Ul0ajk', thumb=BlobRef(mime_type='image/jpeg', size=238535, ref=IpldLink(link='bafkreidnh7k4775yzp3xshude6srh7exd6igqx3n7cgbmoif34ouc57mqu'), py_type='blob'), py_type='app.bsky.embed.external#external') py_type='app.bsky.embed.external'""",0,1,0,did:plc:kqb3bsgwimfl2rph7f2nu7vl,atchajohn.bsky.social,A_John,0,0,0,2023-10-03T14:23:38.769Z,,False,,False,"""[]""",2025-07-04T14:09:20.103256Z,Vrai,"[0.00023869572032708675, 0.9997612833976746]","[{""label"": ""admiration"", ""score"": 0.0019252881174907088}, {""label"": ""amusement"", ""score"": 0.004000399727374315}, {""label"": ""anger"", ""score"": 0.001193453324958682}, {""label"": ""annoyance"", ""score"": 0.005425062496215105}, {""label"": ""approval"", ""score"": 0.017337920144200325}, {""label"": ""caring"", ""score"": 0.0005754379089921713}, {""label"": ""confusion"", ""score"": 0.005607887636870146}, {""label"": ""curiosity"", ""score"": 0.006502331700176001}, {""label"": ""desire"", ""score"": 0.0014357083709910512}, {""label"": ""disappointment"", ""score"": 0.0022720324341207743}, {""label"": ""disapproval"", ""score"": 0.0036775143817067146}, {""label"": ""disgust"", ""score"": 0.0019015996949747205}, {""label"": ""embarrassment"", ""score"": 0.0006681252270936966}, {""label"": ""excitement"", ""score"": 0.004247964359819889}, {""label"": ""fear"", ""score"": 0.0012065062765032053}, {""label"": ""gratitude"", ""score"": 0.0004906047834083438}, {""label"": ""grief"", ""score"": 0.0002828561991918832}, {""label"": ""joy"", ""score"": 0.0019494243897497654}, {""label"": ""love"", ""score"": 0.0013278902042657137}, {""label"": ""nervousness"", ""score"": 0.0003966389049310237}, {""label"": ""optimism"", ""score"": 0.0017556219827383757}, {""label"": ""pride"", ""score"": 0.00020379331544972956}, {""label"": ""realization"", ""score"": 0.008370734751224518}, {""label"": ""relief"", ""score"": 0.0002920511469710618}, {""label"": ""remorse"", ""score"": 0.00022007945517543703}, {""label"": ""sadness"", ""score"": 0.0011921989498659968}, {""label"": ""surprise"", ""score"": 0.0019443763885647058}, {""label"": ""neutral"", ""score"": 0.9400585889816284}]",neutral
at://did:plc:vydikzreb4ufiapent7sxhta/app.bsky.feed.post/3lt5f7gsxik2m,https://bsky.app/profile/euan.bsky.social/post/3lt5f7gsxik2m,bafyreiauur3243e65tobjkgqwneafxrj5tdpzvbsufnnk5pn6htyxnurse,love to have discussions about the foundations of a political party,2025-07-04T13:51:34.595Z,2025-07-04T13:51:35.340Z,{},1,0,0,did:plc:vydikzreb4ufiapent7sxhta,euan.bsky.social,Euan,0,0,0,2023-05-31T21:03:10.081Z,,False,,False,"""[]""",2025-07-04T14:09:20.103282Z,Faux,"[0.9993346333503723, 0.0006653201417066157]","[{""label"": ""admiration"", ""score"": 0.021064704284071922}, {""label"": ""amusement"", ""score"": 0.0038917362689971924}, {""label"": ""anger"", ""score"": 0.002578360727056861}, {""label"": ""annoyance"", ""score"": 0.003951024729758501}, {""label"": ""approval"", ""score"": 0.03274980187416077}, {""label"": ""caring"", ""score"": 0.003347638063132763}, {""label"": ""confusion"", ""score"": 0.003847117070108652}, {""label"": ""curiosity"", ""score"": 0.009242072701454163}, {""label"": ""desire"", ""score"": 0.06378170102834702}, {""label"": ""disappointment"", ""score"": 0.0026807114481925964}, {""label"": ""disapproval"", ""score"": 0.0032422246877104044}, {""label"": ""disgust"", ""score"": 0.0016808239743113518}, {""label"": ""embarrassment"", ""score"": 0.0003762029518838972}, {""label"": ""excitement"", ""score"": 0.027078863233327866}, {""label"": ""fear"", ""score"": 0.0007925855461508036}, {""label"": ""gratitude"", ""score"": 0.0028900259640067816}, {""label"": ""grief"", ""score"": 0.0003151645651087165}, {""label"": ""joy"", ""score"": 0.04150130972266197}, {""label"": ""love"", ""score"": 0.9010222554206848}, {""label"": ""nervousness"", ""score"": 0.0006434939568862319}, {""label"": ""optimism"", ""score"": 0.014423517510294914}, {""label"": ""pride"", ""score"": 0.0004441470082383603}, {""label"": ""realization"", ""score"": 0.0036332691088318825}, {""label"": ""relief"", ""score"": 0.0005107998149469495}, {""label"": ""remorse"", ""score"": 0.0007337200222536922}, {""label"": ""sadness"", ""score"": 0.0018625888042151928}, {""label"": ""surprise"", ""score"": 0.0017376503674313426}, {""label"": ""neutral"", ""score"": 0.021868139505386353}]",love
at://did:plc:vbinasigos6u3vhoypqpy4kc/app.bsky.feed.post/3lt5f7etwvc2n,https://bsky.app/profile/mastercoachhu.bsky.social/post/3lt5f7etwvc2n,bafyreihrqhkknqte4g4ac7pwaxoi6b735su2zjlxvgluofazcotzp5owv4,"We’re not “informed”—we’re being influenced. By media machines bankrolled by the elite 0.01%, feeding us narratives designed to divide.  Step outside the political echo chamber. Watch left. Watch right. Watch consciously.  Discern for yourself what rings true.  Namastè, Master Coach Hu",2025-07-04T13:51:32.511Z,2025-07-04T13:51:37.036Z,"""images=[Image(alt='', image=BlobRef(mime_type='image/jpeg', size=937080, ref=IpldLink(link='bafkreibvcjlndzub26h3xm4etjnildt44mzwjn6hpydnnofomzpvyjxcsy'), py_type='blob'), aspect_ratio=AspectRatio(height=1536, width=1024, py_type='app.bsky.embed.defs#aspectRatio'), py_type='app.bsky.embed.images#image')] py_type='app.bsky.embed.images'""",1,1,0,did:plc:vbinasigos6u3vhoypqpy4kc,mastercoachhu.bsky.social,Master Coach Hu,0,0,0,2025-02-08T18:02:50.744Z,,False,,False,"""[]""",2025-07-04T14:09:20.103333Z,Vrai,"[0.0005639399751089513, 0.99943608045578]","[{""label"": ""admiration"", ""score"": 0.002203925745561719}, {""label"": ""amusement"", ""score"": 0.0004916103207506239}, {""label"": ""anger"", ""score"": 0.0037680496461689472}, {""label"": ""annoyance"", ""score"": 0.03551331162452698}, {""label"": ""approval"", ""score"": 0.09520377218723297}, {""label"": ""caring"", ""score"": 0.0030966380145400763}, {""label"": ""confusion"", ""score"": 0.0014876986388117075}, {""label"": ""curiosity"", ""score"": 0.0006830329075455666}, {""label"": ""desire"", ""score"": 0.000806699157692492}, {""label"": ""disappointment"", ""score"": 0.0047454023733735085}, {""label"": ""disapproval"", ""score"": 0.02587941475212574}, {""label"": ""disgust"", ""score"": 0.0017955926014110446}, {""label"": ""embarrassment"", ""score"": 0.00046088569797575474}, {""label"": ""excitement"", ""score"": 0.00039044488221406937}, {""label"": ""fear"", ""score"": 0.0004385013598948717}, {""label"": ""gratitude"", ""score"": 0.0004041018837597221}, {""label"": ""grief"", ""score"": 0.0001991878671105951}, {""label"": ""joy"", ""score"": 0.00041062672971747816}, {""label"": ""love"", ""score"": 0.00044471496948972344}, {""label"": ""nervousness"", ""score"": 0.00019521923968568444}, {""label"": ""optimism"", ""score"": 0.004129023756831884}, {""label"": ""pride"", ""score"": 0.0002806379343383014}, {""label"": ""realization"", ""score"": 0.022243911400437355}, {""label"": ""relief"", ""score"": 0.0003708892036229372}, {""label"": ""remorse"", ""score"": 0.0002198391011916101}, {""label"": ""sadness"", ""score"": 0.001014017267152667}, {""label"": ""surprise"", ""score"": 0.00033902341965585947}, {""label"": ""neutral"", ""score"": 0.8572648763656616}]",neutral
at://did:plc:73eea4lge5jsl6wo22i3ss6u/app.bsky.feed.post/3lt5f7cwj322o,https://bsky.app/profile/tyranicus.bsky.social/post/3lt5f7cwj322o,bafyreidry3pp7dbjie4znosmo7cvghkfnxwwsxloej4unou54pkk7mpx6u,"Several years ago, I replied with this scene when Shatner tweeted that his Star Trek was never political. He was not amused.",2025-07-04T13:51:30.516Z,2025-07-04T13:51:30.638Z,"""record=Main(cid='bafyreidafl7bnmm4l5c7t6y3wiwrqw4fh75ny6iylnbioc7aov2q7nlsiu', uri='at://did:plc:z5g4hqggg6gyhhp2jvlfjfj3/app.bsky.feed.post/3lt5d33bvcs2v', py_type='com.atproto.repo.strongRef') py_type='app.bsky.embed.record'""",14,4,3,did:plc:73eea4lge5jsl6wo22i3ss6u,tyranicus.bsky.social,Thad 🔜 Shore Leave,0,0,0,2023-07-01T18:46:29.482Z,,False,,False,"""[]""",2025-07-04T14:09:20.103367Z,Faux,"[0.7585607767105103, 0.24143923819065094]","[{""label"": ""admiration"", ""score"": 0.0011060686083510518}, {""label"": ""amusement"", ""score"": 0.038765888661146164}, {""label"": ""anger"", ""score"": 0.002066402928903699}, {""label"": ""annoyance"", ""score"": 0.037737131118774414}, {""label"": ""approval"", ""score"": 0.02771596424281597}, {""label"": ""caring"", ""score"": 0.0011407291749492288}, {""label"": ""confusion"", ""score"": 0.001965153496712446}, {""label"": ""curiosity"", ""score"": 0.0005079260445199907}, {""label"": ""desire"", ""score"": 0.0006498994771391153}, {""label"": ""disappointment"", ""score"": 0.011000635102391243}, {""label"": ""disapproval"", ""score"": 0.01717323251068592}, {""label"": ""disgust"", ""score"": 0.0020761312916874886}, {""label"": ""embarrassment"", ""score"": 0.003409684170037508}, {""label"": ""excitement"", ""score"": 0.0007861340418457985}, {""label"": ""fear"", ""score"": 0.0005285365623421967}, {""label"": ""gratitude"", ""score"": 0.00058120081666857}, {""label"": ""grief"", ""score"": 0.0004527767887338996}, {""label"": ""joy"", ""score"": 0.0059979078359901905}, {""label"": ""love"", ""score"": 0.0006051715463399887}, {""label"": ""nervousness"", ""score"": 0.0004918284830637276}, {""label"": ""optimism"", ""score"": 0.002842128509655595}, {""label"": ""pride"", ""score"": 0.0005987366894260049}, {""label"": ""realization"", ""score"": 0.06453176587820053}, {""label"": ""relief"", ""score"": 0.00143551011569798}, {""label"": ""remorse"", ""score"": 0.0007781320018693805}, {""label"": ""sadness"", ""score"": 0.0024721422232687473}, {""label"": ""surprise"", ""score"": 0.000805891992058605}, {""label"": ""neutral"", ""score"": 0.8184332251548767}]",neutral
at://did:plc:6jdpjyksr42p7yrzv4llhhli/app.bsky.feed.post/3lt5f7cjj2k2n,https://bsky.app/profile/pfafard.bsky.social/post/3lt5f7cjj2k2n,bafyreih6ngvom34dgbytn7oc7r36gbjmhpfxximwc3plu44gautknha2re,Political theory for public health: making the case for harm reduction.,2025-07-04T13:51:30.089Z,2025-07-04T13:51:30.535Z,"""record=Main(cid='bafyreiekfadzi6zmt5nxc5sk3hsoo5s2g3m6q5ceayhvyuyxeoqf3l6ehi', uri='at://did:plc:xzzesxndb6f3xsp2phcfhb5n/app.bsky.feed.post/3lt4qzmggq224', py_type='com.atproto.repo.strongRef') py_type='app.bsky.embed.record'""",1,0,0,did:plc:6jdpjyksr42p7yrzv4llhhli,pfafard.bsky.social,Patrick Fafard,0,0,0,2023-09-26T15:14:39.791Z,,False,,False,"""[]""",2025-07-04T14:09:20.103398Z,Faux,"[0.8999460935592651, 0.10005395859479904]","[{""label"": ""admiration"", ""score"": 0.0021405548322945833}, {""label"": ""amusement"", ""score"": 0.0014299455797299743}, {""label"": ""anger"", ""score"": 0.0013316491385921836}, {""label"": ""annoyance"", ""score"": 0.008593928068876266}, {""label"": ""approval"", ""score"": 0.029741285368800163}, {""label"": ""caring"", ""score"": 0.0007937291520647705}, {""label"": ""confusion"", ""score"": 0.0029227768536657095}, {""label"": ""curiosity"", ""score"": 0.0011187616037204862}, {""label"": ""desire"", ""score"": 0.0011942072305828333}, {""label"": ""disappointment"", ""score"": 0.0047582113184034824}, {""label"": ""disapproval"", ""score"": 0.006312036886811256}, {""label"": ""disgust"", ""score"": 0.0024974083062261343}, {""label"": ""embarrassment"", ""score"": 0.0006577492458745837}, {""label"": ""excitement"", ""score"": 0.0008477462688460946}, {""label"": ""fear"", ""score"": 0.0013070643180981278}, {""label"": ""gratitude"", ""score"": 0.0005525189335457981}, {""label"": ""grief"", ""score"": 0.0003445915936026722}, {""label"": ""joy"", ""score"": 0.0007813750416971743}, {""label"": ""love"", ""score"": 0.0009023486054502428}, {""label"": ""nervousness"", ""score"": 0.0003550401597749442}, {""label"": ""optimism"", ""score"": 0.003258237848058343}, {""label"": ""pride"", ""score"": 0.0002597118145786226}, {""label"": ""realization"", ""score"": 0.01584555394947529}, {""label"": ""relief"", ""score"": 0.0003634596068877727}, {""label"": ""remorse"", ""score"": 0.00032253641984425485}, {""label"": ""sadness"", ""score"": 0.002295200014486909}, {""label"": ""surprise"", ""score"": 0.0006345562287606299}, {""label"": ""neutral"", ""score"": 0.9540183544158936}]",neutral
at://did:plc:53vg2ih6b6fvdlvfhnmcdvfd/app.bsky.feed.post/3lt5f6w3dts2p,https://bsky.app/profile/trans-carol.bsky.social/post/3lt5f6w3dts2p,bafyreigjscz5mval73uumggcbo3i6re7zunxkjv6h6rw43g5l3nuxbsf24,2 of2 ....... Does this remind anyone how another political party started their rise to power which resulted in their regime of terror? www.bbc.co.uk/news/article...,2025-07-04T13:51:17.044Z,2025-07-04T13:51:20.741Z,"""external=External(description='KCC says the move came after a', title=\""Trans books removed from children's library, Reform council says\"", uri='https://www.bbc.co.uk/news/articles/c6257p2vry3o', thumb=BlobRef(mime_type='image/jpeg', size=889433, ref=IpldLink(link='bafkreia45tlwum6mdgod7e5w2gomxhm6pxrqyb5pefoaqcnjfxzf3taeye'), py_type='blob'), py_type='app.bsky.embed.external#external') py_type='app.bsky.embed.external'""",1,0,0,did:plc:53vg2ih6b6fvdlvfhnmcdvfd,trans-carol.bsky.social,Carol Steele,0,0,0,2024-11-30T22:53:13.944Z,,False,,False,"""[]""",2025-07-04T14:09:20.103982Z,Vrai,"[0.0038468025159090757, 0.9961531758308411]","[{""label"": ""admiration"", ""score"": 0.0015063013415783644}, {""label"": ""amusement"", ""score"": 0.001202148967422545}, {""label"": ""anger"", ""score"": 0.002050317358225584}, {""label"": ""annoyance"", ""score"": 0.00912918709218502}, {""label"": ""approval"", ""score"": 0.007710502948611975}, {""label"": ""caring"", ""score"": 0.0014665176859125495}, {""label"": ""confusion"", ""score"": 0.21038077771663666}, {""label"": ""curiosity"", ""score"": 0.5177786946296692}, {""label"": ""desire"", ""score"": 0.0011902626138180494}, {""label"": ""disappointment"", ""score"": 0.0025520254857838154}, {""label"": ""disapproval"", ""score"": 0.0028851288370788097}, {""label"": ""disgust"", ""score"": 0.0011999559355899692}, {""label"": ""embarrassment"", ""score"": 0.0008660556632094085}, {""label"": ""excitement"", ""score"": 0.0015420678537338972}, {""label"": ""fear"", ""score"": 0.0016641642432659864}, {""label"": ""gratitude"", ""score"": 0.0005210586241446435}, {""label"": ""grief"", ""score"": 0.0003865988983307034}, {""label"": ""joy"", ""score"": 0.0006590710254386067}, {""label"": ""love"", ""score"": 0.0011100892443209887}, {""label"": ""nervousness"", ""score"": 0.0006993578281253576}, {""label"": ""optimism"", ""score"": 0.0025253978092223406}, {""label"": ""pride"", ""score"": 6.224043318070471e-05}, {""label"": ""realization"", ""score"": 0.00766619760543108}, {""label"": ""relief"", ""score"": 0.0001657744578551501}, {""label"": ""remorse"", ""score"": 0.000457549438579008}, {""label"": ""sadness"", ""score"": 0.00194849434774369}, {""label"": ""surprise"", ""score"": 0.006688395049422979}, {""label"": ""neutral"", ""score"": 0.5151066184043884}]",curiosity
at://did:plc:et2wciooy67fjldjcvls34c6/app.bsky.feed.post/3lt5f6nbpqr2y,https://bsky.app/profile/altnih4science.bsky.social/post/3lt5f6nbpqr2y,bafyreifzy426b2ftczycbtv4rmdja2pqxxkuv5vfgqctzdveq35gteq4re,"Here’s how the Chronicle covers the scientific critique.  “ Many racial hereditarians present their claims as widely accepted but deliberately suppressed facts… Their critics argue that shoddy scholarship and a refusal to account for…”  Both sides, in other words.",2025-07-04T13:51:06.000Z,2025-07-04T13:51:08.046Z,"""images=[Image(alt='who believe in the genetic superiority of the white race.\"" Two were published in the Journal of Intelligence, an international, open-access periodical that advertises its quick review and publication\\nprocess.\\nMany racial hereditarians present their claims as widely accepted but deliberately suppressed facts in the scientific community. They blame the political correctness of academe for the difficulty they have publishing in well-respected journals.\\nTheir critics argue that shoddy scholarship and a refusal to account for developments in the study of genetics keep racial hereditarians marginal. Even respected scholars who believe genes play a role in intelligence argue that the role of environmental factors is too complicated and profound to disentangle. Behavioral geneticists like Kathryn Paige Harden and Eric Turkheimer repudiate the idea that IQ differences between races are rooted in genetics.\\nBut in study after study, Pesta and his co-authors reference \""race\"" without any caveats, a', image=BlobRef(mime_type='image/jpeg', size=388766, ref=IpldLink(link='bafkreibn3gjfdtwwpo62zc4k7rsrjass4kkqu6q35cwqh6jazj3zsnynde'), py_type='blob'), aspect_ratio=AspectRatio(height=978, width=1179, py_type='app.bsky.embed.defs#aspectRatio'), py_type='app.bsky.embed.images#image')] py_type='app.bsky.embed.images'""",3,0,1,did:plc:et2wciooy67fjldjcvls34c6,altnih4science.bsky.social,Alt NIH Bluesky 🧪,0,0,0,2025-01-30T01:10:03.444Z,,False,,False,"""[]""",2025-07-04T14:09:20.104063Z,Vrai,"[0.0011622249148786068, 0.9988377690315247]","[{""label"": ""admiration"", ""score"": 0.0014381491346284747}, {""label"": ""amusement"", ""score"": 0.0010609010932967067}, {""label"": ""anger"", ""score"": 0.0030602263286709785}, {""label"": ""annoyance"", ""score"": 0.021580390632152557}, {""label"": ""approval"", ""score"": 0.026231003925204277}, {""label"": ""caring"", ""score"": 0.000843461777549237}, {""label"": ""confusion"", ""score"": 0.003371575614437461}, {""label"": ""curiosity"", ""score"": 0.001140650943852961}, {""label"": ""desire"", ""score"": 0.0006944831111468375}, {""label"": ""disappointment"", ""score"": 0.005402260925620794}, {""label"": ""disapproval"", ""score"": 0.012506213039159775}, {""label"": ""disgust"", ""score"": 0.0021005026064813137}, {""label"": ""embarrassment"", ""score"": 0.0005656572757288814}, {""label"": ""excitement"", ""score"": 0.0004523091483861208}, {""label"": ""fear"", ""score"": 0.0007083991076797247}, {""label"": ""gratitude"", ""score"": 0.0004024348163511604}, {""label"": ""grief"", ""score"": 0.00024428777396678925}, {""label"": ""joy"", ""score"": 0.00048578562564216554}, {""label"": ""love"", ""score"": 0.00046299953828565776}, {""label"": ""nervousness"", ""score"": 0.0002042430714936927}, {""label"": ""optimism"", ""score"": 0.0028629505541175604}, {""label"": ""pride"", ""score"": 0.0001771950046531856}, {""label"": ""realization"", ""score"": 0.015756621956825256}, {""label"": ""relief"", ""score"": 0.00021368941816035658}, {""label"": ""remorse"", ""score"": 0.00023500896350014955}, {""label"": ""sadness"", ""score"": 0.0015756059437990189}, {""label"": ""surprise"", ""score"": 0.0005307882092893124}, {""label"": ""neutral"", ""score"": 0.9409478306770325}]",neutral
at://did:plc:yr5olmr5qpm6j6ie5sayhf36/app.bsky.feed.post/3lt5f6coeqs2y,https://bsky.app/profile/erinstille.bsky.social/post/3lt5f6coeqs2y,bafyreienpafaijnqycl5pihot5jgg77npxqbhao5uouosferwa7tc5syg4,A thing worth noting: Bajor was a pre-warp civilization and handling its cultural and political issues after ending occupation was really hard and delicate.,2025-07-04T13:50:56.696Z,2025-07-04T13:50:57.337Z,{},0,0,0,did:plc:yr5olmr5qpm6j6ie5sayhf36,erinstille.bsky.social,Errantly Erin ,0,0,0,2023-07-04T23:50:06.610Z,,False,,False,"""[]""",2025-07-04T14:09:20.104088Z,Vrai,"[0.0012713972246274352, 0.9987285733222961]","[{""label"": ""admiration"", ""score"": 0.010696331970393658}, {""label"": ""amusement"", ""score"": 0.0005202664760872722}, {""label"": ""anger"", ""score"": 0.0015839015832170844}, {""label"": ""annoyance"", ""score"": 0.026723509654402733}, {""label"": ""approval"", ""score"": 0.2872197926044464}, {""label"": ""caring"", ""score"": 0.0053568314760923386}, {""label"": ""confusion"", ""score"": 0.00459034088999033}, {""label"": ""curiosity"", ""score"": 0.0009533065021969378}, {""label"": ""desire"", ""score"": 0.0016484522493556142}, {""label"": ""disappointment"", ""score"": 0.014532853849232197}, {""label"": ""disapproval"", ""score"": 0.013866692781448364}, {""label"": ""disgust"", ""score"": 0.002618122845888138}, {""label"": ""embarrassment"", ""score"": 0.0016008592210710049}, {""label"": ""excitement"", ""score"": 0.0005471287295222282}, {""label"": ""fear"", ""score"": 0.0016479470068588853}, {""label"": ""gratitude"", ""score"": 0.0007544581312686205}, {""label"": ""grief"", ""score"": 0.0006854708190076053}, {""label"": ""joy"", ""score"": 0.0011684536002576351}, {""label"": ""love"", ""score"": 0.0009408502373844385}, {""label"": ""nervousness"", ""score"": 0.0015811070334166288}, {""label"": ""optimism"", ""score"": 0.007203554268926382}, {""label"": ""pride"", ""score"": 0.0017531850608065724}, {""label"": ""realization"", ""score"": 0.1753949224948883}, {""label"": ""relief"", ""score"": 0.0032451199367642403}, {""label"": ""remorse"", ""score"": 0.0008685861830599606}, {""label"": ""sadness"", ""score"": 0.004301488399505615}, {""label"": ""surprise"", ""score"": 0.0006298117223195732}, {""label"": ""neutral"", ""score"": 0.6053474545478821}]",neutral
at://did:plc:et2wciooy67fjldjcvls34c6/app.bsky.feed.post/3lt5f6c2hpx2c,https://bsky.app/profile/altnih4science.bsky.social/post/3lt5f6c2hpx2c,bafyreiakukkmhyrlz2ypwvj5ldvhyez5435dsbjvieq3b4tmdxpqxmnywy,The NYT leaker co-authored a paper in 2019 on race and intelligence.  “ Using the ancestry-adjusted association between MTAG eduPGS and g from the monoracial African-American sample as an estimate of the transracially unbiased validity of eduPGS (B = 0.124)…”,2025-07-04T13:50:55.000Z,2025-07-04T13:50:56.741Z,"""images=[Image(alt='iam O\\'Brien was a master\\'s student in political science at Cleveland State University in 2019 when a screenshot from a new article, titled \""Global Ancestry and Cognitive Ability,\"" crawled across his Twitter feed.\\nTo the untrained eye, the abstract was highly technical. \""Using the ancestry-adjusted association between MTAG eduPGS and g from the monoracial African-American sample as an estimate of the\\ntransracially unbiased validity of eduPGS (B = 0.124),\"" the authors\\nwrote, \""the results suggest that as much as 20%-25% of the race difference in g can be na\u00efvely explained by known cognitive ability-related variants.\""\\nThe argument dressed up in that statistical jargon? That Black people are genetically disposed to be less intelligent than white people.', image=BlobRef(mime_type='image/jpeg', size=388766, ref=IpldLink(link='bafkreibn3gjfdtwwpo62zc4k7rsrjass4kkqu6q35cwqh6jazj3zsnynde'), py_type='blob'), aspect_ratio=AspectRatio(height=978, width=1179, py_type='app.bsky.embed.defs#aspectRatio'), py_type='app.bsky.embed.images#image')] py_type='app.bsky.embed.images'""",2,0,1,did:plc:et2wciooy67fjldjcvls34c6,altnih4science.bsky.social,Alt NIH Bluesky 🧪,0,0,0,2025-01-30T01:10:03.444Z,,False,,False,"""[]""",2025-07-04T14:09:20.104154Z,Vrai,"[0.2355080544948578, 0.7644919157028198]","[{""label"": ""admiration"", ""score"": 0.005009138956665993}, {""label"": ""amusement"", ""score"": 0.001327316276729107}, {""label"": ""anger"", ""score"": 0.0008902984554879367}, {""label"": ""annoyance"", ""score"": 0.0064344340935349464}, {""label"": ""approval"", ""score"": 0.05680365860462189}, {""label"": ""caring"", ""score"": 0.000873232027515769}, {""label"": ""confusion"", ""score"": 0.0019478424219414592}, {""label"": ""curiosity"", ""score"": 0.0009297197102569044}, {""label"": ""desire"", ""score"": 0.0008834139443933964}, {""label"": ""disappointment"", ""score"": 0.004839136730879545}, {""label"": ""disapproval"", ""score"": 0.005632203537970781}, {""label"": ""disgust"", ""score"": 0.0015100339660421014}, {""label"": ""embarrassment"", ""score"": 0.0006098991143517196}, {""label"": ""excitement"", ""score"": 0.0010276188841089606}, {""label"": ""fear"", ""score"": 0.0007006115629337728}, {""label"": ""gratitude"", ""score"": 0.0006676173070445657}, {""label"": ""grief"", ""score"": 0.00031410661176778376}, {""label"": ""joy"", ""score"": 0.001065351301804185}, {""label"": ""love"", ""score"": 0.0012456260155886412}, {""label"": ""nervousness"", ""score"": 0.0002711794222705066}, {""label"": ""optimism"", ""score"": 0.003457031911239028}, {""label"": ""pride"", ""score"": 0.00040293228812515736}, {""label"": ""realization"", ""score"": 0.02349267713725567}, {""label"": ""relief"", ""score"": 0.0005424129194580019}, {""label"": ""remorse"", ""score"": 0.0004169188905507326}, {""label"": ""sadness"", ""score"": 0.0016800243174657226}, {""label"": ""surprise"", ""score"": 0.0006336004589684308}, {""label"": ""neutral"", ""score"": 0.9475896954536438}]",neutral
at://did:plc:jt6nsewt2efhlpnny4ecx7tm/app.bsky.feed.post/3lt5f67klfc2q,https://bsky.app/profile/gfrose.bsky.social/post/3lt5f67klfc2q,bafyreif3anmoexcbeoeuroohdoas54ngwh6vbipr3tfk3ly5x5pwbfmpwq,"I mean, aren't all political people opportunists?",2025-07-04T13:50:53.425Z,2025-07-04T13:50:54.534Z,{},0,0,1,did:plc:jt6nsewt2efhlpnny4ecx7tm,gfrose.bsky.social,G F Rose,0,0,0,2024-09-18T04:31:12.706Z,,False,,False,"""[]""",2025-07-04T14:09:20.104178Z,Faux,"[0.9950892329216003, 0.004910846706479788]","[{""label"": ""admiration"", ""score"": 0.0018173565622419119}, {""label"": ""amusement"", ""score"": 0.0013632489135488868}, {""label"": ""anger"", ""score"": 0.002533702412620187}, {""label"": ""annoyance"", ""score"": 0.010640783235430717}, {""label"": ""approval"", ""score"": 0.01687251217663288}, {""label"": ""caring"", ""score"": 0.0014146347530186176}, {""label"": ""confusion"", ""score"": 0.447323203086853}, {""label"": ""curiosity"", ""score"": 0.470518559217453}, {""label"": ""desire"", ""score"": 0.0008717580349184573}, {""label"": ""disappointment"", ""score"": 0.0017700805328786373}, {""label"": ""disapproval"", ""score"": 0.006937235128134489}, {""label"": ""disgust"", ""score"": 0.0014331602724269032}, {""label"": ""embarrassment"", ""score"": 0.0007263411534950137}, {""label"": ""excitement"", ""score"": 0.0011257613077759743}, {""label"": ""fear"", ""score"": 0.0009410007623955607}, {""label"": ""gratitude"", ""score"": 0.0006468779756687582}, {""label"": ""grief"", ""score"": 0.0002461385156493634}, {""label"": ""joy"", ""score"": 0.0006306709256023169}, {""label"": ""love"", ""score"": 0.0013841459294781089}, {""label"": ""nervousness"", ""score"": 0.0003985290532000363}, {""label"": ""optimism"", ""score"": 0.003285366576164961}, {""label"": ""pride"", ""score"": 6.855375249870121e-05}, {""label"": ""realization"", ""score"": 0.008528986014425755}, {""label"": ""relief"", ""score"": 0.00015218995395116508}, {""label"": ""remorse"", ""score"": 0.0004324164183344692}, {""label"": ""sadness"", ""score"": 0.0010116416960954666}, {""label"": ""surprise"", ""score"": 0.004972320981323719}, {""label"": ""neutral"", ""score"": 0.3500515818595886}]",curiosity
at://did:plc:wwpfcqainwhfi7r53qw3avap/app.bsky.feed.post/3lt5f5nfrhc2f,https://bsky.app/profile/jimjudistar.bsky.social/post/3lt5f5nfrhc2f,bafyreidckrvi5qyov6tvwbumuue2rtigpcucz2vch753tslx7wumezvsay,'Utterly deplorable': This MAGA tactic against political rivals 'sends a chill down the spine'  www.alternet.org/msn-uk/trump...,2025-07-04T13:50:34.391Z,2025-07-04T13:50:44.842Z,"""external=External(description=\""Donald Trump is far from the first U.S. president to have an aggressive deportations policy. During former President Barack Obama's eight years in the White House, some of his Spanish-speaking critics...\"", title=\""'Utterly deplorable': This MAGA tactic against political rivals 'sends a chill down the spine'\"", uri='https://www.alternet.org/msn-uk/trump-musk-mamdani-malala/?utm_source=Iterable&utm_medium=email&utm_campaign=Jul.3.2025_8.33pm', thumb=BlobRef(mime_type='image/jpeg', size=767130, ref=IpldLink(link='bafkreifz34xcz7ig46v64vvbpn7dnmwsw4odnvub7tueppjzs7cfci6vfi'), py_type='blob'), py_type='app.bsky.embed.external#external') py_type='app.bsky.embed.external'""",0,0,0,did:plc:wwpfcqainwhfi7r53qw3avap,jimjudistar.bsky.social,jimjudistar,0,0,0,2024-11-10T23:49:54.980Z,,False,,False,"""[]""",2025-07-04T14:09:20.104230Z,Vrai,"[0.0006724614650011063, 0.999327540397644]","[{""label"": ""admiration"", ""score"": 0.0017962371930480003}, {""label"": ""amusement"", ""score"": 0.002415639581158757}, {""label"": ""anger"", ""score"": 0.027092687785625458}, {""label"": ""annoyance"", ""score"": 0.15870213508605957}, {""label"": ""approval"", ""score"": 0.02182244323194027}, {""label"": ""caring"", ""score"": 0.001493340590968728}, {""label"": ""confusion"", ""score"": 0.0009483592002652586}, {""label"": ""curiosity"", ""score"": 0.0008729117689654231}, {""label"": ""desire"", ""score"": 0.001425774535164237}, {""label"": ""disappointment"", ""score"": 0.0274617001414299}, {""label"": ""disapproval"", ""score"": 0.04202785715460777}, {""label"": ""disgust"", ""score"": 0.16942425072193146}, {""label"": ""embarrassment"", ""score"": 0.010373667813837528}, {""label"": ""excitement"", ""score"": 0.001338366768322885}, {""label"": ""fear"", ""score"": 0.014533906243741512}, {""label"": ""gratitude"", ""score"": 0.0002515340456739068}, {""label"": ""grief"", ""score"": 0.0007752340752631426}, {""label"": ""joy"", ""score"": 0.0009490421507507563}, {""label"": ""love"", ""score"": 0.000779937778133899}, {""label"": ""nervousness"", ""score"": 0.0015522557077929378}, {""label"": ""optimism"", ""score"": 0.0014140723505988717}, {""label"": ""pride"", ""score"": 0.0005293575813993812}, {""label"": ""realization"", ""score"": 0.009014126844704151}, {""label"": ""relief"", ""score"": 0.0006161306519061327}, {""label"": ""remorse"", ""score"": 0.0004533894534688443}, {""label"": ""sadness"", ""score"": 0.008985523134469986}, {""label"": ""surprise"", ""score"": 0.0010568042052909732}, {""label"": ""neutral"", ""score"": 0.6332294344902039}]",neutral
at://did:plc:vaevyimmc6eat2rqyupxarhy/app.bsky.feed.post/3lt5f5eqyz22t,https://bsky.app/profile/midwestache.bsky.social/post/3lt5f5eqyz22t,bafyreifxj5g6emuak5z7e3wa7pioy4fzoshymghwn4zvw3s3ndpivb7ina,"The most honest, accountable, political coverage these days is coming from @rollingstone.com.",2025-07-04T13:50:25.322Z,2025-07-04T13:50:25.735Z,"""record=Main(cid='bafyreid3vs7vt3cfysbyywv7irr67lsdqd52zwjnv4ohcdh5lexoxo7yzq', uri='at://did:plc:vf32tdeunh3ra6nvclxhmeuo/app.bsky.feed.post/3lt5f3fwwqk2r', py_type='com.atproto.repo.strongRef') py_type='app.bsky.embed.record'""",12,0,1,did:plc:vaevyimmc6eat2rqyupxarhy,midwestache.bsky.social,Wes 👨🏻,0,0,0,2023-06-22T13:48:44.272Z,,False,,False,"""[]""",2025-07-04T14:09:20.104266Z,Vrai,"[0.007780289743095636, 0.9922196865081787]","[{""label"": ""admiration"", ""score"": 0.052649449557065964}, {""label"": ""amusement"", ""score"": 0.0008418887155130506}, {""label"": ""anger"", ""score"": 0.0007331206579692662}, {""label"": ""annoyance"", ""score"": 0.006940862629562616}, {""label"": ""approval"", ""score"": 0.48258161544799805}, {""label"": ""caring"", ""score"": 0.002870099153369665}, {""label"": ""confusion"", ""score"": 0.0007003579521551728}, {""label"": ""curiosity"", ""score"": 0.0007250464987009764}, {""label"": ""desire"", ""score"": 0.0035452651791274548}, {""label"": ""disappointment"", ""score"": 0.002375677926465869}, {""label"": ""disapproval"", ""score"": 0.0044758934527635574}, {""label"": ""disgust"", ""score"": 0.0009169101831503212}, {""label"": ""embarrassment"", ""score"": 0.00022697432723362}, {""label"": ""excitement"", ""score"": 0.003035890869796276}, {""label"": ""fear"", ""score"": 0.000269734620815143}, {""label"": ""gratitude"", ""score"": 0.002138713840395212}, {""label"": ""grief"", ""score"": 0.00019623935804702342}, {""label"": ""joy"", ""score"": 0.001959756948053837}, {""label"": ""love"", ""score"": 0.0010057223262265325}, {""label"": ""nervousness"", ""score"": 0.0001822292833821848}, {""label"": ""optimism"", ""score"": 0.018867669627070427}, {""label"": ""pride"", ""score"": 0.002028960268944502}, {""label"": ""realization"", ""score"": 0.021599799394607544}, {""label"": ""relief"", ""score"": 0.0016346618067473173}, {""label"": ""remorse"", ""score"": 0.0002461405820213258}, {""label"": ""sadness"", ""score"": 0.0005790264112874866}, {""label"": ""surprise"", ""score"": 0.0005357615882530808}, {""label"": ""neutral"", ""score"": 0.5220037698745728}]",neutral
at://did:plc:alfdjrooxeatcxbuw3v7aj57/app.bsky.feed.post/3lt5f5dei7c23,https://bsky.app/profile/andreala66.bsky.social/post/3lt5f5dei7c23,bafyreihclqcbucdtv6rk5hnzsnzbpx7k4ttqb6f6ejrp67wzdgpuu3qdxi,"Oh look Labour if yiu give kids and teenagers something to do and improve their lives it positively impacts the neighborhood!!  @gregorpoynton.bsky.social   #Austerity is a political choice that harms social services, NHS, kids, education, economy",2025-07-04T13:50:23.862Z,2025-07-04T13:50:28.534Z,"""record=Main(cid='bafyreihwjca6g4ksfzny4m4mlsk2b24bchr2y3zmgjuyru3rhmxcjsmjsq', uri='at://did:plc:uqnyrpls22pqbicmdkwnlvli/app.bsky.feed.post/3lt4yvepjik2p', py_type='com.atproto.repo.strongRef') py_type='app.bsky.embed.record'""",0,0,0,did:plc:alfdjrooxeatcxbuw3v7aj57,andreala66.bsky.social,,0,0,0,2024-11-23T16:05:28.247Z,,False,,False,"""[]""",2025-07-04T14:09:20.104299Z,Vrai,"[0.0006428174674510956, 0.9993571639060974]","[{""label"": ""admiration"", ""score"": 0.0022622933611273766}, {""label"": ""amusement"", ""score"": 0.000870787538588047}, {""label"": ""anger"", ""score"": 0.0029041157104074955}, {""label"": ""annoyance"", ""score"": 0.05377980321645737}, {""label"": ""approval"", ""score"": 0.10448997467756271}, {""label"": ""caring"", ""score"": 0.001059588510543108}, {""label"": ""confusion"", ""score"": 0.001663454808294773}, {""label"": ""curiosity"", ""score"": 0.0004798455920536071}, {""label"": ""desire"", ""score"": 0.0014477712102234364}, {""label"": ""disappointment"", ""score"": 0.08942428976297379}, {""label"": ""disapproval"", ""score"": 0.05497484281659126}, {""label"": ""disgust"", ""score"": 0.0029848702251911163}, {""label"": ""embarrassment"", ""score"": 0.001867343788035214}, {""label"": ""excitement"", ""score"": 0.0004105827247258276}, {""label"": ""fear"", ""score"": 0.0005744353984482586}, {""label"": ""gratitude"", ""score"": 0.00027036337996833026}, {""label"": ""grief"", ""score"": 0.0005999020067974925}, {""label"": ""joy"", ""score"": 0.0010787977371364832}, {""label"": ""love"", ""score"": 0.0012274659238755703}, {""label"": ""nervousness"", ""score"": 0.0005399135407060385}, {""label"": ""optimism"", ""score"": 0.006253615953028202}, {""label"": ""pride"", ""score"": 0.0005233432748354971}, {""label"": ""realization"", ""score"": 0.05142083019018173}, {""label"": ""relief"", ""score"": 0.001124560832977295}, {""label"": ""remorse"", ""score"": 0.0008696624427102506}, {""label"": ""sadness"", ""score"": 0.011840260587632656}, {""label"": ""surprise"", ""score"": 0.0006128858076408505}, {""label"": ""neutral"", ""score"": 0.685979962348938}]",neutral
at://did:plc:45yddazoiblh2xklfmydvfyf/app.bsky.feed.post/3lt5f5crpmk2t,https://bsky.app/profile/hlc-learning.bsky.social/post/3lt5f5crpmk2t,bafyreibekh5jtswuniqrchvm3n6vnru5agc7nirohgiwrgsu5pysduxfue,"We’re not “informed”—we’re being influenced. By media machines bankrolled by the elite 0.01%, feeding us narratives designed to divide.  Step outside the political echo chamber. Watch left. Watch right. Watch consciously.  Discern for yourself what rings true.  Namastè, Master Coach Hu",2025-07-04T13:50:23.231Z,2025-07-04T13:50:27.439Z,"""images=[Image(alt='', image=BlobRef(mime_type='image/jpeg', size=937080, ref=IpldLink(link='bafkreibvcjlndzub26h3xm4etjnildt44mzwjn6hpydnnofomzpvyjxcsy'), py_type='blob'), aspect_ratio=AspectRatio(height=1536, width=1024, py_type='app.bsky.embed.defs#aspectRatio'), py_type='app.bsky.embed.images#image')] py_type='app.bsky.embed.images'""",1,1,0,did:plc:45yddazoiblh2xklfmydvfyf,hlc-learning.bsky.social,"Holistic Learning Center, Inc. (HLC)",0,0,0,2025-02-11T17:44:48.744Z,,False,,False,"""[]""",2025-07-04T14:09:20.104347Z,Vrai,"[0.0005639399751089513, 0.99943608045578]","[{""label"": ""admiration"", ""score"": 0.002203925745561719}, {""label"": ""amusement"", ""score"": 0.0004916103207506239}, {""label"": ""anger"", ""score"": 0.0037680496461689472}, {""label"": ""annoyance"", ""score"": 0.03551331162452698}, {""label"": ""approval"", ""score"": 0.09520377218723297}, {""label"": ""caring"", ""score"": 0.0030966380145400763}, {""label"": ""confusion"", ""score"": 0.0014876986388117075}, {""label"": ""curiosity"", ""score"": 0.0006830329075455666}, {""label"": ""desire"", ""score"": 0.000806699157692492}, {""label"": ""disappointment"", ""score"": 0.0047454023733735085}, {""label"": ""disapproval"", ""score"": 0.02587941475212574}, {""label"": ""disgust"", ""score"": 0.0017955926014110446}, {""label"": ""embarrassment"", ""score"": 0.00046088569797575474}, {""label"": ""excitement"", ""score"": 0.00039044488221406937}, {""label"": ""fear"", ""score"": 0.0004385013598948717}, {""label"": ""gratitude"", ""score"": 0.0004041018837597221}, {""label"": ""grief"", ""score"": 0.0001991878671105951}, {""label"": ""joy"", ""score"": 0.00041062672971747816}, {""label"": ""love"", ""score"": 0.00044471496948972344}, {""label"": ""nervousness"", ""score"": 0.00019521923968568444}, {""label"": ""optimism"", ""score"": 0.004129023756831884}, {""label"": ""pride"", ""score"": 0.0002806379343383014}, {""label"": ""realization"", ""score"": 0.022243911400437355}, {""label"": ""relief"", ""score"": 0.0003708892036229372}, {""label"": ""remorse"", ""score"": 0.0002198391011916101}, {""label"": ""sadness"", ""score"": 0.001014017267152667}, {""label"": ""surprise"", ""score"": 0.00033902341965585947}, {""label"": ""neutral"", ""score"": 0.8572648763656616}]",neutral
at://did:plc:rarrgdcd4j5ybhq3y75bae66/app.bsky.feed.post/3lt5f57zhfk26,https://bsky.app/profile/bickerrecord.bsky.social/post/3lt5f57zhfk26,bafyreiftfq53euxwe4vn3ftnmmv2b7ohfbic3ih2r4gahcla7rencl3t34,"It might be the Coventry branch, or one person in it, going freelance, on basis that this isn't a rival political party (yet), but it's possible it has wider Unite buy in.  Be interesting to see how long it takes a journo to pick up on the oddity and make the calls. Hopefully it will be a local one.",2025-07-04T13:50:20.358Z,2025-07-04T13:50:25.343Z,"""record=Main(cid='bafyreihvm62udd77cozadlwklogyoxrempjbo5jtth45gapjxm4b474o6u', uri='at://did:plc:rarrgdcd4j5ybhq3y75bae66/app.bsky.feed.post/3lt5eaoes5s2o', py_type='com.atproto.repo.strongRef') py_type='app.bsky.embed.record'""",0,0,1,did:plc:rarrgdcd4j5ybhq3y75bae66,bickerrecord.bsky.social,Paul Cotterill,0,0,0,2023-08-21T09:10:30.475Z,,False,,False,"""[]""",2025-07-04T14:09:20.104376Z,Vrai,"[0.0028499409090727568, 0.9971501231193542]","[{""label"": ""admiration"", ""score"": 0.02845536544919014}, {""label"": ""amusement"", ""score"": 0.006240804214030504}, {""label"": ""anger"", ""score"": 0.0016398560255765915}, {""label"": ""annoyance"", ""score"": 0.0034696483053267}, {""label"": ""approval"", ""score"": 0.044040877372026443}, {""label"": ""caring"", ""score"": 0.019417522475123405}, {""label"": ""confusion"", ""score"": 0.03446279838681221}, {""label"": ""curiosity"", ""score"": 0.173430398106575}, {""label"": ""desire"", ""score"": 0.09651342034339905}, {""label"": ""disappointment"", ""score"": 0.003327270969748497}, {""label"": ""disapproval"", ""score"": 0.0038918289355933666}, {""label"": ""disgust"", ""score"": 0.001486698747612536}, {""label"": ""embarrassment"", ""score"": 0.0005329146515578032}, {""label"": ""excitement"", ""score"": 0.05157093331217766}, {""label"": ""fear"", ""score"": 0.003464690875262022}, {""label"": ""gratitude"", ""score"": 0.004784609191119671}, {""label"": ""grief"", ""score"": 0.0006985061918385327}, {""label"": ""joy"", ""score"": 0.009555368684232235}, {""label"": ""love"", ""score"": 0.005069867707788944}, {""label"": ""nervousness"", ""score"": 0.0019015762954950333}, {""label"": ""optimism"", ""score"": 0.8060780167579651}, {""label"": ""pride"", ""score"": 0.0010339110158383846}, {""label"": ""realization"", ""score"": 0.008411918766796589}, {""label"": ""relief"", ""score"": 0.0010782260214909911}, {""label"": ""remorse"", ""score"": 0.0017148904735222459}, {""label"": ""sadness"", ""score"": 0.0015347724547609687}, {""label"": ""surprise"", ""score"": 0.013357597403228283}, {""label"": ""neutral"", ""score"": 0.0480974018573761}]",optimism
at://did:plc:vkbquronmu3chztel5wwkd3w/app.bsky.feed.post/3lt5f4tzef32n,https://bsky.app/profile/middlechildtake.bsky.social/post/3lt5f4tzef32n,bafyreicyslfj7kgjmvjxfejuybjrebwekp5r7vq3vxfqayv64665wvwgru,"Chinese state media have emphasized how divisive the bill has been and the seeming futility of the American democratic process to reflect popular will. Reports described the debates as a “political circus,” while Chinese pundits said the vote highlighted “increasing polarization” in the U.S.",2025-07-04T13:50:05.953Z,2025-07-04T13:50:06.758Z,{},0,0,1,did:plc:vkbquronmu3chztel5wwkd3w,middlechildtake.bsky.social,Kathy  L Weiss,0,0,0,2024-02-15T13:24:48.459Z,,False,,False,"""[]""",2025-07-04T14:09:20.104472Z,Vrai,"[0.0011047112056985497, 0.9988952875137329]","[{""label"": ""admiration"", ""score"": 0.0021600411273539066}, {""label"": ""amusement"", ""score"": 0.0007132510072551668}, {""label"": ""anger"", ""score"": 0.0025409648660570383}, {""label"": ""annoyance"", ""score"": 0.05608449876308441}, {""label"": ""approval"", ""score"": 0.07365556061267853}, {""label"": ""caring"", ""score"": 0.001466102316044271}, {""label"": ""confusion"", ""score"": 0.0024036886170506477}, {""label"": ""curiosity"", ""score"": 0.0005660938913933933}, {""label"": ""desire"", ""score"": 0.0013209922472015023}, {""label"": ""disappointment"", ""score"": 0.06924426555633545}, {""label"": ""disapproval"", ""score"": 0.04390745982527733}, {""label"": ""disgust"", ""score"": 0.003292699111625552}, {""label"": ""embarrassment"", ""score"": 0.0021133359987288713}, {""label"": ""excitement"", ""score"": 0.0003537751908879727}, {""label"": ""fear"", ""score"": 0.0006762758712284267}, {""label"": ""gratitude"", ""score"": 0.00036670349072664976}, {""label"": ""grief"", ""score"": 0.000537716958206147}, {""label"": ""joy"", ""score"": 0.0006618465995416045}, {""label"": ""love"", ""score"": 0.0006983877392485738}, {""label"": ""nervousness"", ""score"": 0.0007203764980658889}, {""label"": ""optimism"", ""score"": 0.005861305166035891}, {""label"": ""pride"", ""score"": 0.0004938393831253052}, {""label"": ""realization"", ""score"": 0.06706538796424866}, {""label"": ""relief"", ""score"": 0.0009695740300230682}, {""label"": ""remorse"", ""score"": 0.001035085879266262}, {""label"": ""sadness"", ""score"": 0.007902632467448711}, {""label"": ""surprise"", ""score"": 0.000493242172524333}, {""label"": ""neutral"", ""score"": 0.7694176435470581}]",neutral
at://did:plc:jf6nw2xaut7cutftulr2chg3/app.bsky.feed.post/3lt5f4nz5yk2i,https://bsky.app/profile/arkancrow.bsky.social/post/3lt5f4nz5yk2i,bafyreifglr5s42fbutp2gz2ha4xf476ojzttetakncbaexht5fvcainowu,"Allo DOJ, it's to report the name of an intermediary in the hacking you are supposed to investigate.",2025-07-04T13:50:01.473Z,2025-07-04T13:50:13.838Z,"""images=[Image(alt='NEW YORK -- A politically motivated hacker breached Columbia University\\'s data systems last week, stealing troves of student documents while briefly shutting down the school\\'s computer systems, a university official said Wednesday.\\n\\nThe June 24 cyberattack prompted widespread network outages on campus, locking students and staff out of their email accounts, coursework and video conference software for several hours. On the same day, images of President Donald Trump\\'s smiling face appeared on several public monitors across the Manhattan campus.\\n\\nA spokesperson for Columbia declined to elaborate on the political motivations behind the attack. But officials described a highly sophisticated \""hacktivist\"" who had gained access to private student records in an attempt to further a political agenda.\\n\\nThe spokesperson said it was unclear if the Trump photo display was connected to the data breach.', image=BlobRef(mime_type='image/jpeg', size=436527, ref=IpldLink(link='bafkreibpmv5gnda2lubzeiohvbbsfz4k7xflxp5spxhldor6o34akghl4u'), py_type='blob'), aspect_ratio=AspectRatio(height=562, width=737, py_type='app.bsky.embed.defs#aspectRatio'), py_type='app.bsky.embed.images#image')] py_type='app.bsky.embed.images'""",0,0,0,did:plc:jf6nw2xaut7cutftulr2chg3,arkancrow.bsky.social,Arkancrow,0,0,0,2023-08-18T09:24:52.452Z,,False,,False,"""[]""",2025-07-04T14:09:20.104558Z,Faux,"[0.9930012226104736, 0.006998853292316198]","[{""label"": ""admiration"", ""score"": 0.0010998132638633251}, {""label"": ""amusement"", ""score"": 0.001307816943153739}, {""label"": ""anger"", ""score"": 0.0024110027588903904}, {""label"": ""annoyance"", ""score"": 0.016945118084549904}, {""label"": ""approval"", ""score"": 0.020053504034876823}, {""label"": ""caring"", ""score"": 0.0017864175606518984}, {""label"": ""confusion"", ""score"": 0.001772519783116877}, {""label"": ""curiosity"", ""score"": 0.000988828600384295}, {""label"": ""desire"", ""score"": 0.0010499251075088978}, {""label"": ""disappointment"", ""score"": 0.0032643494196236134}, {""label"": ""disapproval"", ""score"": 0.009781884960830212}, {""label"": ""disgust"", ""score"": 0.0015478013083338737}, {""label"": ""embarrassment"", ""score"": 0.0005324355443008244}, {""label"": ""excitement"", ""score"": 0.0005829478031955659}, {""label"": ""fear"", ""score"": 0.0006347058806568384}, {""label"": ""gratitude"", ""score"": 0.0007569495355710387}, {""label"": ""grief"", ""score"": 0.00022903259377926588}, {""label"": ""joy"", ""score"": 0.0006144345388747752}, {""label"": ""love"", ""score"": 0.000433390581747517}, {""label"": ""nervousness"", ""score"": 0.00021640039631165564}, {""label"": ""optimism"", ""score"": 0.003460460575297475}, {""label"": ""pride"", ""score"": 0.00017314264550805092}, {""label"": ""realization"", ""score"": 0.009192164987325668}, {""label"": ""relief"", ""score"": 0.0002683231723494828}, {""label"": ""remorse"", ""score"": 0.0003224823158234358}, {""label"": ""sadness"", ""score"": 0.0012680648360401392}, {""label"": ""surprise"", ""score"": 0.00038182135904207826}, {""label"": ""neutral"", ""score"": 0.9473371505737305}]",neutral
at://did:plc:qtmfdqtswexhcgtr7md5guh4/app.bsky.feed.post/3lt5f4f4sf222,https://bsky.app/profile/dgrey.bsky.social/post/3lt5f4f4sf222,bafyreiekmq4x27qcivcfnfdp4wv6wxmupqzzkhkxkt7xjd74nbb3wyp6gy,Wonderful article by someone who made the evil non-stop political podcast proposed by SMBC as a joke 6 years ago: www.jamesrball.com/p/i-built-th...,2025-07-04T13:49:52.157Z,2025-07-04T13:49:55.439Z,"""external=External(description=\""Six years ago cartoonist Zach Weinersmith made a joke about a 24/7 AI podcast endlessly talking about polling numbers. I've made it a reality.\"", title='I Built The Torment Nexus (Political Podcast Edition)', uri='https://www.jamesrball.com/p/i-built-the-torment-nexus-political?hide_intro_popup=true', thumb=BlobRef(mime_type='image/jpeg', size=923113, ref=IpldLink(link='bafkreigcsqdkvjvlgsi4bcneonmjkzkqs2nhbnrmkdfzrcbmhub64ei2i4'), py_type='blob'), py_type='app.bsky.embed.external#external') py_type='app.bsky.embed.external'""",0,0,0,did:plc:qtmfdqtswexhcgtr7md5guh4,dgrey.bsky.social,Darren Grey,0,0,0,2023-10-02T17:18:20.307Z,,False,,False,"""[]""",2025-07-04T14:09:20.104610Z,Vrai,"[0.00030311557929962873, 0.9996969699859619]","[{""label"": ""admiration"", ""score"": 0.5698420405387878}, {""label"": ""amusement"", ""score"": 0.1684175729751587}, {""label"": ""anger"", ""score"": 0.0008183935424312949}, {""label"": ""annoyance"", ""score"": 0.005556389689445496}, {""label"": ""approval"", ""score"": 0.06118382513523102}, {""label"": ""caring"", ""score"": 0.0008603298920206726}, {""label"": ""confusion"", ""score"": 0.0012992591364309192}, {""label"": ""curiosity"", ""score"": 0.0011411465238779783}, {""label"": ""desire"", ""score"": 0.0007349555962719023}, {""label"": ""disappointment"", ""score"": 0.002699136035516858}, {""label"": ""disapproval"", ""score"": 0.00417647510766983}, {""label"": ""disgust"", ""score"": 0.0013898495817556977}, {""label"": ""embarrassment"", ""score"": 0.0010905415983870625}, {""label"": ""excitement"", ""score"": 0.012106937356293201}, {""label"": ""fear"", ""score"": 0.000525343173649162}, {""label"": ""gratitude"", ""score"": 0.002612337237223983}, {""label"": ""grief"", ""score"": 0.0004241068381816149}, {""label"": ""joy"", ""score"": 0.047623854130506516}, {""label"": ""love"", ""score"": 0.0033082659356296062}, {""label"": ""nervousness"", ""score"": 0.00023638448328711092}, {""label"": ""optimism"", ""score"": 0.003510994603857398}, {""label"": ""pride"", ""score"": 0.004875850398093462}, {""label"": ""realization"", ""score"": 0.0164167620241642}, {""label"": ""relief"", ""score"": 0.002505064243450761}, {""label"": ""remorse"", ""score"": 0.0002713327994570136}, {""label"": ""sadness"", ""score"": 0.0005926540470682085}, {""label"": ""surprise"", ""score"": 0.0046999226324260235}, {""label"": ""neutral"", ""score"": 0.12287174165248871}]",admiration
at://did:plc:t2cka7zuk7gljdjynw7f2ub7/app.bsky.feed.post/3lt5f36fqxs2x,https://bsky.app/profile/violarose.bsky.social/post/3lt5f36fqxs2x,bafyreidzs3dhrbnjngpgh4e2hzwubtsduuunhiv27wg6dqvv4ugxbura2a,"What is there to be patriotic about? All my adult life I've watched political tragedies unfold every congressional term, every presidential term. The minority gets to rule over the majority because politicians get to decide who gets to vote for them.",2025-07-04T13:49:11.555Z,2025-07-04T13:49:10.244Z,{},0,0,0,did:plc:t2cka7zuk7gljdjynw7f2ub7,violarose.bsky.social,ViolaRose,0,0,0,2023-08-03T01:45:41.370Z,,False,,False,"""[]""",2025-07-04T14:09:20.104962Z,Vrai,"[0.0009664232493378222, 0.9990335702896118]","[{""label"": ""admiration"", ""score"": 0.0022551752626895905}, {""label"": ""amusement"", ""score"": 0.0009852467337623239}, {""label"": ""anger"", ""score"": 0.002239023568108678}, {""label"": ""annoyance"", ""score"": 0.013463815674185753}, {""label"": ""approval"", ""score"": 0.040135178714990616}, {""label"": ""caring"", ""score"": 0.0024606557562947273}, {""label"": ""confusion"", ""score"": 0.181780144572258}, {""label"": ""curiosity"", ""score"": 0.5512640476226807}, {""label"": ""desire"", ""score"": 0.0014778783079236746}, {""label"": ""disappointment"", ""score"": 0.007780532352626324}, {""label"": ""disapproval"", ""score"": 0.008190837688744068}, {""label"": ""disgust"", ""score"": 0.0014629489742219448}, {""label"": ""embarrassment"", ""score"": 0.0009801735868677497}, {""label"": ""excitement"", ""score"": 0.0011801875662058592}, {""label"": ""fear"", ""score"": 0.0016651793848723173}, {""label"": ""gratitude"", ""score"": 0.000422886194428429}, {""label"": ""grief"", ""score"": 0.0005344990058802068}, {""label"": ""joy"", ""score"": 0.0008034774218685925}, {""label"": ""love"", ""score"": 0.0019551096484065056}, {""label"": ""nervousness"", ""score"": 0.0010067146504297853}, {""label"": ""optimism"", ""score"": 0.0038896293845027685}, {""label"": ""pride"", ""score"": 9.016630065161735e-05}, {""label"": ""realization"", ""score"": 0.01497658807784319}, {""label"": ""relief"", ""score"": 0.0003269306616857648}, {""label"": ""remorse"", ""score"": 0.0008119855192489922}, {""label"": ""sadness"", ""score"": 0.0041634575463831425}, {""label"": ""surprise"", ""score"": 0.003589022671803832}, {""label"": ""neutral"", ""score"": 0.37819790840148926}]",curiosity
at://did:plc:p6gh2lp2no2srjrvtcgxyj32/app.bsky.feed.post/3lt5f32p5322a,https://bsky.app/profile/kasandrascorner.bsky.social/post/3lt5f32p5322a,bafyreibzkrny5xpv3rvetkg4rjrtrlwkf4on64ck6fv3lgl3wfatlt7q2u,"They built an empire—not a church.  And they called it Christianity, but it was a masquerade of male fetishism, political sorcery, and priestly perversion all wrapped in false righteousness.",2025-07-04T13:49:04.307Z,2025-07-04T13:49:09.954Z,{},0,0,1,did:plc:p6gh2lp2no2srjrvtcgxyj32,kasandrascorner.bsky.social,Ms_KaSandra,0,0,0,2024-11-24T18:21:14.147Z,,False,,False,"""[]""",2025-07-04T14:09:20.104992Z,Faux,"[0.6297647953033447, 0.37023526430130005]","[{""label"": ""admiration"", ""score"": 0.002300106920301914}, {""label"": ""amusement"", ""score"": 0.0011472114128991961}, {""label"": ""anger"", ""score"": 0.003337320638820529}, {""label"": ""annoyance"", ""score"": 0.04518294706940651}, {""label"": ""approval"", ""score"": 0.04352981597185135}, {""label"": ""caring"", ""score"": 0.000653544906526804}, {""label"": ""confusion"", ""score"": 0.002926093293353915}, {""label"": ""curiosity"", ""score"": 0.0004187827289570123}, {""label"": ""desire"", ""score"": 0.0005575757822953165}, {""label"": ""disappointment"", ""score"": 0.017724571749567986}, {""label"": ""disapproval"", ""score"": 0.0630890503525734}, {""label"": ""disgust"", ""score"": 0.003334453096613288}, {""label"": ""embarrassment"", ""score"": 0.0015950568486005068}, {""label"": ""excitement"", ""score"": 0.0004984308616258204}, {""label"": ""fear"", ""score"": 0.000608059111982584}, {""label"": ""gratitude"", ""score"": 0.0007579997763969004}, {""label"": ""grief"", ""score"": 0.00032498009386472404}, {""label"": ""joy"", ""score"": 0.0008635477279312909}, {""label"": ""love"", ""score"": 0.000505132891703397}, {""label"": ""nervousness"", ""score"": 0.00028732488863170147}, {""label"": ""optimism"", ""score"": 0.0019680368714034557}, {""label"": ""pride"", ""score"": 0.00045054915244691074}, {""label"": ""realization"", ""score"": 0.0403716117143631}, {""label"": ""relief"", ""score"": 0.0006749362219125032}, {""label"": ""remorse"", ""score"": 0.0004192268243059516}, {""label"": ""sadness"", ""score"": 0.001998813822865486}, {""label"": ""surprise"", ""score"": 0.0008031738689169288}, {""label"": ""neutral"", ""score"": 0.8439757823944092}]",neutral
at://did:plc:ryjexjygtplac52gohdc2vhy/app.bsky.feed.post/3lt5f2qnzok2c,https://bsky.app/profile/crissthecreative.bsky.social/post/3lt5f2qnzok2c,bafyreifwa5zrprbk4xucef43kjwuj27bjr5f3qehwbobukg7vl2vg27sxa,Happy Reaping Day. And Fourth of July…. May then odds be ever in your favor.   Books are inherently political.   #writing #writingcommunity #author #booktok #books #hungergames #sunriseonthereaping #fourthofjuly #reapingday #booksky #writesky,2025-07-04T13:48:57.145Z,2025-07-04T13:48:58.542Z,"""video=BlobRef(mime_type='video/mp4', size=9121680, ref=IpldLink(link='bafkreibz3jdr5u775ds4fgsi57ezthchj4hrgninilia4to3dvurlcvcmm'), py_type='blob') alt=None aspect_ratio=AspectRatio(height=1280, width=720, py_type='app.bsky.embed.defs#aspectRatio') captions=None py_type='app.bsky.embed.video'""",2,0,0,did:plc:ryjexjygtplac52gohdc2vhy,crissthecreative.bsky.social,Crissie (C.T. Wood),0,0,0,2024-10-17T20:43:12.308Z,,False,,False,"""[]""",2025-07-04T14:09:20.105050Z,Faux,"[0.9998229146003723, 0.0001770771195879206]","[{""label"": ""admiration"", ""score"": 0.011884386651217937}, {""label"": ""amusement"", ""score"": 0.002945098327472806}, {""label"": ""anger"", ""score"": 0.0014187934575602412}, {""label"": ""annoyance"", ""score"": 0.0035980939865112305}, {""label"": ""approval"", ""score"": 0.014591852203011513}, {""label"": ""caring"", ""score"": 0.007987609133124352}, {""label"": ""confusion"", ""score"": 0.0030056701507419348}, {""label"": ""curiosity"", ""score"": 0.006725332699716091}, {""label"": ""desire"", ""score"": 0.007845455780625343}, {""label"": ""disappointment"", ""score"": 0.0008428699802607298}, {""label"": ""disapproval"", ""score"": 0.000954191607888788}, {""label"": ""disgust"", ""score"": 0.00045974767999723554}, {""label"": ""embarrassment"", ""score"": 0.0004114378534723073}, {""label"": ""excitement"", ""score"": 0.3923473060131073}, {""label"": ""fear"", ""score"": 0.0014069643802940845}, {""label"": ""gratitude"", ""score"": 0.03260691836476326}, {""label"": ""grief"", ""score"": 0.0006314742495305836}, {""label"": ""joy"", ""score"": 0.17934632301330566}, {""label"": ""love"", ""score"": 0.003481948049739003}, {""label"": ""nervousness"", ""score"": 0.0013749956851825118}, {""label"": ""optimism"", ""score"": 0.021354446187615395}, {""label"": ""pride"", ""score"": 0.002753413747996092}, {""label"": ""realization"", ""score"": 0.004559725057333708}, {""label"": ""relief"", ""score"": 0.004145830404013395}, {""label"": ""remorse"", ""score"": 0.0003605580423027277}, {""label"": ""sadness"", ""score"": 0.0010941848158836365}, {""label"": ""surprise"", ""score"": 0.00565161369740963}, {""label"": ""neutral"", ""score"": 0.272243469953537}]",excitement
at://did:plc:wwuswfohors7m3mzukjrdp3q/app.bsky.feed.post/3lt5f2lcx322t,https://bsky.app/profile/jonathanfulton.bsky.social/post/3lt5f2lcx322t,bafyreifj75oz76jgjqpql4mk2io25qo7jgeuhlqumbtbv7caap2oxfa6n4,"In my newsletter today I wrote about the myth of Chinese leverage in Iran - the idea that Beijing's economic importance results in political influence with Tehran.  Have a read, share, subscribe: open.substack.com/pub/chinamen...",2025-07-04T13:48:51.541Z,2025-07-04T13:48:53.838Z,"""external=External(description='Also: today is Book Day!', title='The myth of Chinese leverage in Iran', uri='https://open.substack.com/pub/chinamenanewsletter/p/the-myth-of-chinese-leverage-in-iran?r=qee&utm_campaign=post&utm_medium=web&showWelcomeOnShare=true', thumb=BlobRef(mime_type='image/jpeg', size=844126, ref=IpldLink(link='bafkreibk6yyp5de5jyzejuvvs6dbllqdzlqs5v2pqrhsvdydavitevv5vi'), py_type='blob'), py_type='app.bsky.embed.external#external') py_type='app.bsky.embed.external'""",0,0,0,did:plc:wwuswfohors7m3mzukjrdp3q,jonathanfulton.bsky.social,Jonathan Fulton,0,0,0,2023-09-26T13:27:30.298Z,,False,,False,"""[]""",2025-07-04T14:09:20.105098Z,Vrai,"[0.0010765667539089918, 0.9989233613014221]","[{""label"": ""admiration"", ""score"": 0.0035640932619571686}, {""label"": ""amusement"", ""score"": 0.0013936972245573997}, {""label"": ""anger"", ""score"": 0.0006139994948171079}, {""label"": ""annoyance"", ""score"": 0.004505609627813101}, {""label"": ""approval"", ""score"": 0.12358593940734863}, {""label"": ""caring"", ""score"": 0.001279970514588058}, {""label"": ""confusion"", ""score"": 0.0020573860965669155}, {""label"": ""curiosity"", ""score"": 0.0028407543431967497}, {""label"": ""desire"", ""score"": 0.0014861305244266987}, {""label"": ""disappointment"", ""score"": 0.0015152847627177835}, {""label"": ""disapproval"", ""score"": 0.0017937252996489406}, {""label"": ""disgust"", ""score"": 0.0008955763769336045}, {""label"": ""embarrassment"", ""score"": 0.0002355320903006941}, {""label"": ""excitement"", ""score"": 0.0030198695603758097}, {""label"": ""fear"", ""score"": 0.0004187749291304499}, {""label"": ""gratitude"", ""score"": 0.0004982171230949461}, {""label"": ""grief"", ""score"": 0.00015152980631683022}, {""label"": ""joy"", ""score"": 0.0018378987442702055}, {""label"": ""love"", ""score"": 0.001641003997065127}, {""label"": ""nervousness"", ""score"": 0.0002257923479191959}, {""label"": ""optimism"", ""score"": 0.004418984521180391}, {""label"": ""pride"", ""score"": 0.00029125617584213614}, {""label"": ""realization"", ""score"": 0.014382410794496536}, {""label"": ""relief"", ""score"": 0.0004948627902194858}, {""label"": ""remorse"", ""score"": 0.0001838871103245765}, {""label"": ""sadness"", ""score"": 0.0006240933435037732}, {""label"": ""surprise"", ""score"": 0.0006714375340379775}, {""label"": ""neutral"", ""score"": 0.8974897861480713}]",neutral
at://did:plc:rsrk7q5uoxhivj22i6ccb7gv/app.bsky.feed.post/3lt5f2gzdqs2i,https://bsky.app/profile/lanzen.bsky.social/post/3lt5f2gzdqs2i,bafyreiahpgwzamsnsvzmt33awyk25cqme3uqbbw7hzthmvxge5igxs2yka,"Funny also that someone sending millions to concentration camps gets even the benefit of a doubt. Doesn't really matter if it is jews, latinos or political opponents he beats up, jails, tortures and kills, afaic, it is still to be a nazi.",2025-07-04T13:48:47.031Z,2025-07-04T13:48:47.642Z,{},0,0,0,did:plc:rsrk7q5uoxhivj22i6ccb7gv,lanzen.bsky.social,Anders Lanzén,0,0,0,2023-10-02T21:36:16.287Z,,False,,False,"""[]""",2025-07-04T14:09:20.105121Z,Vrai,"[0.003627945901826024, 0.9963721036911011]","[{""label"": ""admiration"", ""score"": 0.0026108985766768456}, {""label"": ""amusement"", ""score"": 0.770273745059967}, {""label"": ""anger"", ""score"": 0.00445992685854435}, {""label"": ""annoyance"", ""score"": 0.026999179273843765}, {""label"": ""approval"", ""score"": 0.016756365075707436}, {""label"": ""caring"", ""score"": 0.0020029309671372175}, {""label"": ""confusion"", ""score"": 0.0019290688214823604}, {""label"": ""curiosity"", ""score"": 0.0011684184428304434}, {""label"": ""desire"", ""score"": 0.000776860979385674}, {""label"": ""disappointment"", ""score"": 0.0030259224586188793}, {""label"": ""disapproval"", ""score"": 0.009657420217990875}, {""label"": ""disgust"", ""score"": 0.001679430017247796}, {""label"": ""embarrassment"", ""score"": 0.0016370314406231046}, {""label"": ""excitement"", ""score"": 0.0009519100422039628}, {""label"": ""fear"", ""score"": 0.0004487795231398195}, {""label"": ""gratitude"", ""score"": 0.000709834392182529}, {""label"": ""grief"", ""score"": 0.00029778099269606173}, {""label"": ""joy"", ""score"": 0.036250628530979156}, {""label"": ""love"", ""score"": 0.0010598949156701565}, {""label"": ""nervousness"", ""score"": 0.0003654650936368853}, {""label"": ""optimism"", ""score"": 0.004810537677258253}, {""label"": ""pride"", ""score"": 0.00033014421933330595}, {""label"": ""realization"", ""score"": 0.012589121237397194}, {""label"": ""relief"", ""score"": 0.0009536439902149141}, {""label"": ""remorse"", ""score"": 0.0006379970582202077}, {""label"": ""sadness"", ""score"": 0.002182738156989217}, {""label"": ""surprise"", ""score"": 0.0005578306154347956}, {""label"": ""neutral"", ""score"": 0.14564818143844604}]",amusement
at://did:plc:szucorujijfxgrq5kdyvut6n/app.bsky.feed.post/3lt5f2g3jnk2l,https://bsky.app/profile/jacquesdupuis.bsky.social/post/3lt5f2g3jnk2l,bafyreidxcufvh7tujels6tz7odmbqkhh7yi6pniyqhwaoemnor7eikzveq,"On Jud’s ambiguity and the political resonances of Oklahoma! more recently, see Hannah Lewis’s article",2025-07-04T13:48:46.055Z,2025-07-04T13:48:46.243Z,"""external=External(description='', title='Project MUSE - \u201cThe Most Misunderstood Man in the Territory?\u201d: Jud Fry and the Politics of <i>Oklahoma!</i> (1943) in the Twenty-First Century', uri='https://muse.jhu.edu/pub/34/article/928975/pdf', thumb=None, py_type='app.bsky.embed.external#external') py_type='app.bsky.embed.external'""",0,0,0,did:plc:szucorujijfxgrq5kdyvut6n,jacquesdupuis.bsky.social,Jacques Dupuis,0,0,0,2023-09-09T20:35:53.539Z,,False,,False,"""[]""",2025-07-04T14:09:20.105180Z,Vrai,"[0.0013419360620900989, 0.9986580610275269]","[{""label"": ""admiration"", ""score"": 0.0017410333966836333}, {""label"": ""amusement"", ""score"": 0.0015114465495571494}, {""label"": ""anger"", ""score"": 0.0012111917603760958}, {""label"": ""annoyance"", ""score"": 0.006470257882028818}, {""label"": ""approval"", ""score"": 0.027636762708425522}, {""label"": ""caring"", ""score"": 0.0009530059178359807}, {""label"": ""confusion"", ""score"": 0.00472418125718832}, {""label"": ""curiosity"", ""score"": 0.0015598225872963667}, {""label"": ""desire"", ""score"": 0.0006921737804077566}, {""label"": ""disappointment"", ""score"": 0.003030292922630906}, {""label"": ""disapproval"", ""score"": 0.00518820621073246}, {""label"": ""disgust"", ""score"": 0.0011342609068378806}, {""label"": ""embarrassment"", ""score"": 0.0004426729283295572}, {""label"": ""excitement"", ""score"": 0.0008705349173396826}, {""label"": ""fear"", ""score"": 0.0008334339945577085}, {""label"": ""gratitude"", ""score"": 0.0006334316567517817}, {""label"": ""grief"", ""score"": 0.0002628621004987508}, {""label"": ""joy"", ""score"": 0.0009398319525644183}, {""label"": ""love"", ""score"": 0.0006925007328391075}, {""label"": ""nervousness"", ""score"": 0.00029832968721166253}, {""label"": ""optimism"", ""score"": 0.0026007117703557014}, {""label"": ""pride"", ""score"": 0.00020300417963881046}, {""label"": ""realization"", ""score"": 0.016207486391067505}, {""label"": ""relief"", ""score"": 0.0003105820796918124}, {""label"": ""remorse"", ""score"": 0.00028726214077323675}, {""label"": ""sadness"", ""score"": 0.0014644342008978128}, {""label"": ""surprise"", ""score"": 0.0006708943983539939}, {""label"": ""neutral"", ""score"": 0.9520266652107239}]",neutral
at://did:plc:vpgpxezmjkmjsdwikldprim4/app.bsky.feed.post/3lt5f25kajs2l,https://bsky.app/profile/philister-tfu.bsky.social/post/3lt5f25kajs2l,bafyreidnemrhsl4rxrsd7m5n4mofdrlwyhwwtmyjqpfukqd6tl7xjjgmiq,"It would be bad enough if it were just the president. It's an entire political party (plus parts of another) that has apparently decided that the world will die in a decade or two anyway, so might as well wring every last drop of blood from other people while they still can. It boggles the mind.",2025-07-04T13:48:37.099Z,2025-07-04T13:48:37.836Z,{},0,0,0,did:plc:vpgpxezmjkmjsdwikldprim4,philister-tfu.bsky.social,Philister TFU,0,0,0,2024-11-20T17:29:09.843Z,,False,,False,"""[]""",2025-07-04T14:09:20.105203Z,Faux,"[0.9464026093482971, 0.05359739437699318]","[{""label"": ""admiration"", ""score"": 0.011512136086821556}, {""label"": ""amusement"", ""score"": 0.003451850265264511}, {""label"": ""anger"", ""score"": 0.0022700766567140818}, {""label"": ""annoyance"", ""score"": 0.0431167297065258}, {""label"": ""approval"", ""score"": 0.0370679534971714}, {""label"": ""caring"", ""score"": 0.0006161597557365894}, {""label"": ""confusion"", ""score"": 0.0114359799772501}, {""label"": ""curiosity"", ""score"": 0.037175253033638}, {""label"": ""desire"", ""score"": 0.0046451804228127}, {""label"": ""disappointment"", ""score"": 0.024127621203660965}, {""label"": ""disapproval"", ""score"": 0.021288082003593445}, {""label"": ""disgust"", ""score"": 0.007998551242053509}, {""label"": ""embarrassment"", ""score"": 0.0022017592564225197}, {""label"": ""excitement"", ""score"": 0.01361553743481636}, {""label"": ""fear"", ""score"": 0.0015024757012724876}, {""label"": ""gratitude"", ""score"": 0.00021554497652687132}, {""label"": ""grief"", ""score"": 0.0005143279558978975}, {""label"": ""joy"", ""score"": 0.001643419498577714}, {""label"": ""love"", ""score"": 0.00029365799855440855}, {""label"": ""nervousness"", ""score"": 0.0007707807817496359}, {""label"": ""optimism"", ""score"": 0.023292863741517067}, {""label"": ""pride"", ""score"": 0.000440692383563146}, {""label"": ""realization"", ""score"": 0.041581735014915466}, {""label"": ""relief"", ""score"": 0.0007522839005105197}, {""label"": ""remorse"", ""score"": 0.00025364416069351137}, {""label"": ""sadness"", ""score"": 0.0016552519518882036}, {""label"": ""surprise"", ""score"": 0.15936672687530518}, {""label"": ""neutral"", ""score"": 0.3418347239494324}]",neutral
at://did:plc:lmkfrapvk3cwbobsf5tbeet7/app.bsky.feed.post/3lt5ezwdetk2s,https://bsky.app/profile/darealtruthsayer1.bsky.social/post/3lt5ezwdetk2s,bafyreihs2obp7rhn452xld24mxsjrxhp6rb5isyjvksjobmz324dxzzawi,The truth about Lil Marco. Hint: It's not the story he's sold and built his whole political life on. 😱  www.instagram.com/reel/DLq5QQs...,2025-07-04T13:48:29.535Z,2025-07-04T13:48:30.540Z,"""external=External(description='Welcome back to Instagram. Sign in to check out what your friends, family & interests have been capturing & sharing around the world.', title='Login \u2022 Instagram', uri='https://www.instagram.com/reel/DLq5QQsRVyR/?igsh=MTVpaHFpMmlhNmthOA==', thumb=None, py_type='app.bsky.embed.external#external') py_type='app.bsky.embed.external'""",0,0,0,did:plc:lmkfrapvk3cwbobsf5tbeet7,darealtruthsayer1.bsky.social,,0,0,0,2024-12-20T10:23:49.342Z,,False,,False,"""[]""",2025-07-04T14:09:20.105600Z,Vrai,"[0.00037801393773406744, 0.9996219873428345]","[{""label"": ""admiration"", ""score"": 0.0025438524316996336}, {""label"": ""amusement"", ""score"": 0.008924170397222042}, {""label"": ""anger"", ""score"": 0.0021173148415982723}, {""label"": ""annoyance"", ""score"": 0.017456768080592155}, {""label"": ""approval"", ""score"": 0.1874106526374817}, {""label"": ""caring"", ""score"": 0.0021157478913664818}, {""label"": ""confusion"", ""score"": 0.0029627694748342037}, {""label"": ""curiosity"", ""score"": 0.001189020462334156}, {""label"": ""desire"", ""score"": 0.00276054535061121}, {""label"": ""disappointment"", ""score"": 0.02208520844578743}, {""label"": ""disapproval"", ""score"": 0.23695966601371765}, {""label"": ""disgust"", ""score"": 0.0015143955824896693}, {""label"": ""embarrassment"", ""score"": 0.0020777322351932526}, {""label"": ""excitement"", ""score"": 0.0007593926857225597}, {""label"": ""fear"", ""score"": 0.0005145241157151759}, {""label"": ""gratitude"", ""score"": 0.00037221552338451147}, {""label"": ""grief"", ""score"": 0.00043535613804124296}, {""label"": ""joy"", ""score"": 0.001769674476236105}, {""label"": ""love"", ""score"": 0.002518748864531517}, {""label"": ""nervousness"", ""score"": 0.0003980096662417054}, {""label"": ""optimism"", ""score"": 0.020962946116924286}, {""label"": ""pride"", ""score"": 0.0004641409614123404}, {""label"": ""realization"", ""score"": 0.08141312748193741}, {""label"": ""relief"", ""score"": 0.001268099993467331}, {""label"": ""remorse"", ""score"": 0.0015772231854498386}, {""label"": ""sadness"", ""score"": 0.004573655780404806}, {""label"": ""surprise"", ""score"": 0.0009553740383125842}, {""label"": ""neutral"", ""score"": 0.5354199409484863}]",neutral
at://did:plc:eyy2z3zzsft4jhl67joykrut/app.bsky.feed.post/3lt5ez4c4rk2j,https://bsky.app/profile/bigjsomenumbers.bsky.social/post/3lt5ez4c4rk2j,bafyreigwmawd3gy3horrk44b2fe5f3cipudgrdde3ldrdvtdffhqxovrze,"Buying into that message is just as stupid as buying into ""please vote for me! I am a woman, and I'm not Donald Trump, and also a disgusting establishment war monger, and head of a political dynasty.""  Why should anyone be excited to vote for that.",2025-07-04T13:48:02.230Z,2025-07-04T13:48:03.742Z,{},0,0,0,did:plc:eyy2z3zzsft4jhl67joykrut,bigjsomenumbers.bsky.social,Big Jaz,0,0,0,2024-11-20T21:11:26.494Z,,False,,False,"""[]""",2025-07-04T14:09:20.105811Z,Vrai,"[0.018965061753988266, 0.9810349345207214]","[{""label"": ""admiration"", ""score"": 0.0021016402170062065}, {""label"": ""amusement"", ""score"": 0.0036947201006114483}, {""label"": ""anger"", ""score"": 0.15473343431949615}, {""label"": ""annoyance"", ""score"": 0.6349850296974182}, {""label"": ""approval"", ""score"": 0.01915595307946205}, {""label"": ""caring"", ""score"": 0.0013268282637000084}, {""label"": ""confusion"", ""score"": 0.014279919676482677}, {""label"": ""curiosity"", ""score"": 0.023042237386107445}, {""label"": ""desire"", ""score"": 0.0034024796914309263}, {""label"": ""disappointment"", ""score"": 0.03257578983902931}, {""label"": ""disapproval"", ""score"": 0.09694868326187134}, {""label"": ""disgust"", ""score"": 0.12326518446207047}, {""label"": ""embarrassment"", ""score"": 0.011097129434347153}, {""label"": ""excitement"", ""score"": 0.004776135552674532}, {""label"": ""fear"", ""score"": 0.002717761555686593}, {""label"": ""gratitude"", ""score"": 0.000446888996521011}, {""label"": ""grief"", ""score"": 0.00037499683094210923}, {""label"": ""joy"", ""score"": 0.001462490763515234}, {""label"": ""love"", ""score"": 0.0011006215354427695}, {""label"": ""nervousness"", ""score"": 0.0014101879205554724}, {""label"": ""optimism"", ""score"": 0.0029662889428436756}, {""label"": ""pride"", ""score"": 0.000497377710416913}, {""label"": ""realization"", ""score"": 0.008634601719677448}, {""label"": ""relief"", ""score"": 0.00045570757356472313}, {""label"": ""remorse"", ""score"": 0.0003249809960834682}, {""label"": ""sadness"", ""score"": 0.0015953454421833158}, {""label"": ""surprise"", ""score"": 0.004836125299334526}, {""label"": ""neutral"", ""score"": 0.13853849470615387}]",annoyance
at://did:plc:nkg7x5hfae6whr45jsed5mco/app.bsky.feed.post/3lt5eyzc7gs2u,https://bsky.app/profile/billieiswriting.bsky.social/post/3lt5eyzc7gs2u,bafyreihw747ykuhd4m4uft3p27o2v2qn4oufyv3vrxlsslrv67spnxth7e,Religiously justified disgust has distorted our politics and warped the message and commission of Jesus. @paulhoard.bsky.social,2025-07-04T13:47:59.060Z,2025-07-04T13:47:59.235Z,"""images=[Image(alt='[M]uch of what passes as fear in political rhetoric is, when examined closer, a more polished and socially acceptable form of disgust. The most egregious example of this in America today can perhaps be seen in the union of white evangelical and conservative Christians with the political right in the rise of Christian Nationalism. The theology and politics of this movement are a direct outworking of disgust eroding the message of Jesus in the church.\\n\\nFrom Chapter 2 of Eucontamination: Disgust Theology and the Christian Life', image=BlobRef(mime_type='image/jpeg', size=949796, ref=IpldLink(link='bafkreib23u3fzf3t7zcajpj47m72xfe3i6cwzk7h3ev2fn4emjumhhhway'), py_type='blob'), aspect_ratio=AspectRatio(height=900, width=1600, py_type='app.bsky.embed.defs#aspectRatio'), py_type='app.bsky.embed.images#image')] py_type='app.bsky.embed.images'""",3,0,2,did:plc:nkg7x5hfae6whr45jsed5mco,billieiswriting.bsky.social,Billie,0,0,0,2023-06-10T14:04:27.037Z,,False,,False,"""[]""",2025-07-04T14:09:20.106161Z,Vrai,"[0.00033570118830539286, 0.999664306640625]","[{""label"": ""admiration"", ""score"": 0.0028415299020707607}, {""label"": ""amusement"", ""score"": 0.0015520945889875293}, {""label"": ""anger"", ""score"": 0.058952946215867996}, {""label"": ""annoyance"", ""score"": 0.39560315012931824}, {""label"": ""approval"", ""score"": 0.046828754246234894}, {""label"": ""caring"", ""score"": 0.0014936306979507208}, {""label"": ""confusion"", ""score"": 0.002054046606644988}, {""label"": ""curiosity"", ""score"": 0.002137464703992009}, {""label"": ""desire"", ""score"": 0.002445644000545144}, {""label"": ""disappointment"", ""score"": 0.08998506516218185}, {""label"": ""disapproval"", ""score"": 0.04749969393014908}, {""label"": ""disgust"", ""score"": 0.3505341708660126}, {""label"": ""embarrassment"", ""score"": 0.028531817719340324}, {""label"": ""excitement"", ""score"": 0.0008671406540088356}, {""label"": ""fear"", ""score"": 0.0031562468502670527}, {""label"": ""gratitude"", ""score"": 0.000845662725623697}, {""label"": ""grief"", ""score"": 0.0007880624034442008}, {""label"": ""joy"", ""score"": 0.0006196980830281973}, {""label"": ""love"", ""score"": 0.002006080700084567}, {""label"": ""nervousness"", ""score"": 0.0009572893613949418}, {""label"": ""optimism"", ""score"": 0.002107481472194195}, {""label"": ""pride"", ""score"": 0.0006657740450464189}, {""label"": ""realization"", ""score"": 0.01596248336136341}, {""label"": ""relief"", ""score"": 0.0005791428848169744}, {""label"": ""remorse"", ""score"": 0.0016852263361215591}, {""label"": ""sadness"", ""score"": 0.011986421421170235}, {""label"": ""surprise"", ""score"": 0.0006894006510265172}, {""label"": ""neutral"", ""score"": 0.17562295496463776}]",annoyance
at://did:plc:lk4c4jofeyqevz6j5xgixohh/app.bsky.feed.post/3lt5eyrc72k2m,https://bsky.app/profile/whoisjakethomas.bsky.social/post/3lt5eyrc72k2m,bafyreiaxgjhar573wsn6zlcnoooh466suqfxp622gp6qk5lvyrb7ztn3ta,"I need to stop forgetting #bluesky exists. Anyways, here's a completely non-political shoot for your #july4th   #nokings #independenceday",2025-07-04T13:47:50.681Z,2025-07-04T13:47:55.540Z,"""images=[Image(alt='', image=BlobRef(mime_type='image/jpeg', size=962824, ref=IpldLink(link='bafkreidqoxkdrws2roq2254hgpe3ogawxizryvqzchedtdxdrfv6ydqw4u'), py_type='blob'), aspect_ratio=AspectRatio(height=2000, width=1500, py_type='app.bsky.embed.defs#aspectRatio'), py_type='app.bsky.embed.images#image')] py_type='app.bsky.embed.images'""",2,0,0,did:plc:lk4c4jofeyqevz6j5xgixohh,whoisjakethomas.bsky.social,Jake Thomas,0,0,0,2024-11-11T13:59:31.580Z,,False,,False,"""[]""",2025-07-04T14:09:20.106208Z,Faux,"[0.9998883008956909, 0.00011174532846780494]","[{""label"": ""admiration"", ""score"": 0.0012480511795729399}, {""label"": ""amusement"", ""score"": 0.0021620062179863453}, {""label"": ""anger"", ""score"": 0.00272930134087801}, {""label"": ""annoyance"", ""score"": 0.042211323976516724}, {""label"": ""approval"", ""score"": 0.02525252290070057}, {""label"": ""caring"", ""score"": 0.0033515016548335552}, {""label"": ""confusion"", ""score"": 0.0018487664638087153}, {""label"": ""curiosity"", ""score"": 0.0012011268408969045}, {""label"": ""desire"", ""score"": 0.1072160005569458}, {""label"": ""disappointment"", ""score"": 0.010323981754481792}, {""label"": ""disapproval"", ""score"": 0.008367184549570084}, {""label"": ""disgust"", ""score"": 0.0021002767607569695}, {""label"": ""embarrassment"", ""score"": 0.0007671085186302662}, {""label"": ""excitement"", ""score"": 0.003692882601171732}, {""label"": ""fear"", ""score"": 0.0007106937118805945}, {""label"": ""gratitude"", ""score"": 0.0017593621741980314}, {""label"": ""grief"", ""score"": 0.00036638605524785817}, {""label"": ""joy"", ""score"": 0.004228693433105946}, {""label"": ""love"", ""score"": 0.0011467159492895007}, {""label"": ""nervousness"", ""score"": 0.0007268919725902379}, {""label"": ""optimism"", ""score"": 0.016930682584643364}, {""label"": ""pride"", ""score"": 0.0006977739976719022}, {""label"": ""realization"", ""score"": 0.01608842983841896}, {""label"": ""relief"", ""score"": 0.001415315899066627}, {""label"": ""remorse"", ""score"": 0.0005126865580677986}, {""label"": ""sadness"", ""score"": 0.001765851047821343}, {""label"": ""surprise"", ""score"": 0.0006430638604797423}, {""label"": ""neutral"", ""score"": 0.7335917949676514}]",neutral
at://did:plc:za5zr6xctpqjbgf3lqyy4v5f/app.bsky.feed.post/3lt5eydztxc27,https://bsky.app/profile/mawgac.bsky.social/post/3lt5eydztxc27,bafyreicqukhktue5zfivjojzxi6tmwbv6pqdvxmv34otwrmo36t5ywce5u,"All I wanted was word on the rumored FFIX remake, not an existential political crisis.",2025-07-04T13:47:36.793Z,2025-07-04T13:47:35.739Z,{},0,0,0,did:plc:za5zr6xctpqjbgf3lqyy4v5f,mawgac.bsky.social,Prefers Video Games and Books to most people,0,0,0,2023-12-29T19:38:49.806Z,,False,,False,"""[]""",2025-07-04T14:09:20.106533Z,Vrai,"[0.005666712764650583, 0.9943332672119141]","[{""label"": ""admiration"", ""score"": 0.0020704681519418955}, {""label"": ""amusement"", ""score"": 0.0014051420148462057}, {""label"": ""anger"", ""score"": 0.0016812067478895187}, {""label"": ""annoyance"", ""score"": 0.017382968217134476}, {""label"": ""approval"", ""score"": 0.028487766161561012}, {""label"": ""caring"", ""score"": 0.0023911157622933388}, {""label"": ""confusion"", ""score"": 0.004626129288226366}, {""label"": ""curiosity"", ""score"": 0.005643466021865606}, {""label"": ""desire"", ""score"": 0.2814856767654419}, {""label"": ""disappointment"", ""score"": 0.015026762150228024}, {""label"": ""disapproval"", ""score"": 0.015592961572110653}, {""label"": ""disgust"", ""score"": 0.002118336735293269}, {""label"": ""embarrassment"", ""score"": 0.0005039108800701797}, {""label"": ""excitement"", ""score"": 0.002283841837197542}, {""label"": ""fear"", ""score"": 0.0007581724203191698}, {""label"": ""gratitude"", ""score"": 0.0007619228563271463}, {""label"": ""grief"", ""score"": 0.00041659691487438977}, {""label"": ""joy"", ""score"": 0.0014727615052834153}, {""label"": ""love"", ""score"": 0.002310049021616578}, {""label"": ""nervousness"", ""score"": 0.0007865232764743268}, {""label"": ""optimism"", ""score"": 0.011957305483520031}, {""label"": ""pride"", ""score"": 0.00035466652479954064}, {""label"": ""realization"", ""score"": 0.008222769014537334}, {""label"": ""relief"", ""score"": 0.0005686336080543697}, {""label"": ""remorse"", ""score"": 0.0005818420904688537}, {""label"": ""sadness"", ""score"": 0.0031957002356648445}, {""label"": ""surprise"", ""score"": 0.0006288810982368886}, {""label"": ""neutral"", ""score"": 0.6458704471588135}]",neutral
at://did:plc:ip2ajuv2sastan7vy7jkuwws/app.bsky.feed.post/3lt5eybhuvs2g,https://bsky.app/profile/marthaweaver.bsky.social/post/3lt5eybhuvs2g,bafyreicwnlpmhczmln4klswml72nr3cu2bfp3u6r6ekgelp2bbmnuwtqxa,"Calling people ""poor people"", ""bottom 50%"", ""blue collar workers"", ""working poor"", ""low-skill workers"", ""economically disadvantaged"", ""at-risk populations"", is just self-soothing for the somewhat privileged. The only distinction the political elite and uber-rich make is ""them"". ""us"".",2025-07-04T13:47:34.108Z,2025-07-04T13:47:33.739Z,{},0,0,0,did:plc:ip2ajuv2sastan7vy7jkuwws,marthaweaver.bsky.social,Martha,0,0,0,2023-07-29T17:59:59.260Z,,False,,False,"""[]""",2025-07-04T14:09:20.106556Z,Vrai,"[0.005138499662280083, 0.9948615431785583]","[{""label"": ""admiration"", ""score"": 0.0012783148558810353}, {""label"": ""amusement"", ""score"": 0.001157329767011106}, {""label"": ""anger"", ""score"": 0.0024679338093847036}, {""label"": ""annoyance"", ""score"": 0.02123418264091015}, {""label"": ""approval"", ""score"": 0.03664073348045349}, {""label"": ""caring"", ""score"": 0.0007596937357448041}, {""label"": ""confusion"", ""score"": 0.0020234305411577225}, {""label"": ""curiosity"", ""score"": 0.0005044186254963279}, {""label"": ""desire"", ""score"": 0.0007263639126904309}, {""label"": ""disappointment"", ""score"": 0.00626001413911581}, {""label"": ""disapproval"", ""score"": 0.017451174557209015}, {""label"": ""disgust"", ""score"": 0.002920081140473485}, {""label"": ""embarrassment"", ""score"": 0.0007924383389763534}, {""label"": ""excitement"", ""score"": 0.0005014492780901492}, {""label"": ""fear"", ""score"": 0.0008554900414310396}, {""label"": ""gratitude"", ""score"": 0.0005215161945670843}, {""label"": ""grief"", ""score"": 0.00029278299189172685}, {""label"": ""joy"", ""score"": 0.0007939806091599166}, {""label"": ""love"", ""score"": 0.0005942893330939114}, {""label"": ""nervousness"", ""score"": 0.0002655212883837521}, {""label"": ""optimism"", ""score"": 0.0020719305612146854}, {""label"": ""pride"", ""score"": 0.0002535406965762377}, {""label"": ""realization"", ""score"": 0.01844923011958599}, {""label"": ""relief"", ""score"": 0.00039834523340687156}, {""label"": ""remorse"", ""score"": 0.00031222772668115795}, {""label"": ""sadness"", ""score"": 0.0022672226186841726}, {""label"": ""surprise"", ""score"": 0.00041284237522631884}, {""label"": ""neutral"", ""score"": 0.9107710719108582}]",neutral
at://did:plc:u2bguwwfwi4ky7hszawdxe5s/app.bsky.feed.post/3lt5exyj54s2d,https://bsky.app/profile/hagofbolding.bsky.social/post/3lt5exyj54s2d,bafyreiezefnhxq3ir5an2ptcwxsyqu3iwqdqiumz4r7jfud5uxh5sc4h4i,I initially drew these designs in a fit of political despair & outrage so I guess no wonder people are finally picking them out 💀,2025-07-04T13:47:24.712Z,2025-07-04T13:47:25.337Z,{},7,0,0,did:plc:u2bguwwfwi4ky7hszawdxe5s,hagofbolding.bsky.social,KP,0,0,0,2023-06-09T18:01:22.178Z,,False,,False,"""[]""",2025-07-04T14:09:20.106574Z,Vrai,"[0.0053002056665718555, 0.9946998357772827]","[{""label"": ""admiration"", ""score"": 0.009358965791761875}, {""label"": ""amusement"", ""score"": 0.0037722208071500063}, {""label"": ""anger"", ""score"": 0.003155610989779234}, {""label"": ""annoyance"", ""score"": 0.0393834263086319}, {""label"": ""approval"", ""score"": 0.6622946262359619}, {""label"": ""caring"", ""score"": 0.005113387480378151}, {""label"": ""confusion"", ""score"": 0.0048743486404418945}, {""label"": ""curiosity"", ""score"": 0.004516309592872858}, {""label"": ""desire"", ""score"": 0.012237931601703167}, {""label"": ""disappointment"", ""score"": 0.057728953659534454}, {""label"": ""disapproval"", ""score"": 0.014653888531029224}, {""label"": ""disgust"", ""score"": 0.0036459905095398426}, {""label"": ""embarrassment"", ""score"": 0.0046958220191299915}, {""label"": ""excitement"", ""score"": 0.0038654988165944815}, {""label"": ""fear"", ""score"": 0.0017007701098918915}, {""label"": ""gratitude"", ""score"": 0.0002831921447068453}, {""label"": ""grief"", ""score"": 0.001449490082450211}, {""label"": ""joy"", ""score"": 0.003621915588155389}, {""label"": ""love"", ""score"": 0.005765093490481377}, {""label"": ""nervousness"", ""score"": 0.0027020203415304422}, {""label"": ""optimism"", ""score"": 0.13275112211704254}, {""label"": ""pride"", ""score"": 0.002647977089509368}, {""label"": ""realization"", ""score"": 0.22049617767333984}, {""label"": ""relief"", ""score"": 0.004920915700495243}, {""label"": ""remorse"", ""score"": 0.0027648438699543476}, {""label"": ""sadness"", ""score"": 0.013000204227864742}, {""label"": ""surprise"", ""score"": 0.0034353716764599085}, {""label"": ""neutral"", ""score"": 0.2138356864452362}]",approval
at://did:plc:zqf33kgc76egdo2ogzkdj75k/app.bsky.feed.post/3lt5extxwnc2u,https://bsky.app/profile/medwma.bsky.social/post/3lt5extxwnc2u,bafyreicbqbxsugep2ta6i5n75zoq2ux7ozui56axmmy57pcve6usorwaru,"Ethics are not negotiable in medicine. As political pressures threaten core principles, the WMA Council adopted a new Resolution urging to defend the ethical foundation of healthcare. 📄 Read more: www.wma.net/policies-pos... #MedicalEthics",2025-07-04T13:47:19.954Z,2025-07-04T13:47:20.436Z,"""external=External(description='', title='', uri='https://www.wma.net/policies-pos..', thumb=None, py_type='app.bsky.embed.external#external') py_type='app.bsky.embed.external'""",1,1,0,did:plc:zqf33kgc76egdo2ogzkdj75k,medwma.bsky.social,World Medical Association,0,0,0,2024-11-28T09:02:08.345Z,,False,,False,"""[]""",2025-07-04T14:09:20.106610Z,Vrai,"[0.0005567764746956527, 0.9994432330131531]","[{""label"": ""admiration"", ""score"": 0.004952218383550644}, {""label"": ""amusement"", ""score"": 0.0009788991883397102}, {""label"": ""anger"", ""score"": 0.0014791982248425484}, {""label"": ""annoyance"", ""score"": 0.011974072083830833}, {""label"": ""approval"", ""score"": 0.4280730187892914}, {""label"": ""caring"", ""score"": 0.007597591727972031}, {""label"": ""confusion"", ""score"": 0.0024754712358117104}, {""label"": ""curiosity"", ""score"": 0.0014632206875830889}, {""label"": ""desire"", ""score"": 0.0036972681991755962}, {""label"": ""disappointment"", ""score"": 0.004151687026023865}, {""label"": ""disapproval"", ""score"": 0.03027576394379139}, {""label"": ""disgust"", ""score"": 0.0014308234676718712}, {""label"": ""embarrassment"", ""score"": 0.00044000500929541886}, {""label"": ""excitement"", ""score"": 0.0007414020365104079}, {""label"": ""fear"", ""score"": 0.0006622021901421249}, {""label"": ""gratitude"", ""score"": 0.0005011279135942459}, {""label"": ""grief"", ""score"": 0.00027509519713930786}, {""label"": ""joy"", ""score"": 0.0006421926082111895}, {""label"": ""love"", ""score"": 0.0022063995711505413}, {""label"": ""nervousness"", ""score"": 0.00035901390947401524}, {""label"": ""optimism"", ""score"": 0.02222849428653717}, {""label"": ""pride"", ""score"": 0.0005816945340484381}, {""label"": ""realization"", ""score"": 0.04686161130666733}, {""label"": ""relief"", ""score"": 0.0009863149607554078}, {""label"": ""remorse"", ""score"": 0.00046136058517731726}, {""label"": ""sadness"", ""score"": 0.001132013974711299}, {""label"": ""surprise"", ""score"": 0.0003603384830057621}, {""label"": ""neutral"", ""score"": 0.6868616938591003}]",neutral
at://did:plc:2frn6hdtgvolaikf25wuxpfs/app.bsky.feed.post/3lt5exeoqds2q,https://bsky.app/profile/tonykainth.bsky.social/post/3lt5exeoqds2q,bafyreiaiwb6abnrajsfceyxy7r24abztm2wiaoawwvb24wkw6kpcxtscnu,"So yeah, turns out it was a bunch of shit stirring after all.   [Corbyn statement in alt text]  @zarahsultana.bsky.social @jeremycorbyn.bsky.social",2025-07-04T13:47:03.907Z,2025-07-04T13:47:07.940Z,"""media=Main(images=[Image(alt='Corny statement reads:\\n\\nReal change is coming.\\n\\n\\nOne year on from the election, this Labour government has refused to deliver the change people expected and deserved. Poverty, inequality and war are not inevitable. Our country needs to change direction, now.\\n\\nCongratulations to Zarah Sultana on her principled decision to leave the Labour Party. I am delighted that she will help us build a real alternative.\\n\\nThe democratic foundations of a new kind of political party will soon take shape. Discussions are ongoing \u2013 and I am excited to work alongside all communities to fight for the future people deserve.\\n\\nTogether, we can create something that is desperately missing from our broken political system: hope.\\n\\nJeremy Corbyn \\nMP for Islington North', image=BlobRef(mime_type='image/jpeg', size=423062, ref=IpldLink(link='bafkreigcx6g5szvw2zzkx4gg5cokncw5bzacfwfwweky35lasoxjtm3uyi'), py_type='blob'), aspect_ratio=AspectRatio(height=1441, width=1408, py_type='app.bsky.embed.defs#aspectRatio'), py_type='app.bsky.embed.images#image')], py_type='app.bsky.embed.images') record=Main(record=Main(cid='bafyreici7o54wiqitmggktlvzs3oqoevzmmd7pljhfg77vebqfthb243ii', uri='at://did:plc:2frn6hdtgvolaikf25wuxpfs/app.bsky.feed.post/3lt3lk5zvfc2b', py_type='com.atproto.repo.strongRef'), py_type='app.bsky.embed.record') py_type='app.bsky.embed.recordWithMedia'""",0,0,0,did:plc:2frn6hdtgvolaikf25wuxpfs,tonykainth.bsky.social,Dr Tony Kainth,0,0,0,2024-12-16T15:39:35.342Z,,False,,False,"""[]""",2025-07-04T14:09:20.106685Z,Vrai,"[0.0002721950877457857, 0.9997277855873108]","[{""label"": ""admiration"", ""score"": 0.002132503315806389}, {""label"": ""amusement"", ""score"": 0.010969236493110657}, {""label"": ""anger"", ""score"": 0.015903541818261147}, {""label"": ""annoyance"", ""score"": 0.2451086938381195}, {""label"": ""approval"", ""score"": 0.10006146132946014}, {""label"": ""caring"", ""score"": 0.000825751107186079}, {""label"": ""confusion"", ""score"": 0.003573964349925518}, {""label"": ""curiosity"", ""score"": 0.0013756892876699567}, {""label"": ""desire"", ""score"": 0.001789769739843905}, {""label"": ""disappointment"", ""score"": 0.07394103705883026}, {""label"": ""disapproval"", ""score"": 0.011542688123881817}, {""label"": ""disgust"", ""score"": 0.009123865514993668}, {""label"": ""embarrassment"", ""score"": 0.013719867914915085}, {""label"": ""excitement"", ""score"": 0.004302334506064653}, {""label"": ""fear"", ""score"": 0.0017589802155271173}, {""label"": ""gratitude"", ""score"": 0.0005244203493930399}, {""label"": ""grief"", ""score"": 0.0010970012517645955}, {""label"": ""joy"", ""score"": 0.004674885887652636}, {""label"": ""love"", ""score"": 0.0009312090696766973}, {""label"": ""nervousness"", ""score"": 0.0021204764489084482}, {""label"": ""optimism"", ""score"": 0.019881241023540497}, {""label"": ""pride"", ""score"": 0.0014302118215709925}, {""label"": ""realization"", ""score"": 0.2886129319667816}, {""label"": ""relief"", ""score"": 0.003266375046223402}, {""label"": ""remorse"", ""score"": 0.0006228998536244035}, {""label"": ""sadness"", ""score"": 0.005337913986295462}, {""label"": ""surprise"", ""score"": 0.028616897761821747}, {""label"": ""neutral"", ""score"": 0.2584434747695923}]",realization
at://did:plc:y5ghw5klsshrxwxg57zxbu3o/app.bsky.feed.post/3lt5exagpsk2g,https://bsky.app/profile/scuba49.bsky.social/post/3lt5exagpsk2g,bafyreifamm2l6mioiincjb6ueo2mlyopaqnigk7hsrjbhe7sglzlgsw6he,"We should have no illusions about ""Florida Alcatraz;"" it's not for immigrants/brown folks. It was built for political prisoners. Florida's Concentration Camp would be a more accurate name. Costing taxpayers $450.000 a year to operate, start up costs are unknown & will solve an imaginary problem.",2025-07-04T13:46:59.421Z,2025-07-04T13:47:06.234Z,"""images=[Image(alt='', image=BlobRef(mime_type='image/jpeg', size=921233, ref=IpldLink(link='bafkreihcrviycyignl5zd4ycfqbusuz7tctnbbrv24weymu22mg4skgjnq'), py_type='blob'), aspect_ratio=AspectRatio(height=810, width=1440, py_type='app.bsky.embed.defs#aspectRatio'), py_type='app.bsky.embed.images#image')] py_type='app.bsky.embed.images'""",0,0,0,did:plc:y5ghw5klsshrxwxg57zxbu3o,scuba49.bsky.social,Skip  ,0,0,0,2024-08-17T13:34:21.487Z,,False,,False,"""[]""",2025-07-04T14:09:20.106957Z,Vrai,"[0.0028112006839364767, 0.9971887469291687]","[{""label"": ""admiration"", ""score"": 0.001051003928296268}, {""label"": ""amusement"", ""score"": 0.0010537694906815886}, {""label"": ""anger"", ""score"": 0.0015217650216072798}, {""label"": ""annoyance"", ""score"": 0.018636738881468773}, {""label"": ""approval"", ""score"": 0.05589930713176727}, {""label"": ""caring"", ""score"": 0.0019895723089575768}, {""label"": ""confusion"", ""score"": 0.023699244484305382}, {""label"": ""curiosity"", ""score"": 0.0013656431110575795}, {""label"": ""desire"", ""score"": 0.0009946636855602264}, {""label"": ""disappointment"", ""score"": 0.00870518945157528}, {""label"": ""disapproval"", ""score"": 0.16082116961479187}, {""label"": ""disgust"", ""score"": 0.0012807352468371391}, {""label"": ""embarrassment"", ""score"": 0.0008130593923851848}, {""label"": ""excitement"", ""score"": 0.00039725456736050546}, {""label"": ""fear"", ""score"": 0.0009502332541160285}, {""label"": ""gratitude"", ""score"": 0.0004181143594905734}, {""label"": ""grief"", ""score"": 0.00025207592989318073}, {""label"": ""joy"", ""score"": 0.0008042925037443638}, {""label"": ""love"", ""score"": 0.00036153968540020287}, {""label"": ""nervousness"", ""score"": 0.0006125440704636276}, {""label"": ""optimism"", ""score"": 0.007677414454519749}, {""label"": ""pride"", ""score"": 0.00023472230532206595}, {""label"": ""realization"", ""score"": 0.04646217077970505}, {""label"": ""relief"", ""score"": 0.0006450308719649911}, {""label"": ""remorse"", ""score"": 0.00042563476017676294}, {""label"": ""sadness"", ""score"": 0.0013612153707072139}, {""label"": ""surprise"", ""score"": 0.0008006377029232681}, {""label"": ""neutral"", ""score"": 0.7923206686973572}]",neutral
at://did:plc:lul4bojx6u5mxlajmxygu7sv/app.bsky.feed.post/3lt5ew6fffs2m,https://bsky.app/profile/notlimemanon.bsky.social/post/3lt5ew6fffs2m,bafyreiecrh54ndqofzlzro5tugh4ouhdebdmbe27pyydgvzqiibmhxjrsq,Upsetting liberals is easy. Jeffries speech was nothing but political theater.   www.foxnews.com/opinion/cong...,2025-07-04T13:46:23.768Z,2025-07-04T13:46:26.445Z,"""external=External(description=\""'One big, beautiful' bill ends taxes on overtime and tips, makes middle-class tax cuts permanent, and expands child tax credit, delivering relief to hardworking Americans as promised by Congress.\"", title='Congress delivers one big, beautiful win for the middle class', uri='https://www.foxnews.com/opinion/congress-delivers-one-big-beautiful-win-middle-class', thumb=BlobRef(mime_type='image/jpeg', size=512789, ref=IpldLink(link='bafkreigqd6jxn4p4ph2orpwmgetxcroqmd3li2gh2fnt4a5s7vxoj7a3ja'), py_type='blob'), py_type='app.bsky.embed.external#external') py_type='app.bsky.embed.external'""",0,0,0,did:plc:lul4bojx6u5mxlajmxygu7sv,notlimemanon.bsky.social,,0,0,0,2025-01-28T22:44:45.045Z,,False,,False,"""[]""",2025-07-04T14:09:20.107003Z,Vrai,"[0.0009469651849940419, 0.9990530610084534]","[{""label"": ""admiration"", ""score"": 0.0018563272897154093}, {""label"": ""amusement"", ""score"": 0.001296172384172678}, {""label"": ""anger"", ""score"": 0.010455269366502762}, {""label"": ""annoyance"", ""score"": 0.1252974271774292}, {""label"": ""approval"", ""score"": 0.06351705640554428}, {""label"": ""caring"", ""score"": 0.0007957530324347317}, {""label"": ""confusion"", ""score"": 0.0008636534330435097}, {""label"": ""curiosity"", ""score"": 0.00039803964318707585}, {""label"": ""desire"", ""score"": 0.0007728036725893617}, {""label"": ""disappointment"", ""score"": 0.017054643481969833}, {""label"": ""disapproval"", ""score"": 0.022303294390439987}, {""label"": ""disgust"", ""score"": 0.005850187968462706}, {""label"": ""embarrassment"", ""score"": 0.001733918208628893}, {""label"": ""excitement"", ""score"": 0.0004240506386850029}, {""label"": ""fear"", ""score"": 0.00043891771929338574}, {""label"": ""gratitude"", ""score"": 0.00037748171598650515}, {""label"": ""grief"", ""score"": 0.00028337689582258463}, {""label"": ""joy"", ""score"": 0.0007108389399945736}, {""label"": ""love"", ""score"": 0.0005289011751301587}, {""label"": ""nervousness"", ""score"": 0.00020820704230573028}, {""label"": ""optimism"", ""score"": 0.002027736743912101}, {""label"": ""pride"", ""score"": 0.0004217336536385119}, {""label"": ""realization"", ""score"": 0.022033175453543663}, {""label"": ""relief"", ""score"": 0.0004380113387014717}, {""label"": ""remorse"", ""score"": 0.00032525125425308943}, {""label"": ""sadness"", ""score"": 0.0024281830992549658}, {""label"": ""surprise"", ""score"": 0.00044107926078140736}, {""label"": ""neutral"", ""score"": 0.7614721059799194}]",neutral
at://did:plc:hp6lflgyiqm5gkzodp24ehlz/app.bsky.feed.post/3lt5evth6es2l,https://bsky.app/profile/lockhrin.bsky.social/post/3lt5evth6es2l,bafyreie5dzqzxssvu4spyxde3iefbiuruypsklyj4z2bjkgxbraerhczwa,Extremely funny that in the current political climate the dissidents and bad boys are dorks in glasses that look like they'd be perfectly at home at a coffee shop slam poetry night in beanies and plaid,2025-07-04T13:46:12.295Z,2025-07-04T13:46:14.337Z,{},0,0,0,did:plc:hp6lflgyiqm5gkzodp24ehlz,lockhrin.bsky.social,Lockhrin!,0,0,0,2023-09-25T08:34:35.328Z,,False,,False,"""[]""",2025-07-04T14:09:20.107021Z,Vrai,"[0.006375902332365513, 0.9936240911483765]","[{""label"": ""admiration"", ""score"": 0.01797362230718136}, {""label"": ""amusement"", ""score"": 0.9218270778656006}, {""label"": ""anger"", ""score"": 0.0015150863910093904}, {""label"": ""annoyance"", ""score"": 0.0068310522474348545}, {""label"": ""approval"", ""score"": 0.013926423154771328}, {""label"": ""caring"", ""score"": 0.0018132049590349197}, {""label"": ""confusion"", ""score"": 0.002102068392559886}, {""label"": ""curiosity"", ""score"": 0.0023614191450178623}, {""label"": ""desire"", ""score"": 0.0014933497877791524}, {""label"": ""disappointment"", ""score"": 0.0017142858123406768}, {""label"": ""disapproval"", ""score"": 0.0024915568064898252}, {""label"": ""disgust"", ""score"": 0.0014643999747931957}, {""label"": ""embarrassment"", ""score"": 0.0015280254883691669}, {""label"": ""excitement"", ""score"": 0.0045517319813370705}, {""label"": ""fear"", ""score"": 0.00048338458873331547}, {""label"": ""gratitude"", ""score"": 0.0027455557137727737}, {""label"": ""grief"", ""score"": 0.00039319609641097486}, {""label"": ""joy"", ""score"": 0.10077236592769623}, {""label"": ""love"", ""score"": 0.004780623596161604}, {""label"": ""nervousness"", ""score"": 0.0005231726681813598}, {""label"": ""optimism"", ""score"": 0.004351596813648939}, {""label"": ""pride"", ""score"": 0.0005139587447047234}, {""label"": ""realization"", ""score"": 0.007898688316345215}, {""label"": ""relief"", ""score"": 0.0013887883396819234}, {""label"": ""remorse"", ""score"": 0.0008103876607492566}, {""label"": ""sadness"", ""score"": 0.0024252268485724926}, {""label"": ""surprise"", ""score"": 0.0016213320195674896}, {""label"": ""neutral"", ""score"": 0.023815765976905823}]",amusement
at://did:plc:yz4yfbh3s4xijvmyltscabx5/app.bsky.feed.post/3lt5euxedok2c,https://bsky.app/profile/miravus.bsky.social/post/3lt5euxedok2c,bafyreidf6egyfzpb6wka3uwwyguovsilgx27qvei3lydq34ob3wff674pi,"After ""screams without words,"" it should be perfectly clear that they do not care about factual accuracy or conflicts of interest. They care, first and foremost, about propagandizing for their conservative political program.",2025-07-04T13:45:42.843Z,2025-07-04T13:45:41.035Z,{},0,0,0,did:plc:yz4yfbh3s4xijvmyltscabx5,miravus.bsky.social,MirA,0,0,0,2023-06-21T22:25:58.545Z,,False,,False,"""[]""",2025-07-04T14:09:20.107038Z,Vrai,"[0.00536939175799489, 0.9946305751800537]","[{""label"": ""admiration"", ""score"": 0.0034820041619241238}, {""label"": ""amusement"", ""score"": 0.0006978818564675748}, {""label"": ""anger"", ""score"": 0.004486482590436935}, {""label"": ""annoyance"", ""score"": 0.034410811960697174}, {""label"": ""approval"", ""score"": 0.07617577165365219}, {""label"": ""caring"", ""score"": 0.15932363271713257}, {""label"": ""confusion"", ""score"": 0.001217766315676272}, {""label"": ""curiosity"", ""score"": 0.0007978692301549017}, {""label"": ""desire"", ""score"": 0.004499091301113367}, {""label"": ""disappointment"", ""score"": 0.006207022350281477}, {""label"": ""disapproval"", ""score"": 0.03526921570301056}, {""label"": ""disgust"", ""score"": 0.0014035124331712723}, {""label"": ""embarrassment"", ""score"": 0.0005560695426538587}, {""label"": ""excitement"", ""score"": 0.0005083066644147038}, {""label"": ""fear"", ""score"": 0.0014222776517271996}, {""label"": ""gratitude"", ""score"": 0.0014875895576551557}, {""label"": ""grief"", ""score"": 0.0007318331627175212}, {""label"": ""joy"", ""score"": 0.0016051571583375335}, {""label"": ""love"", ""score"": 0.001004591933451593}, {""label"": ""nervousness"", ""score"": 0.0014131966745480895}, {""label"": ""optimism"", ""score"": 0.00664961151778698}, {""label"": ""pride"", ""score"": 0.0006463329773396254}, {""label"": ""realization"", ""score"": 0.013035217300057411}, {""label"": ""relief"", ""score"": 0.00289624254219234}, {""label"": ""remorse"", ""score"": 0.0010085664689540863}, {""label"": ""sadness"", ""score"": 0.004403711296617985}, {""label"": ""surprise"", ""score"": 0.00019834146951325238}, {""label"": ""neutral"", ""score"": 0.7265439629554749}]",neutral
at://did:plc:smkbdlb6cvxymlwgn2vritnx/app.bsky.feed.post/3lt5euhrrlc2d,https://bsky.app/profile/pave2112.bsky.social/post/3lt5euhrrlc2d,bafyreigfupf5rtrfboufuok6uccq3pylu3qv5rwewxeuhomvrumwqr2ixy,modernization of the American political system after the sengoku/civil war,2025-07-04T13:45:26.505Z,2025-07-04T13:45:27.741Z,{},0,0,0,did:plc:smkbdlb6cvxymlwgn2vritnx,pave2112.bsky.social,,0,0,0,2023-06-28T16:08:06.287Z,,False,,False,"""[]""",2025-07-04T14:09:20.107054Z,Vrai,"[0.001065339194610715, 0.9989346861839294]","[{""label"": ""admiration"", ""score"": 0.0035085680428892374}, {""label"": ""amusement"", ""score"": 0.0015354251954704523}, {""label"": ""anger"", ""score"": 0.0008365441462956369}, {""label"": ""annoyance"", ""score"": 0.008445415645837784}, {""label"": ""approval"", ""score"": 0.09747394919395447}, {""label"": ""caring"", ""score"": 0.0011162812588736415}, {""label"": ""confusion"", ""score"": 0.0014487471198663116}, {""label"": ""curiosity"", ""score"": 0.0004052261938340962}, {""label"": ""desire"", ""score"": 0.0010874144500121474}, {""label"": ""disappointment"", ""score"": 0.0053314343094825745}, {""label"": ""disapproval"", ""score"": 0.0019538509659469128}, {""label"": ""disgust"", ""score"": 0.001728834118694067}, {""label"": ""embarrassment"", ""score"": 0.0014520190889015794}, {""label"": ""excitement"", ""score"": 0.0014764266088604927}, {""label"": ""fear"", ""score"": 0.0012065718183293939}, {""label"": ""gratitude"", ""score"": 0.0014659990556538105}, {""label"": ""grief"", ""score"": 0.00044487498234957457}, {""label"": ""joy"", ""score"": 0.0019459964241832495}, {""label"": ""love"", ""score"": 0.0007066213293001056}, {""label"": ""nervousness"", ""score"": 0.000757037487346679}, {""label"": ""optimism"", ""score"": 0.005728788208216429}, {""label"": ""pride"", ""score"": 0.0011426869314163923}, {""label"": ""realization"", ""score"": 0.11739800870418549}, {""label"": ""relief"", ""score"": 0.001909585203975439}, {""label"": ""remorse"", ""score"": 0.0007034580921754241}, {""label"": ""sadness"", ""score"": 0.0023230728693306446}, {""label"": ""surprise"", ""score"": 0.0011502912966534495}, {""label"": ""neutral"", ""score"": 0.7824499607086182}]",neutral
at://did:plc:ytk7darlisyx556zxibiteih/app.bsky.feed.post/3lt5euftyzd2d,https://bsky.app/profile/turbounicorn.bsky.social/post/3lt5euftyzd2d,bafyreifw3rawokallln5d4y3olddta3gyjaotfavlwzual2kb4xllmsbr4,"We can no longer hold power accountable as the judiciary as well as institutions of force have been captured, and not just through political appointments, but they have been co-opted through self-interest (very favourable conditions, special pensions, etc)",2025-07-04T13:45:23.777Z,2025-07-04T13:45:26.529Z,{},0,0,1,did:plc:ytk7darlisyx556zxibiteih,turbounicorn.bsky.social,Turbo Unicorn,0,0,0,2024-11-07T13:43:19.385Z,,False,,False,"""[]""",2025-07-04T14:09:20.107069Z,Vrai,"[0.002654803916811943, 0.9973452687263489]","[{""label"": ""admiration"", ""score"": 0.0012772821355611086}, {""label"": ""amusement"", ""score"": 0.0008697924204170704}, {""label"": ""anger"", ""score"": 0.012097091414034367}, {""label"": ""annoyance"", ""score"": 0.19412820041179657}, {""label"": ""approval"", ""score"": 0.029286662116646767}, {""label"": ""caring"", ""score"": 0.0011247767833992839}, {""label"": ""confusion"", ""score"": 0.002224599476903677}, {""label"": ""curiosity"", ""score"": 0.000612839066889137}, {""label"": ""desire"", ""score"": 0.0011759464396163821}, {""label"": ""disappointment"", ""score"": 0.19163860380649567}, {""label"": ""disapproval"", ""score"": 0.1612153947353363}, {""label"": ""disgust"", ""score"": 0.005568490829318762}, {""label"": ""embarrassment"", ""score"": 0.0060684639029204845}, {""label"": ""excitement"", ""score"": 0.0004908361006528139}, {""label"": ""fear"", ""score"": 0.0007835687138140202}, {""label"": ""gratitude"", ""score"": 0.0011126042809337378}, {""label"": ""grief"", ""score"": 0.0008001095266081393}, {""label"": ""joy"", ""score"": 0.0011374733876436949}, {""label"": ""love"", ""score"": 0.0006158345495350659}, {""label"": ""nervousness"", ""score"": 0.0009272846509702504}, {""label"": ""optimism"", ""score"": 0.002724806545302272}, {""label"": ""pride"", ""score"": 0.0006447354680858552}, {""label"": ""realization"", ""score"": 0.04480152949690819}, {""label"": ""relief"", ""score"": 0.0013055028393864632}, {""label"": ""remorse"", ""score"": 0.0019156456692144275}, {""label"": ""sadness"", ""score"": 0.015761472284793854}, {""label"": ""surprise"", ""score"": 0.0009708169382065535}, {""label"": ""neutral"", ""score"": 0.35880857706069946}]",neutral
at://did:plc:ytk7darlisyx556zxibiteih/app.bsky.feed.post/3lt5eufty222d,https://bsky.app/profile/turbounicorn.bsky.social/post/3lt5eufty222d,bafyreidralraiua2gvk3dggyww3mqozhw6eziwonpp2f44g4r5ydi7zsse,"Much like in Russia and other eastern Europe, conspiracy theories were rife in the 90s, and while not as popular today, there is a widely spread mindset across the entire demographic that is vulnerable. This is exploited by political party affiliated media, russian social media networks, etc.",2025-07-04T13:45:23.775Z,2025-07-04T13:45:26.470Z,{},0,0,1,did:plc:ytk7darlisyx556zxibiteih,turbounicorn.bsky.social,Turbo Unicorn,0,0,0,2024-11-07T13:43:19.385Z,,False,,False,"""[]""",2025-07-04T14:09:20.541188Z,Vrai,"[0.0010974234901368618, 0.9989025592803955]","[{""label"": ""admiration"", ""score"": 0.004198468290269375}, {""label"": ""amusement"", ""score"": 0.0017398536438122392}, {""label"": ""anger"", ""score"": 0.0008825163240544498}, {""label"": ""annoyance"", ""score"": 0.011732221581041813}, {""label"": ""approval"", ""score"": 0.37395843863487244}, {""label"": ""caring"", ""score"": 0.0016160650411620736}, {""label"": ""confusion"", ""score"": 0.011442170478403568}, {""label"": ""curiosity"", ""score"": 0.0023041232489049435}, {""label"": ""desire"", ""score"": 0.001406257739290595}, {""label"": ""disappointment"", ""score"": 0.005189680960029364}, {""label"": ""disapproval"", ""score"": 0.013011723756790161}, {""label"": ""disgust"", ""score"": 0.0017307921079918742}, {""label"": ""embarrassment"", ""score"": 0.0009313781629316509}, {""label"": ""excitement"", ""score"": 0.0010423284256830812}, {""label"": ""fear"", ""score"": 0.0017300400650128722}, {""label"": ""gratitude"", ""score"": 0.0004814323619939387}, {""label"": ""grief"", ""score"": 0.00032337234006263316}, {""label"": ""joy"", ""score"": 0.001693757250905037}, {""label"": ""love"", ""score"": 0.0007418448221869767}, {""label"": ""nervousness"", ""score"": 0.0010847356170415878}, {""label"": ""optimism"", ""score"": 0.011784004978835583}, {""label"": ""pride"", ""score"": 0.0006060468149371445}, {""label"": ""realization"", ""score"": 0.12373515218496323}, {""label"": ""relief"", ""score"": 0.0013667126186192036}, {""label"": ""remorse"", ""score"": 0.00034608578425832093}, {""label"": ""sadness"", ""score"": 0.0014539597323164344}, {""label"": ""surprise"", ""score"": 0.0009739639353938401}, {""label"": ""neutral"", ""score"": 0.5954998731613159}]",neutral
at://did:plc:oy7n5oucglljgri3eey7rctj/app.bsky.feed.post/3lt5euav6yc2k,https://bsky.app/profile/adenng.com/post/3lt5euav6yc2k,bafyreigmmbuezszfcqorzcd2rn77eyzeb5apauavllvlyoult5re3xj3pq,"God, I should really stop engaging with conspiracy nuts. These people don't even know how their own political systems and democracy works.",2025-07-04T13:45:19.276Z,2025-07-04T13:45:23.143Z,"""images=[Image(alt='A screenshot showing a user spreading conspiracy misinformation and a second user not understanding how democracy works with cosponsorship. ', image=BlobRef(mime_type='image/jpeg', size=386399, ref=IpldLink(link='bafkreig25zjlum2pwseza2ed76xgz3zkyffiivwhyxzux73lwrnn4jkef4'), py_type='blob'), aspect_ratio=AspectRatio(height=652, width=586, py_type='app.bsky.embed.defs#aspectRatio'), py_type='app.bsky.embed.images#image')] py_type='app.bsky.embed.images'""",1,0,0,did:plc:oy7n5oucglljgri3eey7rctj,adenng.com,Aden Ng,0,0,0,2024-11-15T02:27:50.735Z,,False,,False,"""[]""",2025-07-04T14:09:20.541465Z,Faux,"[0.9086412787437439, 0.09135870635509491]","[{""label"": ""admiration"", ""score"": 0.0011610315414145589}, {""label"": ""amusement"", ""score"": 0.005227351561188698}, {""label"": ""anger"", ""score"": 0.12419506907463074}, {""label"": ""annoyance"", ""score"": 0.6857377886772156}, {""label"": ""approval"", ""score"": 0.010420896112918854}, {""label"": ""caring"", ""score"": 0.0011530102929100394}, {""label"": ""confusion"", ""score"": 0.006478940602391958}, {""label"": ""curiosity"", ""score"": 0.0014976798556745052}, {""label"": ""desire"", ""score"": 0.0017728075617924333}, {""label"": ""disappointment"", ""score"": 0.09065614640712738}, {""label"": ""disapproval"", ""score"": 0.19428977370262146}, {""label"": ""disgust"", ""score"": 0.03386152908205986}, {""label"": ""embarrassment"", ""score"": 0.015021203085780144}, {""label"": ""excitement"", ""score"": 0.0013738261768594384}, {""label"": ""fear"", ""score"": 0.002126048319041729}, {""label"": ""gratitude"", ""score"": 0.0012463702587410808}, {""label"": ""grief"", ""score"": 0.0005972158396616578}, {""label"": ""joy"", ""score"": 0.0018842804711312056}, {""label"": ""love"", ""score"": 0.00043709270539693534}, {""label"": ""nervousness"", ""score"": 0.0016848063096404076}, {""label"": ""optimism"", ""score"": 0.0032173371873795986}, {""label"": ""pride"", ""score"": 0.000765596458222717}, {""label"": ""realization"", ""score"": 0.037180375307798386}, {""label"": ""relief"", ""score"": 0.0010403170017525554}, {""label"": ""remorse"", ""score"": 0.0008753746515139937}, {""label"": ""sadness"", ""score"": 0.004824057221412659}, {""label"": ""surprise"", ""score"": 0.005857785698026419}, {""label"": ""neutral"", ""score"": 0.10966428369283676}]",annoyance
at://did:plc:tgkm3wojzztdx4mt4fqoy3uy/app.bsky.feed.post/3lt5etytrok26,https://bsky.app/profile/stuartaken.bsky.social/post/3lt5etytrok26,bafyreifkjf643l7kmsqy5vp767p4ejlf56qxlkk2vinverl334fxzojqzq,"It's high time religion of any sort was taken out of ALL political, medical, and social decisions. What people 'believe' is no basis for taking anything other than purely personal action: www.secularism.org.uk/opinion/2025...",2025-07-04T13:45:10.843Z,2025-07-04T13:45:24.345Z,"""external=External(description='Patient autonomy should be central to medical decisions. But religion has long presented the main obstacle to the realisation of this basic principle, says Dr Antony Lempert Read More \u00bb', title='How vested religious interests block progress in medical ethics', uri='https://www.secularism.org.uk/opinion/2025/06/how-vested-religious-interests-block-progress-in-medical-ethics', thumb=BlobRef(mime_type='image/jpeg', size=904487, ref=IpldLink(link='bafkreie2nd2qzk5jn5qhpxtnewylvttwtxvdvjyixpwyi6nljufe7m6bwe'), py_type='blob'), py_type='app.bsky.embed.external#external') py_type='app.bsky.embed.external'""",1,0,0,did:plc:tgkm3wojzztdx4mt4fqoy3uy,stuartaken.bsky.social,Stuart Aken,0,0,0,2023-11-12T12:48:46.594Z,,False,,False,"""[]""",2025-07-04T14:09:20.541521Z,Vrai,"[0.0013336302945390344, 0.9986664056777954]","[{""label"": ""admiration"", ""score"": 0.001239525037817657}, {""label"": ""amusement"", ""score"": 0.0009951257379725575}, {""label"": ""anger"", ""score"": 0.0031441794708371162}, {""label"": ""annoyance"", ""score"": 0.06097584590315819}, {""label"": ""approval"", ""score"": 0.07092759013175964}, {""label"": ""caring"", ""score"": 0.0014904282288625836}, {""label"": ""confusion"", ""score"": 0.0032134971115738153}, {""label"": ""curiosity"", ""score"": 0.0016298812115564942}, {""label"": ""desire"", ""score"": 0.010108253918588161}, {""label"": ""disappointment"", ""score"": 0.011241883970797062}, {""label"": ""disapproval"", ""score"": 0.04141342267394066}, {""label"": ""disgust"", ""score"": 0.001757421181537211}, {""label"": ""embarrassment"", ""score"": 0.0007091133156791329}, {""label"": ""excitement"", ""score"": 0.0010625568684190512}, {""label"": ""fear"", ""score"": 0.00039071819628588855}, {""label"": ""gratitude"", ""score"": 0.00044797701411880553}, {""label"": ""grief"", ""score"": 0.00019098701886832714}, {""label"": ""joy"", ""score"": 0.0006695440970361233}, {""label"": ""love"", ""score"": 0.00042906301678158343}, {""label"": ""nervousness"", ""score"": 0.0003338273090776056}, {""label"": ""optimism"", ""score"": 0.009989893063902855}, {""label"": ""pride"", ""score"": 0.0003305703867226839}, {""label"": ""realization"", ""score"": 0.027074407786130905}, {""label"": ""relief"", ""score"": 0.00047022156650200486}, {""label"": ""remorse"", ""score"": 0.00030817880178801715}, {""label"": ""sadness"", ""score"": 0.0009827824542298913}, {""label"": ""surprise"", ""score"": 0.0006322363042272627}, {""label"": ""neutral"", ""score"": 0.7779144644737244}]",neutral
at://did:plc:r227gailhq6nrk7uus6pgu6f/app.bsky.feed.post/3lt5ethx3wc2t,https://bsky.app/profile/claylex.bsky.social/post/3lt5ethx3wc2t,bafyreihzexlentwn5ymn7qnfryhblngmwqsptxp236o2g4khb765tmwyoq,Happy 4th Of July Gang!  Pls don't sour peeps moods despite the IRL/Political BS happening atm and pls be sure to take care of your pets if they don't like fireworks!,2025-07-04T13:44:53.126Z,2025-07-04T13:44:53.241Z,{},0,0,0,did:plc:r227gailhq6nrk7uus6pgu6f,claylex.bsky.social,Claylex,0,0,0,2023-09-12T02:23:33.567Z,,False,,False,"""[]""",2025-07-04T14:09:20.541541Z,Vrai,"[0.00268836272880435, 0.9973117113113403]","[{""label"": ""admiration"", ""score"": 0.03296688571572304}, {""label"": ""amusement"", ""score"": 0.002503790659829974}, {""label"": ""anger"", ""score"": 0.002979958662763238}, {""label"": ""annoyance"", ""score"": 0.005367578938603401}, {""label"": ""approval"", ""score"": 0.035321637988090515}, {""label"": ""caring"", ""score"": 0.767189085483551}, {""label"": ""confusion"", ""score"": 0.0029657373670488596}, {""label"": ""curiosity"", ""score"": 0.007119365502148867}, {""label"": ""desire"", ""score"": 0.007804208900779486}, {""label"": ""disappointment"", ""score"": 0.0012636118335649371}, {""label"": ""disapproval"", ""score"": 0.005456798244267702}, {""label"": ""disgust"", ""score"": 0.0006084553897380829}, {""label"": ""embarrassment"", ""score"": 0.0005620987503789365}, {""label"": ""excitement"", ""score"": 0.041774168610572815}, {""label"": ""fear"", ""score"": 0.004699893295764923}, {""label"": ""gratitude"", ""score"": 0.03861502185463905}, {""label"": ""grief"", ""score"": 0.002290016273036599}, {""label"": ""joy"", ""score"": 0.12049716711044312}, {""label"": ""love"", ""score"": 0.018029335886240005}, {""label"": ""nervousness"", ""score"": 0.00698636332526803}, {""label"": ""optimism"", ""score"": 0.039472516626119614}, {""label"": ""pride"", ""score"": 0.0038360608741641045}, {""label"": ""realization"", ""score"": 0.0036032109055668116}, {""label"": ""relief"", ""score"": 0.019512681290507317}, {""label"": ""remorse"", ""score"": 0.0020324711222201586}, {""label"": ""sadness"", ""score"": 0.004980622790753841}, {""label"": ""surprise"", ""score"": 0.0013925815001130104}, {""label"": ""neutral"", ""score"": 0.06083725765347481}]",caring
at://did:plc:4qwkwlybanpaphi64yjsonl5/app.bsky.feed.post/3lt5etdozgk2w,https://bsky.app/profile/dood78.bsky.social/post/3lt5etdozgk2w,bafyreifhefkthak7jc5rmq2q35lpfwknhficz5sjjsai4dc3vt3e4u5soy,This is truly the evil of the GOP strategy. I fear it will work as the midterms are an eternity away in political time. American voters are not smart and GOP will run with the fact that bill hasn’t done all the bad stuff in the run up to the election. Their cruelty is smart from that perspective,2025-07-04T13:44:48.666Z,2025-07-04T13:44:49.342Z,{},0,0,0,did:plc:4qwkwlybanpaphi64yjsonl5,dood78.bsky.social,Dood78,0,0,0,2024-11-21T17:55:55.866Z,,False,,False,"""[]""",2025-07-04T14:09:20.541558Z,Vrai,"[0.013025491498410702, 0.9869744777679443]","[{""label"": ""admiration"", ""score"": 0.01581447944045067}, {""label"": ""amusement"", ""score"": 0.0007698514382354915}, {""label"": ""anger"", ""score"": 0.012882609851658344}, {""label"": ""annoyance"", ""score"": 0.07710005342960358}, {""label"": ""approval"", ""score"": 0.09689416736364365}, {""label"": ""caring"", ""score"": 0.004396677948534489}, {""label"": ""confusion"", ""score"": 0.0032862673979252577}, {""label"": ""curiosity"", ""score"": 0.0007043831283226609}, {""label"": ""desire"", ""score"": 0.002936128294095397}, {""label"": ""disappointment"", ""score"": 0.03939471393823624}, {""label"": ""disapproval"", ""score"": 0.11761807650327682}, {""label"": ""disgust"", ""score"": 0.017964249476790428}, {""label"": ""embarrassment"", ""score"": 0.002900953171774745}, {""label"": ""excitement"", ""score"": 0.0024200743064284325}, {""label"": ""fear"", ""score"": 0.25226733088493347}, {""label"": ""gratitude"", ""score"": 0.0007264168816618621}, {""label"": ""grief"", ""score"": 0.0009805639274418354}, {""label"": ""joy"", ""score"": 0.0012313711922615767}, {""label"": ""love"", ""score"": 0.0009684658725745976}, {""label"": ""nervousness"", ""score"": 0.007367925252765417}, {""label"": ""optimism"", ""score"": 0.016518279910087585}, {""label"": ""pride"", ""score"": 0.0016452661948278546}, {""label"": ""realization"", ""score"": 0.02649962343275547}, {""label"": ""relief"", ""score"": 0.0014541243435814977}, {""label"": ""remorse"", ""score"": 0.0003847501066047698}, {""label"": ""sadness"", ""score"": 0.006624329369515181}, {""label"": ""surprise"", ""score"": 0.0020437275525182486}, {""label"": ""neutral"", ""score"": 0.13569673895835876}]",fear
at://did:plc:e65pzovkx5mkmqskbvac7b3z/app.bsky.feed.post/3lt5essf6rk2o,https://bsky.app/profile/joi4mayor.bsky.social/post/3lt5essf6rk2o,bafyreiapea24uz3kzodb4je33jeee7ia7fliv2ns4datvca25bvdwy5wui,🚨 ENDORSEMENT ALERT 🚨  I am proud to announce that I have been ENDORSED by Her Bold Move. Her Bold Move is the fastest-growing support network for women running for political office in the United States! Many thanks to Her Bold Move for supporting my campaign for Mayor! 🇺🇲,2025-07-04T13:44:30.518Z,2025-07-04T13:44:30.640Z,"""video=BlobRef(mime_type='video/mp4', size=287014, ref=IpldLink(link='bafkreiatawhavz67rwzfvxrukcr4axf2ndj2ewcszq7eyrwwplcrzzgre4'), py_type='blob') alt=\""Joi Washington for Media Borough Mayor accepted Her Bold Move's endorsement \"" aspect_ratio=AspectRatio(height=1280, width=720, py_type='app.bsky.embed.defs#aspectRatio') captions=None py_type='app.bsky.embed.video'""",0,0,0,did:plc:e65pzovkx5mkmqskbvac7b3z,joi4mayor.bsky.social,Joi Washington for Media Borough Mayor,0,0,0,2025-05-30T21:17:34.343Z,,False,,False,"""[]""",2025-07-04T14:09:20.541747Z,Vrai,"[0.002179466187953949, 0.9978204965591431]","[{""label"": ""admiration"", ""score"": 0.5156511664390564}, {""label"": ""amusement"", ""score"": 0.0014098742976784706}, {""label"": ""anger"", ""score"": 0.0065457201562821865}, {""label"": ""annoyance"", ""score"": 0.01574070006608963}, {""label"": ""approval"", ""score"": 0.12142171710729599}, {""label"": ""caring"", ""score"": 0.01543746143579483}, {""label"": ""confusion"", ""score"": 0.0011928986059501767}, {""label"": ""curiosity"", ""score"": 0.00041910141590051353}, {""label"": ""desire"", ""score"": 0.008439148776233196}, {""label"": ""disappointment"", ""score"": 0.00599980354309082}, {""label"": ""disapproval"", ""score"": 0.007593635004013777}, {""label"": ""disgust"", ""score"": 0.003607801627367735}, {""label"": ""embarrassment"", ""score"": 0.006440021097660065}, {""label"": ""excitement"", ""score"": 0.042272962629795074}, {""label"": ""fear"", ""score"": 0.003883100813254714}, {""label"": ""gratitude"", ""score"": 0.24923096597194672}, {""label"": ""grief"", ""score"": 0.0037931997794657946}, {""label"": ""joy"", ""score"": 0.05826394632458687}, {""label"": ""love"", ""score"": 0.003526831977069378}, {""label"": ""nervousness"", ""score"": 0.0019366993801668286}, {""label"": ""optimism"", ""score"": 0.02305568754673004}, {""label"": ""pride"", ""score"": 0.32955360412597656}, {""label"": ""realization"", ""score"": 0.028208887204527855}, {""label"": ""relief"", ""score"": 0.03828876465559006}, {""label"": ""remorse"", ""score"": 0.00298767676576972}, {""label"": ""sadness"", ""score"": 0.003833587048575282}, {""label"": ""surprise"", ""score"": 0.006104813888669014}, {""label"": ""neutral"", ""score"": 0.06262943893671036}]",admiration
at://did:plc:actn6wohtc2x6lrpgqjqxlsh/app.bsky.feed.post/3lt5esheho22y,https://bsky.app/profile/laurenleek.eu/post/3lt5esheho22y,bafyreidj4de2lurf7k3oplbzy3fkjvneiieczysw4fuuhjv5nzmirecpr4,I wrote another cycling Substack... This time about the Tour de France and it's political origins plus some data predictions regarding who is going to win this years edition. open.substack.com/pub/laurenle...,2025-07-04T13:44:18.960Z,2025-07-04T13:44:22.335Z,"""external=External(description='With the Tour starting tomorrow, it\u2019s time to revisit what all the fuss is about. I dive into the unlikely origins of a newspaper war amidst the Dreyfus Affair before previewing this years edition.', title='How a political scandal sparked the Tour de France - and what to expect this year', uri='https://open.substack.com/pub/laurenleek/p/how-a-political-scandal-sparked-the?r=2mgxo2&utm_campaign=post&utm_medium=web&showWelcomeOnShare=true', thumb=BlobRef(mime_type='image/jpeg', size=935682, ref=IpldLink(link='bafkreibwlhqpba6shkht4cu3qbgzq4by5hye5fwr7thjbnjid3ekyndz54'), py_type='blob'), py_type='app.bsky.embed.external#external') py_type='app.bsky.embed.external'""",1,0,0,did:plc:actn6wohtc2x6lrpgqjqxlsh,laurenleek.eu,Lauren Leek,0,0,0,2023-09-29T11:16:37.895Z,,False,,False,"""[]""",2025-07-04T14:09:20.541799Z,Vrai,"[0.014280470088124275, 0.9857195019721985]","[{""label"": ""admiration"", ""score"": 0.004658097866922617}, {""label"": ""amusement"", ""score"": 0.0020312818232923746}, {""label"": ""anger"", ""score"": 0.0004478058544918895}, {""label"": ""annoyance"", ""score"": 0.0026670803781598806}, {""label"": ""approval"", ""score"": 0.05324285104870796}, {""label"": ""caring"", ""score"": 0.0012211668072268367}, {""label"": ""confusion"", ""score"": 0.005105332937091589}, {""label"": ""curiosity"", ""score"": 0.002978063654154539}, {""label"": ""desire"", ""score"": 0.008735356852412224}, {""label"": ""disappointment"", ""score"": 0.00582510232925415}, {""label"": ""disapproval"", ""score"": 0.0033404624555259943}, {""label"": ""disgust"", ""score"": 0.0008457626099698246}, {""label"": ""embarrassment"", ""score"": 0.0004221385170239955}, {""label"": ""excitement"", ""score"": 0.007079692557454109}, {""label"": ""fear"", ""score"": 0.0017180663999170065}, {""label"": ""gratitude"", ""score"": 0.0009321775869466364}, {""label"": ""grief"", ""score"": 0.0003934268606826663}, {""label"": ""joy"", ""score"": 0.0020905393175780773}, {""label"": ""love"", ""score"": 0.0022276996169239283}, {""label"": ""nervousness"", ""score"": 0.0007405408541671932}, {""label"": ""optimism"", ""score"": 0.11135176569223404}, {""label"": ""pride"", ""score"": 0.0006171027198433876}, {""label"": ""realization"", ""score"": 0.03503333404660225}, {""label"": ""relief"", ""score"": 0.0006880520959384739}, {""label"": ""remorse"", ""score"": 0.0004984000115655363}, {""label"": ""sadness"", ""score"": 0.0015139506431296468}, {""label"": ""surprise"", ""score"": 0.0039398809894919395}, {""label"": ""neutral"", ""score"": 0.821381151676178}]",neutral
at://did:plc:eh5aq4iqujujf5ewqvyye2cb/app.bsky.feed.post/3lt5erzxpws2h,https://bsky.app/profile/robin-debowler.bsky.social/post/3lt5erzxpws2h,bafyreieo26fdoy3scnwwakchehdesgxcvbom2w7axiqdpuz5l6igcsqcge,"Whilst fptp is the model that underpins the two party monopoly. It is not the root issue. The problem with the UK system is that the candidates can and often do become corrupted, working for a wealth group rather than the people or their constituents. This must change. Political funding grift",2025-07-04T13:44:04.912Z,2025-07-04T13:44:05.441Z,{},0,0,0,did:plc:eh5aq4iqujujf5ewqvyye2cb,robin-debowler.bsky.social,Robin-DeBowler,0,0,0,2025-02-12T17:02:13.145Z,,False,,False,"""[]""",2025-07-04T14:09:20.541819Z,Vrai,"[0.0009125315700657666, 0.9990874528884888]","[{""label"": ""admiration"", ""score"": 0.0016514394665136933}, {""label"": ""amusement"", ""score"": 0.0012627718970179558}, {""label"": ""anger"", ""score"": 0.005790984723716974}, {""label"": ""annoyance"", ""score"": 0.1666901409626007}, {""label"": ""approval"", ""score"": 0.11270590126514435}, {""label"": ""caring"", ""score"": 0.006223391741514206}, {""label"": ""confusion"", ""score"": 0.007150794379413128}, {""label"": ""curiosity"", ""score"": 0.0012070765951648355}, {""label"": ""desire"", ""score"": 0.01539053674787283}, {""label"": ""disappointment"", ""score"": 0.18583379685878754}, {""label"": ""disapproval"", ""score"": 0.15704140067100525}, {""label"": ""disgust"", ""score"": 0.0062389736995100975}, {""label"": ""embarrassment"", ""score"": 0.005013586953282356}, {""label"": ""excitement"", ""score"": 0.0006117223529145122}, {""label"": ""fear"", ""score"": 0.0013824162306264043}, {""label"": ""gratitude"", ""score"": 0.0004308916977606714}, {""label"": ""grief"", ""score"": 0.0008780491189099848}, {""label"": ""joy"", ""score"": 0.0014452249743044376}, {""label"": ""love"", ""score"": 0.001255784067325294}, {""label"": ""nervousness"", ""score"": 0.002638012170791626}, {""label"": ""optimism"", ""score"": 0.03306383267045021}, {""label"": ""pride"", ""score"": 0.000986916245892644}, {""label"": ""realization"", ""score"": 0.15397663414478302}, {""label"": ""relief"", ""score"": 0.002595944097265601}, {""label"": ""remorse"", ""score"": 0.004502263385802507}, {""label"": ""sadness"", ""score"": 0.011489520780742168}, {""label"": ""surprise"", ""score"": 0.0007657325477339327}, {""label"": ""neutral"", ""score"": 0.3348448574542999}]",neutral
at://did:plc:tpc42zt2y25vzh4a2djx5tvo/app.bsky.feed.post/3lt5erytr6t2y,https://bsky.app/profile/newshoundai.bsky.social/post/3lt5erytr6t2y,bafyreigkdnoanf6gj6fvdperl4cj76e33qv6ie3czqlydjh5k2py7idipu,"Additionally, Chief Minister Revanth Reddy highlighted upcoming political changes such as constituency delimitation and women's reservation, suggesting these would create new opportunities for leadership within the party. He expressed confidence that Congress could maintain power in Telangana if",2025-07-04T13:44:03.567407+00:00,2025-07-04T13:44:04.141Z,{},0,0,1,did:plc:tpc42zt2y25vzh4a2djx5tvo,newshoundai.bsky.social,NewshoundAI,0,0,0,2025-01-01T22:49:22.944Z,,False,,False,"""[]""",2025-07-04T14:09:20.541837Z,Vrai,"[0.0011722148628905416, 0.9988277554512024]","[{""label"": ""admiration"", ""score"": 0.027821863070130348}, {""label"": ""amusement"", ""score"": 0.0008242696640081704}, {""label"": ""anger"", ""score"": 0.0006959553575143218}, {""label"": ""annoyance"", ""score"": 0.0026155307423323393}, {""label"": ""approval"", ""score"": 0.2096376270055771}, {""label"": ""caring"", ""score"": 0.016554906964302063}, {""label"": ""confusion"", ""score"": 0.003264147788286209}, {""label"": ""curiosity"", ""score"": 0.001837739604525268}, {""label"": ""desire"", ""score"": 0.01788516156375408}, {""label"": ""disappointment"", ""score"": 0.00460563600063324}, {""label"": ""disapproval"", ""score"": 0.004810674581676722}, {""label"": ""disgust"", ""score"": 0.0007395464926958084}, {""label"": ""embarrassment"", ""score"": 0.0003864658938255161}, {""label"": ""excitement"", ""score"": 0.005650531966239214}, {""label"": ""fear"", ""score"": 0.0034571338910609484}, {""label"": ""gratitude"", ""score"": 0.0048478334210813046}, {""label"": ""grief"", ""score"": 0.0005479898536577821}, {""label"": ""joy"", ""score"": 0.002249938901513815}, {""label"": ""love"", ""score"": 0.0014320033369585872}, {""label"": ""nervousness"", ""score"": 0.0010158064542338252}, {""label"": ""optimism"", ""score"": 0.6718919277191162}, {""label"": ""pride"", ""score"": 0.0024595698341727257}, {""label"": ""realization"", ""score"": 0.01701943576335907}, {""label"": ""relief"", ""score"": 0.0020979074761271477}, {""label"": ""remorse"", ""score"": 0.0007276931428350508}, {""label"": ""sadness"", ""score"": 0.001330088241957128}, {""label"": ""surprise"", ""score"": 0.0026005569379776716}, {""label"": ""neutral"", ""score"": 0.33464449644088745}]",optimism
at://did:plc:7hfwq6pckfu5jqebfieka2lp/app.bsky.feed.post/3lt5erq2ar22n,https://bsky.app/profile/humanrightshouse.bsky.social/post/3lt5erq2ar22n,bafyreig7n755dtlloyy32edopdzhrhpxscg4p6pba2jcb2a4asc7wn5u6i,"At #HRC59, HRHF highlighted the #humanrights situation in Russian-occupied #Crimea, incl. new cases of repression of journalists documented by ZMINA, forced conscription and indoctrination of children, property confiscation, and the situation for political prisoners.",2025-07-04T13:43:54.509Z,2025-07-04T13:43:56.646Z,"""external=External(description='YouTube video by Human Rights House Foundation', title='HRC59: Human rights in Russian-occupied Crimea', uri='https://youtu.be/HsDf1NGPfMQ', thumb=BlobRef(mime_type='image/jpeg', size=292193, ref=IpldLink(link='bafkreieisqs2deibvamvt3cgn47v3o2zvj3uugza3f5pfjrt3if3yqhelu'), py_type='blob'), py_type='app.bsky.embed.external#external') py_type='app.bsky.embed.external'""",0,0,0,did:plc:7hfwq6pckfu5jqebfieka2lp,humanrightshouse.bsky.social,Human Rights House Foundation,0,0,0,2023-10-23T09:54:07.512Z,,False,,False,"""[]""",2025-07-04T14:09:20.541879Z,Vrai,"[0.0005742635694332421, 0.9994257688522339]","[{""label"": ""admiration"", ""score"": 0.0017062121769413352}, {""label"": ""amusement"", ""score"": 0.0012306103017181158}, {""label"": ""anger"", ""score"": 0.0027611348778009415}, {""label"": ""annoyance"", ""score"": 0.01914716511964798}, {""label"": ""approval"", ""score"": 0.05408931523561478}, {""label"": ""caring"", ""score"": 0.002160935429856181}, {""label"": ""confusion"", ""score"": 0.0014554994413629174}, {""label"": ""curiosity"", ""score"": 0.000794396095443517}, {""label"": ""desire"", ""score"": 0.0017397715710103512}, {""label"": ""disappointment"", ""score"": 0.011703389696776867}, {""label"": ""disapproval"", ""score"": 0.011736678890883923}, {""label"": ""disgust"", ""score"": 0.004304633010178804}, {""label"": ""embarrassment"", ""score"": 0.0016920213820412755}, {""label"": ""excitement"", ""score"": 0.0005732447025366127}, {""label"": ""fear"", ""score"": 0.0016314875101670623}, {""label"": ""gratitude"", ""score"": 0.0004355447890702635}, {""label"": ""grief"", ""score"": 0.000892705749720335}, {""label"": ""joy"", ""score"": 0.0009875039104372263}, {""label"": ""love"", ""score"": 0.000922800216358155}, {""label"": ""nervousness"", ""score"": 0.0007152927573770285}, {""label"": ""optimism"", ""score"": 0.0028092311695218086}, {""label"": ""pride"", ""score"": 0.0004935181932523847}, {""label"": ""realization"", ""score"": 0.03875743970274925}, {""label"": ""relief"", ""score"": 0.0009701881790533662}, {""label"": ""remorse"", ""score"": 0.0008195629925467074}, {""label"": ""sadness"", ""score"": 0.009667348116636276}, {""label"": ""surprise"", ""score"": 0.0005345858517102897}, {""label"": ""neutral"", ""score"": 0.9152951836585999}]",neutral
at://did:plc:bit4leogb7cyamofm4o5erke/app.bsky.feed.post/3lt5ern2t2c2j,https://bsky.app/profile/scottmintzer.bsky.social/post/3lt5ern2t2c2j,bafyreiemlzmjabhyf7hnifoiauoq3s3npl53unwlxreespmhwh5ejry6ku,"Just to update everyone on my corner of the world… Right now a major Philly city union is on strike, including trash collectors.  Trash is piling up on July 4th — a major holiday here — b/c the mayor is insisting on 3% raises instead of 5%.  Amazing political incompetence.  share.inquirer.com/CZcPrn",2025-07-04T13:43:51.381Z,2025-07-04T13:43:53.240Z,"""external=External(description='Across the city this week, residents stared down the long, hot holiday weekend, worried about the fresh feasts that would accumulate for rodents.', title='The \u2018Parker piles\u2019 of trash take their toll as residents navigate pest control and dumpster feuds in the DC 33 strike', uri='https://share.inquirer.com/CZcPrn', thumb=BlobRef(mime_type='image/jpeg', size=461031, ref=IpldLink(link='bafkreibwux5v6gzjkyz7nhih3rywfqmamiygfqtng7gsr7h6a5jhm6dtve'), py_type='blob'), py_type='app.bsky.embed.external#external') py_type='app.bsky.embed.external'""",1,0,0,did:plc:bit4leogb7cyamofm4o5erke,scottmintzer.bsky.social,Scott Mintzer,0,0,0,2023-07-21T16:55:03.322Z,,False,,False,"""[]""",2025-07-04T14:09:20.541930Z,Vrai,"[0.00105950771830976, 0.9989405274391174]","[{""label"": ""admiration"", ""score"": 0.6182220578193665}, {""label"": ""amusement"", ""score"": 0.004483880940824747}, {""label"": ""anger"", ""score"": 0.006952804513275623}, {""label"": ""annoyance"", ""score"": 0.12415473163127899}, {""label"": ""approval"", ""score"": 0.040251269936561584}, {""label"": ""caring"", ""score"": 0.0006007871706970036}, {""label"": ""confusion"", ""score"": 0.0032375322189182043}, {""label"": ""curiosity"", ""score"": 0.003028094070032239}, {""label"": ""desire"", ""score"": 0.0017697579460218549}, {""label"": ""disappointment"", ""score"": 0.10987578332424164}, {""label"": ""disapproval"", ""score"": 0.03147788718342781}, {""label"": ""disgust"", ""score"": 0.013559470884501934}, {""label"": ""embarrassment"", ""score"": 0.00527808116748929}, {""label"": ""excitement"", ""score"": 0.007820509374141693}, {""label"": ""fear"", ""score"": 0.0015125710051506758}, {""label"": ""gratitude"", ""score"": 0.0008775937021709979}, {""label"": ""grief"", ""score"": 0.0008711706614121795}, {""label"": ""joy"", ""score"": 0.002641137922182679}, {""label"": ""love"", ""score"": 0.0007879887707531452}, {""label"": ""nervousness"", ""score"": 0.0006266768905334175}, {""label"": ""optimism"", ""score"": 0.008010239340364933}, {""label"": ""pride"", ""score"": 0.00479633454233408}, {""label"": ""realization"", ""score"": 0.03461003676056862}, {""label"": ""relief"", ""score"": 0.0015024535823613405}, {""label"": ""remorse"", ""score"": 0.0003761576081160456}, {""label"": ""sadness"", ""score"": 0.0022764967288821936}, {""label"": ""surprise"", ""score"": 0.022219926118850708}, {""label"": ""neutral"", ""score"": 0.23154549300670624}]",admiration
at://did:plc:fdsajrty4s5i7h2j56pq2yrl/app.bsky.feed.post/3lt5eqpi7zs2d,https://bsky.app/profile/judyjaguarjetta.bsky.social/post/3lt5eqpi7zs2d,bafyreidyi7nykryshqyjwzqfr5cbye4or5cuciw4kfu2ykyenc2562pe5u,This is my favorite non political you tube channel  ;)  youtube.com/@firesideuns...,2025-07-04T13:43:20.364Z,2025-07-04T13:43:22.440Z,"""external=External(description='Get cozy, grab your favorite drink, and sit by the fire while we discuss the mysterious and unknown throughout the world.\\n\\nFor promotions, sponsorships, and business inquiries please email: ab@designe...', title='Fireside Unsolved', uri='https://youtube.com/@firesideunsolved?si=5_JfkiDj7qqwdzF8', thumb=BlobRef(mime_type='image/jpeg', size=116010, ref=IpldLink(link='bafkreiavh6mokzluwbyory52umqxriom4bv5klprexdagalljth6y3ehky'), py_type='blob'), py_type='app.bsky.embed.external#external') py_type='app.bsky.embed.external'""",0,0,0,did:plc:fdsajrty4s5i7h2j56pq2yrl,judyjaguarjetta.bsky.social,Judy Jaguar Jetta,0,0,0,2024-11-13T10:55:53.279Z,,False,,False,"""[]""",2025-07-04T14:09:20.541968Z,Faux,"[0.9877580404281616, 0.012242048978805542]","[{""label"": ""admiration"", ""score"": 0.4185566306114197}, {""label"": ""amusement"", ""score"": 0.004086507484316826}, {""label"": ""anger"", ""score"": 0.001917138695716858}, {""label"": ""annoyance"", ""score"": 0.004717529285699129}, {""label"": ""approval"", ""score"": 0.14405469596385956}, {""label"": ""caring"", ""score"": 0.0012872668448835611}, {""label"": ""confusion"", ""score"": 0.0013647492742165923}, {""label"": ""curiosity"", ""score"": 0.0009236685582436621}, {""label"": ""desire"", ""score"": 0.0012313025072216988}, {""label"": ""disappointment"", ""score"": 0.0026941883843392134}, {""label"": ""disapproval"", ""score"": 0.005100967828184366}, {""label"": ""disgust"", ""score"": 0.0011487725423648953}, {""label"": ""embarrassment"", ""score"": 0.00030531868105754256}, {""label"": ""excitement"", ""score"": 0.005563088692724705}, {""label"": ""fear"", ""score"": 0.0003143318463116884}, {""label"": ""gratitude"", ""score"": 0.001702049863524735}, {""label"": ""grief"", ""score"": 0.00018582402844913304}, {""label"": ""joy"", ""score"": 0.02563912235200405}, {""label"": ""love"", ""score"": 0.620811402797699}, {""label"": ""nervousness"", ""score"": 0.00012280051305424422}, {""label"": ""optimism"", ""score"": 0.002683064667508006}, {""label"": ""pride"", ""score"": 0.0013392894761636853}, {""label"": ""realization"", ""score"": 0.005879638716578484}, {""label"": ""relief"", ""score"": 0.0006827335455454886}, {""label"": ""remorse"", ""score"": 0.0002886760630644858}, {""label"": ""sadness"", ""score"": 0.0008784850942902267}, {""label"": ""surprise"", ""score"": 0.0009025054750964046}, {""label"": ""neutral"", ""score"": 0.04871593415737152}]",love
at://did:plc:htg7k3mcykevuevlrrsuvbul/app.bsky.feed.post/3lt5eqkcaj22m,https://bsky.app/profile/technicalcaleb.bsky.social/post/3lt5eqkcaj22m,bafyreidxxyubdmjkbtad6i2uk24jemoguebclvhkvgcugik7vcvhweawli,"Inflammatory statements like this do not come from a leader, or a role model. They exacerbate tension and political violence. Why some choose to look up to him, I cannot fathom.",2025-07-04T13:43:14.923Z,2025-07-04T13:43:13.041Z,"""record=Main(cid='bafyreidqq7vg5fhxqvuzblzkxyrelf7773326pp4hit5xzaun6kuj46yoy', uri='at://did:plc:nb6uhiglzowsdcbgwv2itwa7/app.bsky.feed.post/3lt44de4wmk2b', py_type='com.atproto.repo.strongRef') py_type='app.bsky.embed.record'""",0,0,0,did:plc:htg7k3mcykevuevlrrsuvbul,technicalcaleb.bsky.social,,0,0,0,2025-01-24T03:56:21.544Z,,False,,False,"""[]""",2025-07-04T14:09:20.542013Z,Vrai,"[0.0010097596095874906, 0.9989902377128601]","[{""label"": ""admiration"", ""score"": 0.0013728850753977895}, {""label"": ""amusement"", ""score"": 0.0013474244624376297}, {""label"": ""anger"", ""score"": 0.01301346905529499}, {""label"": ""annoyance"", ""score"": 0.10468897968530655}, {""label"": ""approval"", ""score"": 0.022211894392967224}, {""label"": ""caring"", ""score"": 0.0027575462590903044}, {""label"": ""confusion"", ""score"": 0.7258918285369873}, {""label"": ""curiosity"", ""score"": 0.05298367142677307}, {""label"": ""desire"", ""score"": 0.0017138500697910786}, {""label"": ""disappointment"", ""score"": 0.027744844555854797}, {""label"": ""disapproval"", ""score"": 0.28278636932373047}, {""label"": ""disgust"", ""score"": 0.0040551042184233665}, {""label"": ""embarrassment"", ""score"": 0.003394701750949025}, {""label"": ""excitement"", ""score"": 0.001746744499541819}, {""label"": ""fear"", ""score"": 0.00410883454605937}, {""label"": ""gratitude"", ""score"": 0.0007599688833579421}, {""label"": ""grief"", ""score"": 0.0005863617407158017}, {""label"": ""joy"", ""score"": 0.0015933129470795393}, {""label"": ""love"", ""score"": 0.0009395356173627079}, {""label"": ""nervousness"", ""score"": 0.003947114571928978}, {""label"": ""optimism"", ""score"": 0.007189974654465914}, {""label"": ""pride"", ""score"": 0.0002801369992084801}, {""label"": ""realization"", ""score"": 0.023129643872380257}, {""label"": ""relief"", ""score"": 0.0006752486806362867}, {""label"": ""remorse"", ""score"": 0.0009952100226655602}, {""label"": ""sadness"", ""score"": 0.003473628545179963}, {""label"": ""surprise"", ""score"": 0.006382010877132416}, {""label"": ""neutral"", ""score"": 0.28458690643310547}]",confusion
at://did:plc:5a7h76wl2jc6bpa5pya4yt7e/app.bsky.feed.post/3lt5eqbvumk2v,https://bsky.app/profile/krautart.bsky.social/post/3lt5eqbvumk2v,bafyreiaahe73dcsjilyfvvu45qiuywowtxmctbsb54kvyhfahirq6yvnde,"I don't think this has to do anything with zionists - or any other belief, political direction or origin: 'Every accusation is a confession and a projection' is true for any authoritarian character",2025-07-04T13:43:06.131Z,2025-07-04T13:43:06.541Z,{},0,0,0,did:plc:5a7h76wl2jc6bpa5pya4yt7e,krautart.bsky.social,krautART,0,0,0,2024-07-10T07:02:42.480Z,,False,,False,"""[]""",2025-07-04T14:09:20.542034Z,Vrai,"[0.0014872750034555793, 0.9985126852989197]","[{""label"": ""admiration"", ""score"": 0.0031026171054691076}, {""label"": ""amusement"", ""score"": 0.0013298429548740387}, {""label"": ""anger"", ""score"": 0.0017536551458761096}, {""label"": ""annoyance"", ""score"": 0.01362033560872078}, {""label"": ""approval"", ""score"": 0.234481543302536}, {""label"": ""caring"", ""score"": 0.001544609316624701}, {""label"": ""confusion"", ""score"": 0.016749445348978043}, {""label"": ""curiosity"", ""score"": 0.0013483429793268442}, {""label"": ""desire"", ""score"": 0.0007968408172018826}, {""label"": ""disappointment"", ""score"": 0.0035112847108393908}, {""label"": ""disapproval"", ""score"": 0.23232322931289673}, {""label"": ""disgust"", ""score"": 0.0011920018587261438}, {""label"": ""embarrassment"", ""score"": 0.0004519185167737305}, {""label"": ""excitement"", ""score"": 0.0005147551419213414}, {""label"": ""fear"", ""score"": 0.00043700748938135803}, {""label"": ""gratitude"", ""score"": 0.0010988237336277962}, {""label"": ""grief"", ""score"": 0.0001632295170566067}, {""label"": ""joy"", ""score"": 0.0008323593647219241}, {""label"": ""love"", ""score"": 0.0008718364988453686}, {""label"": ""nervousness"", ""score"": 0.0002425279380986467}, {""label"": ""optimism"", ""score"": 0.005398595705628395}, {""label"": ""pride"", ""score"": 0.00028075245791114867}, {""label"": ""realization"", ""score"": 0.03861300274729729}, {""label"": ""relief"", ""score"": 0.0006355309160426259}, {""label"": ""remorse"", ""score"": 0.00029153708601370454}, {""label"": ""sadness"", ""score"": 0.0006712455069646239}, {""label"": ""surprise"", ""score"": 0.0008283960050903261}, {""label"": ""neutral"", ""score"": 0.47744160890579224}]",neutral
at://did:plc:h7c4by4ppxcv4psonlc4srlg/app.bsky.feed.post/3lt5epyosac2r,https://bsky.app/profile/lexical-lushes.bsky.social/post/3lt5epyosac2r,bafyreifad4qjrn7bueewirxk2ae2olvsgif4q2eldgghzosezgtjj6fv6i,shinzo abe was a great demonstration of how much political change can be accomplished with just a little direct action,2025-07-04T13:42:56.461Z,2025-07-04T13:42:57.646Z,{},2,0,0,did:plc:h7c4by4ppxcv4psonlc4srlg,lexical-lushes.bsky.social,Lexical Lushes,0,0,0,2024-09-07T19:15:23.618Z,,False,,False,"""[]""",2025-07-04T14:09:20.542049Z,Faux,"[0.9979252815246582, 0.002074664458632469]","[{""label"": ""admiration"", ""score"": 0.7132765054702759}, {""label"": ""amusement"", ""score"": 0.001150854048319161}, {""label"": ""anger"", ""score"": 0.0006058794097043574}, {""label"": ""annoyance"", ""score"": 0.0029608586337417364}, {""label"": ""approval"", ""score"": 0.2812630236148834}, {""label"": ""caring"", ""score"": 0.003525364212691784}, {""label"": ""confusion"", ""score"": 0.0016284100711345673}, {""label"": ""curiosity"", ""score"": 0.0029134026262909174}, {""label"": ""desire"", ""score"": 0.003928143065422773}, {""label"": ""disappointment"", ""score"": 0.0022516008466482162}, {""label"": ""disapproval"", ""score"": 0.002753612818196416}, {""label"": ""disgust"", ""score"": 0.0005900830146856606}, {""label"": ""embarrassment"", ""score"": 0.00020491682516876608}, {""label"": ""excitement"", ""score"": 0.013850739225745201}, {""label"": ""fear"", ""score"": 0.0005564388120546937}, {""label"": ""gratitude"", ""score"": 0.007412284146994352}, {""label"": ""grief"", ""score"": 0.00030778447398915887}, {""label"": ""joy"", ""score"": 0.0037166026886552572}, {""label"": ""love"", ""score"": 0.0012884426396340132}, {""label"": ""nervousness"", ""score"": 0.00022798546706326306}, {""label"": ""optimism"", ""score"": 0.0977676659822464}, {""label"": ""pride"", ""score"": 0.00533671909943223}, {""label"": ""realization"", ""score"": 0.01617070473730564}, {""label"": ""relief"", ""score"": 0.0015464365715160966}, {""label"": ""remorse"", ""score"": 0.00028121593641117215}, {""label"": ""sadness"", ""score"": 0.0006204299861565232}, {""label"": ""surprise"", ""score"": 0.004152882378548384}, {""label"": ""neutral"", ""score"": 0.10566505789756775}]",admiration
at://did:plc:gia6fkjy7gi5n7g24nhct4zw/app.bsky.feed.post/3lt5ephthh22w,https://bsky.app/profile/toplandscaper.bsky.social/post/3lt5ephthh22w,bafyreid5w6mszcik4a6m24xnfjkfnsbj5zkh4je5uz44whgtvebltvlzka,"The Gang of Four didn't evolve into a political party on day one. These things take time. If discussions are ongoing, it means there's nothing solid to report.   en.m.wikipedia.org/wiki/Limehou...",2025-07-04T13:42:38.789Z,2025-07-04T13:42:39.838Z,"""external=External(description='', title='Limehouse Declaration - Wikipedia', uri='https://en.m.wikipedia.org/wiki/Limehouse_Declaration', thumb=None, py_type='app.bsky.embed.external#external') py_type='app.bsky.embed.external'""",0,0,2,did:plc:gia6fkjy7gi5n7g24nhct4zw,toplandscaper.bsky.social,James FBSI 🏴󠁧󠁢󠁳󠁣󠁴󠁿🇵🇸🇺🇦🇨🇦🇪🇺 (Extremist),0,0,0,2024-08-06T09:54:15.673Z,,False,,False,"""[]""",2025-07-04T14:09:20.542076Z,Vrai,"[0.0026080142706632614, 0.997391939163208]","[{""label"": ""admiration"", ""score"": 0.0015223578084260225}, {""label"": ""amusement"", ""score"": 0.0011087439488619566}, {""label"": ""anger"", ""score"": 0.0009864963358268142}, {""label"": ""annoyance"", ""score"": 0.01530895009636879}, {""label"": ""approval"", ""score"": 0.0396868959069252}, {""label"": ""caring"", ""score"": 0.0011449623852968216}, {""label"": ""confusion"", ""score"": 0.009080922231078148}, {""label"": ""curiosity"", ""score"": 0.0008514357032254338}, {""label"": ""desire"", ""score"": 0.0015303288819268346}, {""label"": ""disappointment"", ""score"": 0.023330770432949066}, {""label"": ""disapproval"", ""score"": 0.14452573657035828}, {""label"": ""disgust"", ""score"": 0.0011486159637570381}, {""label"": ""embarrassment"", ""score"": 0.0011433287290856242}, {""label"": ""excitement"", ""score"": 0.000621176091954112}, {""label"": ""fear"", ""score"": 0.0005100485868752003}, {""label"": ""gratitude"", ""score"": 0.0008292983402498066}, {""label"": ""grief"", ""score"": 0.000352313305484131}, {""label"": ""joy"", ""score"": 0.001050565973855555}, {""label"": ""love"", ""score"": 0.0005168737261556089}, {""label"": ""nervousness"", ""score"": 0.0005183316534385085}, {""label"": ""optimism"", ""score"": 0.007614891044795513}, {""label"": ""pride"", ""score"": 0.0003650379949249327}, {""label"": ""realization"", ""score"": 0.06866879761219025}, {""label"": ""relief"", ""score"": 0.0009704016847535968}, {""label"": ""remorse"", ""score"": 0.0007353839464485645}, {""label"": ""sadness"", ""score"": 0.0021931964438408613}, {""label"": ""surprise"", ""score"": 0.0010825373465195298}, {""label"": ""neutral"", ""score"": 0.816497802734375}]",neutral
at://did:plc:g24utrubcsi6shuycgufwds6/app.bsky.feed.post/3lt5epjxi7c2x,https://bsky.app/profile/thenewordermod.bsky.social/post/3lt5epjxi7c2x,bafyreid7jxga2inm2syozmwasme6httktaxnfv3k4rfpsiv3zg65hkvv6e,Part II of our Dev Diary on the specific political dynamics of 1962 and the context of Nixon's term can be found here: www.reddit.com/r/TNOmod/com...,2025-07-04T13:42:07.891Z,2025-07-04T13:42:44.857Z,"""external=External(description='', title='Development Diary XXX: Yippie! - Part 2/4', uri='https://www.reddit.com/r/TNOmod/comments/1lricr7/development_diary_xxx_yippie_part_24/', thumb=None, py_type='app.bsky.embed.external#external') py_type='app.bsky.embed.external'""",1,0,1,did:plc:g24utrubcsi6shuycgufwds6,thenewordermod.bsky.social,The New Order,0,0,0,2025-01-03T22:55:58.545Z,,False,,False,"""[]""",2025-07-04T14:09:20.542272Z,Vrai,"[0.0015209653647616506, 0.9984790682792664]","[{""label"": ""admiration"", ""score"": 0.0025217889342457056}, {""label"": ""amusement"", ""score"": 0.0018351000035181642}, {""label"": ""anger"", ""score"": 0.0009274737676605582}, {""label"": ""annoyance"", ""score"": 0.006122755352407694}, {""label"": ""approval"", ""score"": 0.03857423737645149}, {""label"": ""caring"", ""score"": 0.0006492481916211545}, {""label"": ""confusion"", ""score"": 0.002896195510402322}, {""label"": ""curiosity"", ""score"": 0.0009460353176109493}, {""label"": ""desire"", ""score"": 0.0006273387116380036}, {""label"": ""disappointment"", ""score"": 0.002864328445866704}, {""label"": ""disapproval"", ""score"": 0.004970931448042393}, {""label"": ""disgust"", ""score"": 0.0013736998662352562}, {""label"": ""embarrassment"", ""score"": 0.0005409991717897356}, {""label"": ""excitement"", ""score"": 0.0012618839973583817}, {""label"": ""fear"", ""score"": 0.0006977291777729988}, {""label"": ""gratitude"", ""score"": 0.0007665860466659069}, {""label"": ""grief"", ""score"": 0.00022442835324909538}, {""label"": ""joy"", ""score"": 0.0012586986413225532}, {""label"": ""love"", ""score"": 0.0008421839447692037}, {""label"": ""nervousness"", ""score"": 0.00025238250964321196}, {""label"": ""optimism"", ""score"": 0.0021161122713238}, {""label"": ""pride"", ""score"": 0.0002799490175675601}, {""label"": ""realization"", ""score"": 0.01989584229886532}, {""label"": ""relief"", ""score"": 0.00041399747715331614}, {""label"": ""remorse"", ""score"": 0.00028768449556082487}, {""label"": ""sadness"", ""score"": 0.0012680008076131344}, {""label"": ""surprise"", ""score"": 0.0006824323791079223}, {""label"": ""neutral"", ""score"": 0.9407234787940979}]",neutral
at://did:plc:g24utrubcsi6shuycgufwds6/app.bsky.feed.post/3lt5eonc6os2x,https://bsky.app/profile/thenewordermod.bsky.social/post/3lt5eonc6os2x,bafyreidtid4lnyl4fh5d4muevswo7gkfttjwph6qxd2zu5isma5mhyb2lu,"What does Yippie include?  The mod features a major refinement of America's political dynamics. While current TNO USA has 12 normal candidates and two edge cases, Yippie has 30 normal candidates and 10 edge cases plus extensive details on the fights that led America to this point",2025-07-04T13:42:07.886Z,2025-07-04T13:42:44.753Z,"""images=[Image(alt='', image=BlobRef(mime_type='image/jpeg', size=719510, ref=IpldLink(link='bafkreig7nzxl42ixshg2mehp4oaic4c2bzlp4mqp5u3ujqdcsvsmj5tkmq'), py_type='blob'), aspect_ratio=AspectRatio(height=1096, width=737, py_type='app.bsky.embed.defs#aspectRatio'), py_type='app.bsky.embed.images#image'), Image(alt='', image=BlobRef(mime_type='image/jpeg', size=731954, ref=IpldLink(link='bafkreien62nfv7wyjq43ylhbs5c6m6y7hhxgdedm6koq7345a6twxvbfjq'), py_type='blob'), aspect_ratio=AspectRatio(height=1096, width=737, py_type='app.bsky.embed.defs#aspectRatio'), py_type='app.bsky.embed.images#image')] py_type='app.bsky.embed.images'""",3,1,1,did:plc:g24utrubcsi6shuycgufwds6,thenewordermod.bsky.social,The New Order,0,0,0,2025-01-03T22:55:58.545Z,,False,,False,"""[]""",2025-07-04T14:09:20.542332Z,Vrai,"[0.00227029575034976, 0.9977297186851501]","[{""label"": ""admiration"", ""score"": 0.0029364549554884434}, {""label"": ""amusement"", ""score"": 0.0010095705511048436}, {""label"": ""anger"", ""score"": 0.0015483999159187078}, {""label"": ""annoyance"", ""score"": 0.0062777092680335045}, {""label"": ""approval"", ""score"": 0.02684509940445423}, {""label"": ""caring"", ""score"": 0.0012181480415165424}, {""label"": ""confusion"", ""score"": 0.1632157415151596}, {""label"": ""curiosity"", ""score"": 0.4471778869628906}, {""label"": ""desire"", ""score"": 0.0013627075823023915}, {""label"": ""disappointment"", ""score"": 0.0016130321891978383}, {""label"": ""disapproval"", ""score"": 0.003243904560804367}, {""label"": ""disgust"", ""score"": 0.0009089857921935618}, {""label"": ""embarrassment"", ""score"": 0.00042836746433749795}, {""label"": ""excitement"", ""score"": 0.002086355583742261}, {""label"": ""fear"", ""score"": 0.0008259006426669657}, {""label"": ""gratitude"", ""score"": 0.0004183651180937886}, {""label"": ""grief"", ""score"": 0.00022653953055851161}, {""label"": ""joy"", ""score"": 0.0007941818912513554}, {""label"": ""love"", ""score"": 0.0020140190608799458}, {""label"": ""nervousness"", ""score"": 0.0003724849666468799}, {""label"": ""optimism"", ""score"": 0.003048026468604803}, {""label"": ""pride"", ""score"": 8.173104288289323e-05}, {""label"": ""realization"", ""score"": 0.008098306134343147}, {""label"": ""relief"", ""score"": 0.00018337409710511565}, {""label"": ""remorse"", ""score"": 0.0003003923047799617}, {""label"": ""sadness"", ""score"": 0.0009275613119825721}, {""label"": ""surprise"", ""score"": 0.003983085509389639}, {""label"": ""neutral"", ""score"": 0.5797143578529358}]",neutral
at://did:plc:urblbdcz5mxqcsjs3h5oq3gx/app.bsky.feed.post/3lt5eoi4nss2d,https://bsky.app/profile/maxwellsmith.bsky.social/post/3lt5eoi4nss2d,bafyreihebw5dtbj3k7k4acofis4mzcqskxgyxnayti5pxmy5u2dc6con2m,"At this juncture, saying science ought to be bipartisan/nonpartisan or apolitical is, in fact, adopting a political position. And that political position is in support of maintaining and reproducing the status quo, which at the moment is a fascist destruction of science.",2025-07-04T13:42:05.536Z,2025-07-04T13:42:05.956Z,"""record=Main(cid='bafyreigftk7ezbywfvvygquyefxuaxiruffz3f3xapwf3qyk5c3uji7qm4', uri='at://did:plc:opitzjj6oapo6y3cr5ipwfdu/app.bsky.feed.post/3lszmhco3rs2c', py_type='com.atproto.repo.strongRef') py_type='app.bsky.embed.record'""",3,1,0,did:plc:urblbdcz5mxqcsjs3h5oq3gx,maxwellsmith.bsky.social,"Maxwell Smith, PhD",0,0,0,2023-08-30T21:33:53.285Z,,False,,False,"""[]""",2025-07-04T14:09:20.542358Z,Vrai,"[0.0019942012149840593, 0.9980058073997498]","[{""label"": ""admiration"", ""score"": 0.002103583188727498}, {""label"": ""amusement"", ""score"": 0.000566615373827517}, {""label"": ""anger"", ""score"": 0.0020446155685931444}, {""label"": ""annoyance"", ""score"": 0.026423489674925804}, {""label"": ""approval"", ""score"": 0.1506180614233017}, {""label"": ""caring"", ""score"": 0.001087311888113618}, {""label"": ""confusion"", ""score"": 0.003287937492132187}, {""label"": ""curiosity"", ""score"": 0.0005876297946088016}, {""label"": ""desire"", ""score"": 0.0010308320634067059}, {""label"": ""disappointment"", ""score"": 0.00918531883507967}, {""label"": ""disapproval"", ""score"": 0.03855832666158676}, {""label"": ""disgust"", ""score"": 0.0022377008572220802}, {""label"": ""embarrassment"", ""score"": 0.0005545396124944091}, {""label"": ""excitement"", ""score"": 0.0003274715563748032}, {""label"": ""fear"", ""score"": 0.0005482842680066824}, {""label"": ""gratitude"", ""score"": 0.000605253444518894}, {""label"": ""grief"", ""score"": 0.00023287261137738824}, {""label"": ""joy"", ""score"": 0.00047207577154040337}, {""label"": ""love"", ""score"": 0.0007283480372279882}, {""label"": ""nervousness"", ""score"": 0.00025002245092764497}, {""label"": ""optimism"", ""score"": 0.005127692129462957}, {""label"": ""pride"", ""score"": 0.00033772303140722215}, {""label"": ""realization"", ""score"": 0.04336008429527283}, {""label"": ""relief"", ""score"": 0.0005338370683602989}, {""label"": ""remorse"", ""score"": 0.0003349159669596702}, {""label"": ""sadness"", ""score"": 0.0015604738146066666}, {""label"": ""surprise"", ""score"": 0.0003962606133427471}, {""label"": ""neutral"", ""score"": 0.7408769130706787}]",neutral
at://did:plc:mxuqbwi3nyfxx2ymdtqm4uqh/app.bsky.feed.post/3lt5enmkywc2b,https://bsky.app/profile/splhcb.bsky.social/post/3lt5enmkywc2b,bafyreid5yczxdi2v7o2se5suidqpuxydxkizrjfqcowa7nlgkhl4v4q3kq,We're three weeks removed from a political assassination of a Democratic legislator. God damn Trump to hell for fanning the fires!,2025-07-04T13:41:36.646Z,2025-07-04T13:41:40.338Z,{},5,0,0,did:plc:mxuqbwi3nyfxx2ymdtqm4uqh,splhcb.bsky.social,Jack N,0,0,0,2024-11-13T01:33:24.613Z,,False,,False,"""[]""",2025-07-04T14:09:20.542687Z,Vrai,"[0.011522217653691769, 0.9884777665138245]","[{""label"": ""admiration"", ""score"": 0.0013421740150079131}, {""label"": ""amusement"", ""score"": 0.002745717763900757}, {""label"": ""anger"", ""score"": 0.5907240509986877}, {""label"": ""annoyance"", ""score"": 0.42407846450805664}, {""label"": ""approval"", ""score"": 0.0038267553318291903}, {""label"": ""caring"", ""score"": 0.0011630522785708308}, {""label"": ""confusion"", ""score"": 0.002440626733005047}, {""label"": ""curiosity"", ""score"": 0.0020310247782617807}, {""label"": ""desire"", ""score"": 0.002134594600647688}, {""label"": ""disappointment"", ""score"": 0.0369669608771801}, {""label"": ""disapproval"", ""score"": 0.017883704975247383}, {""label"": ""disgust"", ""score"": 0.021999431774020195}, {""label"": ""embarrassment"", ""score"": 0.0053328354842960835}, {""label"": ""excitement"", ""score"": 0.0019461873453110456}, {""label"": ""fear"", ""score"": 0.002423001453280449}, {""label"": ""gratitude"", ""score"": 0.0011697671143338084}, {""label"": ""grief"", ""score"": 0.0011203137692064047}, {""label"": ""joy"", ""score"": 0.0022981807123869658}, {""label"": ""love"", ""score"": 0.0008754439186304808}, {""label"": ""nervousness"", ""score"": 0.0009743176051415503}, {""label"": ""optimism"", ""score"": 0.002593251410871744}, {""label"": ""pride"", ""score"": 0.0007262912695296109}, {""label"": ""realization"", ""score"": 0.008173370733857155}, {""label"": ""relief"", ""score"": 0.0004499669303186238}, {""label"": ""remorse"", ""score"": 0.0007133230101317167}, {""label"": ""sadness"", ""score"": 0.011373954825103283}, {""label"": ""surprise"", ""score"": 0.00527976593002677}, {""label"": ""neutral"", ""score"": 0.13000647723674774}]",anger
at://did:plc:b6lsjh2kcxjanxz45qhfuuiz/app.bsky.feed.post/3lt5en4xw7s24,https://bsky.app/profile/markljiron.bsky.social/post/3lt5en4xw7s24,bafyreibjgrrso2st72ktjtp4aio7yw6436amynandlpodslk7fn6hy3o3i,"“Appearing on MSNBC the morning of July 4th, GOP political strategist Susan Del Percio warned Republicans that poll-conscious Donald Trump will let Republican lawmakers take the fall if the numbers don't change on the newly passed –– and highly unpopular –– budget bill.”",2025-07-04T13:41:20.280Z,2025-07-04T13:41:24.238Z,"""images=[Image(alt='', image=BlobRef(mime_type='image/jpeg', size=466367, ref=IpldLink(link='bafkreicynh34uqevs52u7rl6mmwr5zvtt5xhaasrccoehi44trexp3f2ki'), py_type='blob'), aspect_ratio=AspectRatio(height=959, width=959, py_type='app.bsky.embed.defs#aspectRatio'), py_type='app.bsky.embed.images#image')] py_type='app.bsky.embed.images'""",0,0,0,did:plc:b6lsjh2kcxjanxz45qhfuuiz,markljiron.bsky.social,Mark Lloyd Jiron,0,0,0,2024-11-16T00:06:39.295Z,,False,,False,"""[]""",2025-07-04T14:09:20.542744Z,Faux,"[0.9975888729095459, 0.0024111552629619837]","[{""label"": ""admiration"", ""score"": 0.001990138553082943}, {""label"": ""amusement"", ""score"": 0.0017026551067829132}, {""label"": ""anger"", ""score"": 0.00151243491563946}, {""label"": ""annoyance"", ""score"": 0.009029815904796124}, {""label"": ""approval"", ""score"": 0.029420726001262665}, {""label"": ""caring"", ""score"": 0.0017537459498271346}, {""label"": ""confusion"", ""score"": 0.00119708979036659}, {""label"": ""curiosity"", ""score"": 0.000655840733088553}, {""label"": ""desire"", ""score"": 0.0017259898595511913}, {""label"": ""disappointment"", ""score"": 0.004627174232155085}, {""label"": ""disapproval"", ""score"": 0.005791848991066217}, {""label"": ""disgust"", ""score"": 0.0016404353082180023}, {""label"": ""embarrassment"", ""score"": 0.0004960207734256983}, {""label"": ""excitement"", ""score"": 0.0011464145500212908}, {""label"": ""fear"", ""score"": 0.0015215222956612706}, {""label"": ""gratitude"", ""score"": 0.0006793821230530739}, {""label"": ""grief"", ""score"": 0.0003482312022242695}, {""label"": ""joy"", ""score"": 0.0012730015441775322}, {""label"": ""love"", ""score"": 0.0008492881315760314}, {""label"": ""nervousness"", ""score"": 0.0004431233974173665}, {""label"": ""optimism"", ""score"": 0.005396286956965923}, {""label"": ""pride"", ""score"": 0.00034501502523198724}, {""label"": ""realization"", ""score"": 0.011057509109377861}, {""label"": ""relief"", ""score"": 0.0004980558878742158}, {""label"": ""remorse"", ""score"": 0.0003416642430238426}, {""label"": ""sadness"", ""score"": 0.0024366932921111584}, {""label"": ""surprise"", ""score"": 0.00048396852798759937}, {""label"": ""neutral"", ""score"": 0.958249032497406}]",neutral
at://did:plc:tdwb2yabq4so2y66b56ejhbe/app.bsky.feed.post/3lt5emslemk22,https://bsky.app/profile/kslags92.bsky.social/post/3lt5emslemk22,bafyreihwzm4cqki43k27s7btpdkx3rgmmreqvfdaehdcfehvozi5khvosi,The story isn’t a political one. The story is that there isn’t a political solution to MAGA Authoritarianism. The cowardice and ineptitude of the current political class will never restore our democracy.,2025-07-04T13:41:09.395Z,2025-07-04T13:41:10.241Z,{},4,0,0,did:plc:tdwb2yabq4so2y66b56ejhbe,kslags92.bsky.social,,0,0,0,2024-11-22T12:09:59.853Z,,False,,False,"""[]""",2025-07-04T14:09:20.542762Z,Faux,"[0.9549200534820557, 0.045079976320266724]","[{""label"": ""admiration"", ""score"": 0.0026017543859779835}, {""label"": ""amusement"", ""score"": 0.0009587187087163329}, {""label"": ""anger"", ""score"": 0.007014169357717037}, {""label"": ""annoyance"", ""score"": 0.0789041742682457}, {""label"": ""approval"", ""score"": 0.02969752810895443}, {""label"": ""caring"", ""score"": 0.0029791512060910463}, {""label"": ""confusion"", ""score"": 0.0035742754116654396}, {""label"": ""curiosity"", ""score"": 0.0007019506301730871}, {""label"": ""desire"", ""score"": 0.0020777154713869095}, {""label"": ""disappointment"", ""score"": 0.09293465316295624}, {""label"": ""disapproval"", ""score"": 0.6883369088172913}, {""label"": ""disgust"", ""score"": 0.0031852121464908123}, {""label"": ""embarrassment"", ""score"": 0.0019153137691318989}, {""label"": ""excitement"", ""score"": 0.0007770434604026377}, {""label"": ""fear"", ""score"": 0.0008279226021841168}, {""label"": ""gratitude"", ""score"": 0.0019030626863241196}, {""label"": ""grief"", ""score"": 0.0006421623402275145}, {""label"": ""joy"", ""score"": 0.0011582562001422048}, {""label"": ""love"", ""score"": 0.00093360326718539}, {""label"": ""nervousness"", ""score"": 0.0006082570762373507}, {""label"": ""optimism"", ""score"": 0.007628859486430883}, {""label"": ""pride"", ""score"": 0.0005675236461684108}, {""label"": ""realization"", ""score"": 0.02595020830631256}, {""label"": ""relief"", ""score"": 0.0013068290427327156}, {""label"": ""remorse"", ""score"": 0.0015532101970165968}, {""label"": ""sadness"", ""score"": 0.007108604069799185}, {""label"": ""surprise"", ""score"": 0.0016123165842145681}, {""label"": ""neutral"", ""score"": 0.32269036769866943}]",disapproval
at://did:plc:bsmrutbg4dtf6kgyehhqgmlq/app.bsky.feed.post/3lt5ems63ss2f,https://bsky.app/profile/mcaswell.bsky.social/post/3lt5ems63ss2f,bafyreihpmrwfmwzsfwrwbpthhamjwrdzekqcruvoonchwrnb7ckxdha6cy,I am offended that the Social Security Administration sent a blatantly political email extolling the passage of the Big Bad Bill.,2025-07-04T13:41:08.960Z,2025-07-04T13:41:09.642Z,{},0,0,0,did:plc:bsmrutbg4dtf6kgyehhqgmlq,mcaswell.bsky.social,,0,0,0,2024-11-17T23:40:49.846Z,,False,,False,"""[]""",2025-07-04T14:09:20.542777Z,Faux,"[0.9967303276062012, 0.0032696693670004606]","[{""label"": ""admiration"", ""score"": 0.0011627166531980038}, {""label"": ""amusement"", ""score"": 0.001299606286920607}, {""label"": ""anger"", ""score"": 0.08452684432268143}, {""label"": ""annoyance"", ""score"": 0.5481258034706116}, {""label"": ""approval"", ""score"": 0.013260304927825928}, {""label"": ""caring"", ""score"": 0.003083289135247469}, {""label"": ""confusion"", ""score"": 0.001699916203506291}, {""label"": ""curiosity"", ""score"": 0.0013119751820340753}, {""label"": ""desire"", ""score"": 0.0013982020318508148}, {""label"": ""disappointment"", ""score"": 0.14560304582118988}, {""label"": ""disapproval"", ""score"": 0.03351931646466255}, {""label"": ""disgust"", ""score"": 0.02425650879740715}, {""label"": ""embarrassment"", ""score"": 0.02232046239078045}, {""label"": ""excitement"", ""score"": 0.0007108281133696437}, {""label"": ""fear"", ""score"": 0.0015765685820952058}, {""label"": ""gratitude"", ""score"": 0.001720854896120727}, {""label"": ""grief"", ""score"": 0.0012079805601388216}, {""label"": ""joy"", ""score"": 0.0014305093791335821}, {""label"": ""love"", ""score"": 0.00032919441582635045}, {""label"": ""nervousness"", ""score"": 0.0020843560341745615}, {""label"": ""optimism"", ""score"": 0.002191155916079879}, {""label"": ""pride"", ""score"": 0.0009232030715793371}, {""label"": ""realization"", ""score"": 0.01632864400744438}, {""label"": ""relief"", ""score"": 0.0012809224426746368}, {""label"": ""remorse"", ""score"": 0.003397504799067974}, {""label"": ""sadness"", ""score"": 0.02812075987458229}, {""label"": ""surprise"", ""score"": 0.0008264982025139034}, {""label"": ""neutral"", ""score"": 0.168574720621109}]",annoyance
at://did:plc:lfmg3n5jlrhxib7umq64txju/app.bsky.feed.post/3lt5emkncqc2b,https://bsky.app/profile/bloodstainswhiskey.bsky.social/post/3lt5emkncqc2b,bafyreieszfhvtubekhk4yq7t6kqnr3htab33t666gqxd64czo4fidutezu,"the deep regret over having followed too many political post types vs the need the informed  The roller coaster of ""oh pretty woman!"" and ""oh god this country is so over"" is giving me insane emotional whiplash when I open up bsky",2025-07-04T13:41:01.070Z,2025-07-04T13:36:47.937Z,{},0,0,0,did:plc:lfmg3n5jlrhxib7umq64txju,bloodstainswhiskey.bsky.social,Julianne 🏳️‍⚧️,0,0,0,2024-11-01T14:27:17.482Z,,False,,False,"""[]""",2025-07-04T14:09:20.542792Z,Vrai,"[0.27134087681770325, 0.7286590933799744]","[{""label"": ""admiration"", ""score"": 0.006650347728282213}, {""label"": ""amusement"", ""score"": 0.003792931092903018}, {""label"": ""anger"", ""score"": 0.0034500756300985813}, {""label"": ""annoyance"", ""score"": 0.010752847418189049}, {""label"": ""approval"", ""score"": 0.012991831637918949}, {""label"": ""caring"", ""score"": 0.006343404296785593}, {""label"": ""confusion"", ""score"": 0.002816698979586363}, {""label"": ""curiosity"", ""score"": 0.0027006971649825573}, {""label"": ""desire"", ""score"": 0.0036471651401370764}, {""label"": ""disappointment"", ""score"": 0.11815089732408524}, {""label"": ""disapproval"", ""score"": 0.006639118306338787}, {""label"": ""disgust"", ""score"": 0.0029819852206856012}, {""label"": ""embarrassment"", ""score"": 0.017599837854504585}, {""label"": ""excitement"", ""score"": 0.0025770782958716154}, {""label"": ""fear"", ""score"": 0.002489082282409072}, {""label"": ""gratitude"", ""score"": 0.0034653102047741413}, {""label"": ""grief"", ""score"": 0.011521103791892529}, {""label"": ""joy"", ""score"": 0.005452296696603298}, {""label"": ""love"", ""score"": 0.007271583657711744}, {""label"": ""nervousness"", ""score"": 0.0054749781265854836}, {""label"": ""optimism"", ""score"": 0.0040426175110042095}, {""label"": ""pride"", ""score"": 0.0009315969073213637}, {""label"": ""realization"", ""score"": 0.020676998421549797}, {""label"": ""relief"", ""score"": 0.0029656740371137857}, {""label"": ""remorse"", ""score"": 0.5161726474761963}, {""label"": ""sadness"", ""score"": 0.5640981793403625}, {""label"": ""surprise"", ""score"": 0.0027584065683186054}, {""label"": ""neutral"", ""score"": 0.025684943422675133}]",sadness
at://did:plc:kkergqgbhb56ptpwj2wenkje/app.bsky.feed.post/3lt5embuzjn26,https://bsky.app/profile/socpaperbot.bsky.social/post/3lt5embuzjn26,bafyreigqd7wrhivegptctixrubmtwiliyk2ththmfzhci22ffxrr73i6a4,"The Political Effects of the AI Revolution: Micro-level Evidence Machine learning and algorithmic decision-making technology – i.e., “artificial intelligence” (AI) – is rapidly advancing and becoming more widespread at workplaces. For some individuals, this is beneficial in that   #sociology link",2025-07-04T13:40:51.730093+00:00,2025-07-04T13:40:52.643Z,{},0,0,0,did:plc:kkergqgbhb56ptpwj2wenkje,socpaperbot.bsky.social,Sociology papers (journals + SocArXiv),0,0,0,2024-09-04T11:55:00.828Z,,False,,False,"""[]""",2025-07-04T14:09:20.542806Z,Vrai,"[0.0012000038987025619, 0.9988000392913818]","[{""label"": ""admiration"", ""score"": 0.007994700223207474}, {""label"": ""amusement"", ""score"": 0.0015375509392470121}, {""label"": ""anger"", ""score"": 0.00047713631647638977}, {""label"": ""annoyance"", ""score"": 0.0037181300576776266}, {""label"": ""approval"", ""score"": 0.3186423182487488}, {""label"": ""caring"", ""score"": 0.0018162300111725926}, {""label"": ""confusion"", ""score"": 0.0022759356070309877}, {""label"": ""curiosity"", ""score"": 0.0011556047247722745}, {""label"": ""desire"", ""score"": 0.001895690686069429}, {""label"": ""disappointment"", ""score"": 0.002265275688841939}, {""label"": ""disapproval"", ""score"": 0.002049071714282036}, {""label"": ""disgust"", ""score"": 0.0010008790995925665}, {""label"": ""embarrassment"", ""score"": 0.0003460108709987253}, {""label"": ""excitement"", ""score"": 0.002547613112255931}, {""label"": ""fear"", ""score"": 0.0009740471141412854}, {""label"": ""gratitude"", ""score"": 0.0008161799050867558}, {""label"": ""grief"", ""score"": 0.0002835341729223728}, {""label"": ""joy"", ""score"": 0.0024675487075001}, {""label"": ""love"", ""score"": 0.0015450190985575318}, {""label"": ""nervousness"", ""score"": 0.0005811650189571083}, {""label"": ""optimism"", ""score"": 0.015982946380972862}, {""label"": ""pride"", ""score"": 0.0009815552039071918}, {""label"": ""realization"", ""score"": 0.06992322951555252}, {""label"": ""relief"", ""score"": 0.001735840691253543}, {""label"": ""remorse"", ""score"": 0.00028262974228709936}, {""label"": ""sadness"", ""score"": 0.0009623909718357027}, {""label"": ""surprise"", ""score"": 0.0010244377190247178}, {""label"": ""neutral"", ""score"": 0.7470737099647522}]",neutral
at://did:plc:ge2pacy5spvy64gbfq2vljxe/app.bsky.feed.post/3lt5elrne422b,https://bsky.app/profile/stdomingo1878.bsky.social/post/3lt5elrne422b,bafyreif5efqew52xfnci2jw7jqbttud6ux25yrw7zgvs75giysqk7z6k6m,Mate they are all non doms and they pull the political strings. A billion pound at £1000 a day would take 3.5 thousand years to spend ffs. If the top 20 billionaires donated half of their wealth it would pay for our NHS & Education for 5 years.,2025-07-04T13:40:34.857Z,2025-07-04T13:40:36.039Z,{},0,0,0,did:plc:ge2pacy5spvy64gbfq2vljxe,stdomingo1878.bsky.social,Mark,0,0,0,2024-11-13T16:57:07.174Z,,False,,False,"""[]""",2025-07-04T14:09:20.543023Z,Vrai,"[0.00856675487011671, 0.9914332628250122]","[{""label"": ""admiration"", ""score"": 0.0029770557302981615}, {""label"": ""amusement"", ""score"": 0.0007519925711676478}, {""label"": ""anger"", ""score"": 0.0013380947057157755}, {""label"": ""annoyance"", ""score"": 0.01775912381708622}, {""label"": ""approval"", ""score"": 0.04719829559326172}, {""label"": ""caring"", ""score"": 0.0009610654669813812}, {""label"": ""confusion"", ""score"": 0.0010484622325748205}, {""label"": ""curiosity"", ""score"": 0.00044499311479739845}, {""label"": ""desire"", ""score"": 0.001015509944409132}, {""label"": ""disappointment"", ""score"": 0.00637874286621809}, {""label"": ""disapproval"", ""score"": 0.011315840296447277}, {""label"": ""disgust"", ""score"": 0.0011439748341217637}, {""label"": ""embarrassment"", ""score"": 0.0003769807517528534}, {""label"": ""excitement"", ""score"": 0.0005788283888250589}, {""label"": ""fear"", ""score"": 0.00033675096346996725}, {""label"": ""gratitude"", ""score"": 0.0007076841429807246}, {""label"": ""grief"", ""score"": 0.00018938432913273573}, {""label"": ""joy"", ""score"": 0.0006373756332322955}, {""label"": ""love"", ""score"": 0.0004084934189449996}, {""label"": ""nervousness"", ""score"": 0.00016973575111478567}, {""label"": ""optimism"", ""score"": 0.004563797730952501}, {""label"": ""pride"", ""score"": 0.00032904790714383125}, {""label"": ""realization"", ""score"": 0.021588526666164398}, {""label"": ""relief"", ""score"": 0.00047054735478013754}, {""label"": ""remorse"", ""score"": 0.0002847198338713497}, {""label"": ""sadness"", ""score"": 0.001215738826431334}, {""label"": ""surprise"", ""score"": 0.00047307126806117594}, {""label"": ""neutral"", ""score"": 0.894101619720459}]",neutral
at://did:plc:p5x4r552rwgfianegm74czdi/app.bsky.feed.post/3lt5elcli6k2n,https://bsky.app/profile/therealnaro.bsky.social/post/3lt5elcli6k2n,bafyreidvxddv47tylj24w5uxuocwxeykujmjl4hp47mt264h2giqwrd3ui,"No, it was not, but do not forget the context and political climate after that war no matter the amount of involvement you were guilty.   Let’s not pretend there was a good guy and a bad guy in a war like all wars. There’s a bad guy and then there’s someone who’s worse.",2025-07-04T13:40:19.067Z,2025-07-04T13:40:19.542Z,{},0,0,0,did:plc:p5x4r552rwgfianegm74czdi,therealnaro.bsky.social,,0,0,0,2024-11-17T08:52:49.828Z,,False,,False,"""[]""",2025-07-04T14:09:20.543047Z,Vrai,"[0.0073286667466163635, 0.9926713705062866]","[{""label"": ""admiration"", ""score"": 0.0017211680533364415}, {""label"": ""amusement"", ""score"": 0.0009113355772569776}, {""label"": ""anger"", ""score"": 0.008325194008648396}, {""label"": ""annoyance"", ""score"": 0.07321225106716156}, {""label"": ""approval"", ""score"": 0.07529366761445999}, {""label"": ""caring"", ""score"": 0.005745265167206526}, {""label"": ""confusion"", ""score"": 0.0041119130328297615}, {""label"": ""curiosity"", ""score"": 0.0006707455031573772}, {""label"": ""desire"", ""score"": 0.0009945366764441133}, {""label"": ""disappointment"", ""score"": 0.019501224160194397}, {""label"": ""disapproval"", ""score"": 0.5707844495773315}, {""label"": ""disgust"", ""score"": 0.004666471388190985}, {""label"": ""embarrassment"", ""score"": 0.002050084760412574}, {""label"": ""excitement"", ""score"": 0.0003816827083937824}, {""label"": ""fear"", ""score"": 0.0011921273544430733}, {""label"": ""gratitude"", ""score"": 0.0012031077640131116}, {""label"": ""grief"", ""score"": 0.00053865258814767}, {""label"": ""joy"", ""score"": 0.0007046496029943228}, {""label"": ""love"", ""score"": 0.0006593031575903296}, {""label"": ""nervousness"", ""score"": 0.0006019248394295573}, {""label"": ""optimism"", ""score"": 0.003817976452410221}, {""label"": ""pride"", ""score"": 0.00047866287059150636}, {""label"": ""realization"", ""score"": 0.037801552563905716}, {""label"": ""relief"", ""score"": 0.0013622125843539834}, {""label"": ""remorse"", ""score"": 0.0010962950764223933}, {""label"": ""sadness"", ""score"": 0.004749536979943514}, {""label"": ""surprise"", ""score"": 0.0007708443445153534}, {""label"": ""neutral"", ""score"": 0.38628891110420227}]",disapproval
at://did:plc:snze4qpostmo6366y3c465jz/app.bsky.feed.post/3lt5ektoqd222,https://bsky.app/profile/kingcrash2000.bsky.social/post/3lt5ektoqd222,bafyreieugsg5fmsn3bm5uioug5x3izv2gaq5o6tprxhrcvssqqqsjzcema,"I think it does, because you never know when they are serious or not. Besides, I see following as some kind of support, unless it's some political figure or some sort.",2025-07-04T13:40:03.445Z,2025-07-04T13:40:05.838Z,{},0,0,0,did:plc:snze4qpostmo6366y3c465jz,kingcrash2000.bsky.social,KingCrash2000 - Eiteru Strongest Soldier,0,0,0,2023-09-29T00:59:39.263Z,,False,,False,"""[]""",2025-07-04T14:09:20.543158Z,Vrai,"[0.012215310707688332, 0.9877846240997314]","[{""label"": ""admiration"", ""score"": 0.005263288505375385}, {""label"": ""amusement"", ""score"": 0.0010050260461866856}, {""label"": ""anger"", ""score"": 0.0007819955353625119}, {""label"": ""annoyance"", ""score"": 0.004427129868417978}, {""label"": ""approval"", ""score"": 0.37981295585632324}, {""label"": ""caring"", ""score"": 0.009953499771654606}, {""label"": ""confusion"", ""score"": 0.19988873600959778}, {""label"": ""curiosity"", ""score"": 0.008213872089982033}, {""label"": ""desire"", ""score"": 0.0028807343915104866}, {""label"": ""disappointment"", ""score"": 0.004634728655219078}, {""label"": ""disapproval"", ""score"": 0.015072309412062168}, {""label"": ""disgust"", ""score"": 0.0009032831876538694}, {""label"": ""embarrassment"", ""score"": 0.000498602690640837}, {""label"": ""excitement"", ""score"": 0.0009519268642179668}, {""label"": ""fear"", ""score"": 0.0023022922687232494}, {""label"": ""gratitude"", ""score"": 0.0026664813049137592}, {""label"": ""grief"", ""score"": 0.00045753069571219385}, {""label"": ""joy"", ""score"": 0.0018833375070244074}, {""label"": ""love"", ""score"": 0.0036826881114393473}, {""label"": ""nervousness"", ""score"": 0.0015849220799282193}, {""label"": ""optimism"", ""score"": 0.08699744194746017}, {""label"": ""pride"", ""score"": 0.0005935520166531205}, {""label"": ""realization"", ""score"": 0.07297985255718231}, {""label"": ""relief"", ""score"": 0.0018889353377744555}, {""label"": ""remorse"", ""score"": 0.0012644840171560645}, {""label"": ""sadness"", ""score"": 0.001346095697954297}, {""label"": ""surprise"", ""score"": 0.0010108703281730413}, {""label"": ""neutral"", ""score"": 0.36888250708580017}]",approval
at://did:plc:eucfgxiojtb7mdxbc7lratnu/app.bsky.feed.post/3lt5ekmkhn22p,https://bsky.app/profile/riaala.bsky.social/post/3lt5ekmkhn22p,bafyreicg2i4derxl25k3bwp2j7ycige7ttplpu6ik4vfxyw5o6e6s7z4eu,"I was reading up on historical dictatorships. They don’t end well for any of the people supporting the dictator…. Some sort of coup whether military or political, people revolt and that is very bloody, other countries intervene ( like US and Allies against Germany), but one thing I have noticed…",2025-07-04T13:39:55.965Z,2025-07-04T13:39:56.235Z,{},0,0,1,did:plc:eucfgxiojtb7mdxbc7lratnu,riaala.bsky.social,Riaal,0,0,0,2024-12-08T21:11:41.944Z,,False,,False,"""[]""",2025-07-04T14:09:20.543185Z,Vrai,"[0.016200950369238853, 0.9837990999221802]","[{""label"": ""admiration"", ""score"": 0.0026738059241324663}, {""label"": ""amusement"", ""score"": 0.005840358790010214}, {""label"": ""anger"", ""score"": 0.002640955848619342}, {""label"": ""annoyance"", ""score"": 0.07911597192287445}, {""label"": ""approval"", ""score"": 0.06530590355396271}, {""label"": ""caring"", ""score"": 0.0015113214030861855}, {""label"": ""confusion"", ""score"": 0.006829722318798304}, {""label"": ""curiosity"", ""score"": 0.0018635010346770287}, {""label"": ""desire"", ""score"": 0.0023141230922192335}, {""label"": ""disappointment"", ""score"": 0.2356889694929123}, {""label"": ""disapproval"", ""score"": 0.026440465822815895}, {""label"": ""disgust"", ""score"": 0.00623699277639389}, {""label"": ""embarrassment"", ""score"": 0.017207356169819832}, {""label"": ""excitement"", ""score"": 0.003974908497184515}, {""label"": ""fear"", ""score"": 0.003578613745048642}, {""label"": ""gratitude"", ""score"": 0.0005266294465400279}, {""label"": ""grief"", ""score"": 0.002464205725118518}, {""label"": ""joy"", ""score"": 0.010551605373620987}, {""label"": ""love"", ""score"": 0.0036792727187275887}, {""label"": ""nervousness"", ""score"": 0.013138305395841599}, {""label"": ""optimism"", ""score"": 0.006357245147228241}, {""label"": ""pride"", ""score"": 0.0023938503582030535}, {""label"": ""realization"", ""score"": 0.5036835670471191}, {""label"": ""relief"", ""score"": 0.010129901580512524}, {""label"": ""remorse"", ""score"": 0.0022263899445533752}, {""label"": ""sadness"", ""score"": 0.024200228974223137}, {""label"": ""surprise"", ""score"": 0.00954666268080473}, {""label"": ""neutral"", ""score"": 0.3130864202976227}]",realization
at://did:plc:4muclvmhoko3nqttzc25ftbd/app.bsky.feed.post/3lt5ejzzh322i,https://bsky.app/profile/iamjackedup.bsky.social/post/3lt5ejzzh322i,bafyreieojbnxjnlpdxxs6u24finn4xl4olshv3n5tz6al74dafwajl72d4,"Political system?What a joke.If that’s not an oxymoron I don’t know what is.I’d say it ranks right up there with the Justice system. The political and justice systems are supposed to uphold the law and the constitution,which as we just witnessed does not hold true in either case.Democracy is over!",2025-07-04T13:39:36.528Z,2025-07-04T13:39:36.942Z,"""record=Main(cid='bafyreidhlway54ppzbuyvtdlfhfqn22h6rrxjfygumpc4q7rojg25betaq', uri='at://did:plc:7qqkq2zdwq4j5jingukgtuky/app.bsky.feed.post/3lt5coppgys2b', py_type='com.atproto.repo.strongRef') py_type='app.bsky.embed.record'""",1,0,0,did:plc:4muclvmhoko3nqttzc25ftbd,iamjackedup.bsky.social,Cory Alan,0,0,0,2024-11-16T15:52:19.069Z,,False,,False,"""[]""",2025-07-04T14:09:20.903071Z,Vrai,"[0.0015845508314669132, 0.998415470123291]","[{""label"": ""admiration"", ""score"": 0.002744928002357483}, {""label"": ""amusement"", ""score"": 0.3004658818244934}, {""label"": ""anger"", ""score"": 0.010682943277060986}, {""label"": ""annoyance"", ""score"": 0.1350942850112915}, {""label"": ""approval"", ""score"": 0.03909298777580261}, {""label"": ""caring"", ""score"": 0.003017118899151683}, {""label"": ""confusion"", ""score"": 0.5641210079193115}, {""label"": ""curiosity"", ""score"": 0.05658027529716492}, {""label"": ""desire"", ""score"": 0.002741302829235792}, {""label"": ""disappointment"", ""score"": 0.10000133514404297}, {""label"": ""disapproval"", ""score"": 0.22514939308166504}, {""label"": ""disgust"", ""score"": 0.005610575899481773}, {""label"": ""embarrassment"", ""score"": 0.02120746672153473}, {""label"": ""excitement"", ""score"": 0.004439415875822306}, {""label"": ""fear"", ""score"": 0.003186088753864169}, {""label"": ""gratitude"", ""score"": 0.0021489430218935013}, {""label"": ""grief"", ""score"": 0.0012295751366764307}, {""label"": ""joy"", ""score"": 0.05417094752192497}, {""label"": ""love"", ""score"": 0.0024502326268702745}, {""label"": ""nervousness"", ""score"": 0.011014068499207497}, {""label"": ""optimism"", ""score"": 0.01376429758965969}, {""label"": ""pride"", ""score"": 0.0009117572335526347}, {""label"": ""realization"", ""score"": 0.06586382538080215}, {""label"": ""relief"", ""score"": 0.005569019354879856}, {""label"": ""remorse"", ""score"": 0.005233390256762505}, {""label"": ""sadness"", ""score"": 0.008988694287836552}, {""label"": ""surprise"", ""score"": 0.006341177504509687}, {""label"": ""neutral"", ""score"": 0.061064768582582474}]",confusion
at://did:plc:jwlvuqsant4iwp4ca7fokbdk/app.bsky.feed.post/3lt5ejrpo6s2i,https://bsky.app/profile/testingdeepwaters.bsky.social/post/3lt5ejrpo6s2i,bafyreigumloxmda5hof4nwvufbjswzx3aknizjv5cozeavvan6kqx4wxcu,"Why tell interested ordinary folks anything like the truth when you want to ruthlessly filter them, with their own weapons or not? Almost all influential people HAVE to lie to stop folks from getting ""wrong"" political ideas. Every popular side does this now. Amazing we have SOME good science at all!",2025-07-04T13:39:27.823Z,2025-07-04T13:39:28.841Z,{},0,0,1,did:plc:jwlvuqsant4iwp4ca7fokbdk,testingdeepwaters.bsky.social,,0,0,0,2025-06-24T14:30:06.832Z,,False,,False,"""[]""",2025-07-04T14:09:20.903154Z,Vrai,"[0.06334502249956131, 0.9366549849510193]","[{""label"": ""admiration"", ""score"": 0.8274209499359131}, {""label"": ""amusement"", ""score"": 0.0029786978848278522}, {""label"": ""anger"", ""score"": 0.008838349021971226}, {""label"": ""annoyance"", ""score"": 0.035274822264909744}, {""label"": ""approval"", ""score"": 0.06984905898571014}, {""label"": ""caring"", ""score"": 0.0011225641937926412}, {""label"": ""confusion"", ""score"": 0.06436493992805481}, {""label"": ""curiosity"", ""score"": 0.231576070189476}, {""label"": ""desire"", ""score"": 0.0012676765909418464}, {""label"": ""disappointment"", ""score"": 0.023978177458047867}, {""label"": ""disapproval"", ""score"": 0.02440774068236351}, {""label"": ""disgust"", ""score"": 0.005863642785698175}, {""label"": ""embarrassment"", ""score"": 0.0026785782538354397}, {""label"": ""excitement"", ""score"": 0.01187211275100708}, {""label"": ""fear"", ""score"": 0.0015598403988406062}, {""label"": ""gratitude"", ""score"": 0.0009395329398103058}, {""label"": ""grief"", ""score"": 0.0006446329643949866}, {""label"": ""joy"", ""score"": 0.002783139469102025}, {""label"": ""love"", ""score"": 0.002698299242183566}, {""label"": ""nervousness"", ""score"": 0.0006777324015274644}, {""label"": ""optimism"", ""score"": 0.008449545130133629}, {""label"": ""pride"", ""score"": 0.0019195160130038857}, {""label"": ""realization"", ""score"": 0.01264371071010828}, {""label"": ""relief"", ""score"": 0.0006539084133692086}, {""label"": ""remorse"", ""score"": 0.0005525984452106059}, {""label"": ""sadness"", ""score"": 0.0015467823250219226}, {""label"": ""surprise"", ""score"": 0.03389964997768402}, {""label"": ""neutral"", ""score"": 0.05083993822336197}]",admiration
at://did:plc:xvvrjruyflxr2lezxig63bvi/app.bsky.feed.post/3lt5ejbzopk2b,https://bsky.app/profile/annielicci.bsky.social/post/3lt5ejbzopk2b,bafyreigwuxvdc6mj4lz2nujn6ifpbqq4bmf74ut7z42mf4rkwcmxwbj7v4,"Every year on Independence Day, I watch the brilliant 1972 movie version of '1776'. I know it by heart. This year, interpreting it in light of the current political climate, I find myself in tears as I listen to the arguments for and against tyranny, and realize they are still pertinent today.",2025-07-04T13:39:11.375Z,2025-07-04T13:39:11.739Z,{},0,0,0,did:plc:xvvrjruyflxr2lezxig63bvi,annielicci.bsky.social,Annie Licci,0,0,0,2024-11-11T12:56:48.487Z,,False,,False,"""[]""",2025-07-04T14:09:20.903219Z,Vrai,"[0.0036160387098789215, 0.9963839054107666]","[{""label"": ""admiration"", ""score"": 0.02081986516714096}, {""label"": ""amusement"", ""score"": 0.0067751361057162285}, {""label"": ""anger"", ""score"": 0.0021899514831602573}, {""label"": ""annoyance"", ""score"": 0.01286399457603693}, {""label"": ""approval"", ""score"": 0.0677218958735466}, {""label"": ""caring"", ""score"": 0.0024331919848918915}, {""label"": ""confusion"", ""score"": 0.004976559430360794}, {""label"": ""curiosity"", ""score"": 0.00137754634488374}, {""label"": ""desire"", ""score"": 0.002998385578393936}, {""label"": ""disappointment"", ""score"": 0.07551383972167969}, {""label"": ""disapproval"", ""score"": 0.004582095425575972}, {""label"": ""disgust"", ""score"": 0.0022999243810772896}, {""label"": ""embarrassment"", ""score"": 0.009321948513388634}, {""label"": ""excitement"", ""score"": 0.005867204628884792}, {""label"": ""fear"", ""score"": 0.005375408101826906}, {""label"": ""gratitude"", ""score"": 0.003628005739301443}, {""label"": ""grief"", ""score"": 0.013557219877839088}, {""label"": ""joy"", ""score"": 0.02575119026005268}, {""label"": ""love"", ""score"": 0.006324479356408119}, {""label"": ""nervousness"", ""score"": 0.010338124819099903}, {""label"": ""optimism"", ""score"": 0.005812776740640402}, {""label"": ""pride"", ""score"": 0.007091256324201822}, {""label"": ""realization"", ""score"": 0.6787710785865784}, {""label"": ""relief"", ""score"": 0.017615336924791336}, {""label"": ""remorse"", ""score"": 0.004490929190069437}, {""label"": ""sadness"", ""score"": 0.16721400618553162}, {""label"": ""surprise"", ""score"": 0.019563661888241768}, {""label"": ""neutral"", ""score"": 0.17703072726726532}]",realization
at://did:plc:u4zciqe2fpwb3q45k3qgjcpu/app.bsky.feed.post/3lt5ej4gdhc26,https://bsky.app/profile/mexicancat2024.bsky.social/post/3lt5ej4gdhc26,bafyreiddylqfjg5o3mva2oymdgrgtvk3gwuyk6j5ermtt7w6x6ljrqopv4,It’s the political class of charlatans that creates this mess. No wonder they feel Like this.,2025-07-04T13:39:05.497Z,2025-07-04T13:39:06.436Z,{},0,0,0,did:plc:u4zciqe2fpwb3q45k3qgjcpu,mexicancat2024.bsky.social,,0,0,0,2024-08-14T21:48:12.490Z,,False,,False,"""[]""",2025-07-04T14:09:20.903281Z,Vrai,"[0.00101166230160743, 0.9989883303642273]","[{""label"": ""admiration"", ""score"": 0.002260367851704359}, {""label"": ""amusement"", ""score"": 0.0013971052831038833}, {""label"": ""anger"", ""score"": 0.07818666845560074}, {""label"": ""annoyance"", ""score"": 0.6364355087280273}, {""label"": ""approval"", ""score"": 0.050615180283784866}, {""label"": ""caring"", ""score"": 0.0017317966558039188}, {""label"": ""confusion"", ""score"": 0.002564092166721821}, {""label"": ""curiosity"", ""score"": 0.0008746517705731094}, {""label"": ""desire"", ""score"": 0.0018232048023492098}, {""label"": ""disappointment"", ""score"": 0.1294972449541092}, {""label"": ""disapproval"", ""score"": 0.04770682752132416}, {""label"": ""disgust"", ""score"": 0.03634363412857056}, {""label"": ""embarrassment"", ""score"": 0.020771494135260582}, {""label"": ""excitement"", ""score"": 0.000632775598205626}, {""label"": ""fear"", ""score"": 0.0009057985153049231}, {""label"": ""gratitude"", ""score"": 0.0013842922635376453}, {""label"": ""grief"", ""score"": 0.0007828160305507481}, {""label"": ""joy"", ""score"": 0.0011351077118888497}, {""label"": ""love"", ""score"": 0.0007528479909524322}, {""label"": ""nervousness"", ""score"": 0.0009652868029661477}, {""label"": ""optimism"", ""score"": 0.0033714286983013153}, {""label"": ""pride"", ""score"": 0.0011968178441748023}, {""label"": ""realization"", ""score"": 0.04371698200702667}, {""label"": ""relief"", ""score"": 0.0011073764180764556}, {""label"": ""remorse"", ""score"": 0.002925769193097949}, {""label"": ""sadness"", ""score"": 0.00966454204171896}, {""label"": ""surprise"", ""score"": 0.0011241200845688581}, {""label"": ""neutral"", ""score"": 0.1522510051727295}]",annoyance
at://did:plc:tgo4xhr435tlbg6ytyoghc5x/app.bsky.feed.post/3lt5eitzvmc2r,https://bsky.app/profile/deaconblues1979.bsky.social/post/3lt5eitzvmc2r,bafyreibeyt4pkqv7faee4wbc5b2y4joczzbptrdhgudezkawtzi6joqzb4,"Maybe, but that mentality is part of the political reality that the Democrats have to deal with. The party has to figure out how to get those votes, and screaming at them is not very effective. Electoral politics are hard work. 🤷🏻‍♂️",2025-07-04T13:38:56.702Z,2025-07-04T13:38:57.044Z,{},1,0,1,did:plc:tgo4xhr435tlbg6ytyoghc5x,deaconblues1979.bsky.social,Capricorn Iscariot,0,0,0,2023-10-19T00:07:41.394Z,,False,,False,"""[]""",2025-07-04T14:09:20.903339Z,Vrai,"[0.11813569068908691, 0.8818643093109131]","[{""label"": ""admiration"", ""score"": 0.00494706816971302}, {""label"": ""amusement"", ""score"": 0.0007201713160611689}, {""label"": ""anger"", ""score"": 0.0041218106634914875}, {""label"": ""annoyance"", ""score"": 0.05361408367753029}, {""label"": ""approval"", ""score"": 0.3021339178085327}, {""label"": ""caring"", ""score"": 0.009837228804826736}, {""label"": ""confusion"", ""score"": 0.07529725134372711}, {""label"": ""curiosity"", ""score"": 0.007800820283591747}, {""label"": ""desire"", ""score"": 0.0070762005634605885}, {""label"": ""disappointment"", ""score"": 0.047508276998996735}, {""label"": ""disapproval"", ""score"": 0.23375269770622253}, {""label"": ""disgust"", ""score"": 0.0022767132613807917}, {""label"": ""embarrassment"", ""score"": 0.001378654851578176}, {""label"": ""excitement"", ""score"": 0.000906040717381984}, {""label"": ""fear"", ""score"": 0.001526063890196383}, {""label"": ""gratitude"", ""score"": 0.00027660003979690373}, {""label"": ""grief"", ""score"": 0.0005901946569792926}, {""label"": ""joy"", ""score"": 0.0009009053464978933}, {""label"": ""love"", ""score"": 0.0020476134959608316}, {""label"": ""nervousness"", ""score"": 0.0022078175097703934}, {""label"": ""optimism"", ""score"": 0.06433259695768356}, {""label"": ""pride"", ""score"": 0.0008139093988575041}, {""label"": ""realization"", ""score"": 0.06651096045970917}, {""label"": ""relief"", ""score"": 0.0016019119648262858}, {""label"": ""remorse"", ""score"": 0.001073523540981114}, {""label"": ""sadness"", ""score"": 0.004670585971325636}, {""label"": ""surprise"", ""score"": 0.0007231413037516177}, {""label"": ""neutral"", ""score"": 0.34009531140327454}]",neutral
at://did:plc:h5zn2cip33m5y4fm2u6bokbp/app.bsky.feed.post/3lt5eilstnc2p,https://bsky.app/profile/ottovondanger.bsky.social/post/3lt5eilstnc2p,bafyreidpve556ls6676vujctvrdyhe2vxkbkow6whx5iabwofbkcrdswna,This was political theater and did nothing. Also Jefferies two biggest donors are AIPAC(a Terrorist Org) and Black Rock(the evil Mega Corps).,2025-07-04T13:38:48.082Z,2025-07-04T13:38:51.636Z,{},1,0,1,did:plc:h5zn2cip33m5y4fm2u6bokbp,ottovondanger.bsky.social,📎 Otto Von Danger,0,0,0,2024-12-04T16:48:27.746Z,,False,,False,"""[]""",2025-07-04T14:09:20.903395Z,Vrai,"[0.0013234138023108244, 0.998676598072052]","[{""label"": ""admiration"", ""score"": 0.001500144018791616}, {""label"": ""amusement"", ""score"": 0.0010880371555685997}, {""label"": ""anger"", ""score"": 0.011195969767868519}, {""label"": ""annoyance"", ""score"": 0.12312018871307373}, {""label"": ""approval"", ""score"": 0.020045151934027672}, {""label"": ""caring"", ""score"": 0.0011140343267470598}, {""label"": ""confusion"", ""score"": 0.001463838154450059}, {""label"": ""curiosity"", ""score"": 0.0004349025839474052}, {""label"": ""desire"", ""score"": 0.0011380022624507546}, {""label"": ""disappointment"", ""score"": 0.04292427375912666}, {""label"": ""disapproval"", ""score"": 0.29623672366142273}, {""label"": ""disgust"", ""score"": 0.004413403570652008}, {""label"": ""embarrassment"", ""score"": 0.0018682877998799086}, {""label"": ""excitement"", ""score"": 0.0005626764032058418}, {""label"": ""fear"", ""score"": 0.0004799688467755914}, {""label"": ""gratitude"", ""score"": 0.0009714608313515782}, {""label"": ""grief"", ""score"": 0.000405590224545449}, {""label"": ""joy"", ""score"": 0.0009353830828331411}, {""label"": ""love"", ""score"": 0.00058037816779688}, {""label"": ""nervousness"", ""score"": 0.0003415466926526278}, {""label"": ""optimism"", ""score"": 0.002107517560943961}, {""label"": ""pride"", ""score"": 0.0003948443045374006}, {""label"": ""realization"", ""score"": 0.016540955752134323}, {""label"": ""relief"", ""score"": 0.0006226787227205932}, {""label"": ""remorse"", ""score"": 0.0006398604018613696}, {""label"": ""sadness"", ""score"": 0.0037248549051582813}, {""label"": ""surprise"", ""score"": 0.000797739892732352}, {""label"": ""neutral"", ""score"": 0.6178610324859619}]",neutral
at://did:plc:dodao466ycrm7mdmn3atsyyk/app.bsky.feed.post/3lt5eiaor4c2t,https://bsky.app/profile/mathiasverraes.bsky.social/post/3lt5eiaor4c2t,bafyreiaupzhg45yhble23c4q4aya4hucfo5lqxglsvvljnuclyq76iw6ue,"Research shows that ""it takes around 3.5% of the population actively participating in the protests to ensure serious political change"" www.bbc.com/future/artic...",2025-07-04T13:38:36.413Z,2025-07-04T13:38:38.337Z,"""external=External(description='Nonviolent protests are twice as likely to succeed as armed conflicts \u2013 and those engaging a threshold of 3.5% of the population have never failed to bring about change.', title=\""The '3.5% rule': How a small minority can change the world\"", uri='https://www.bbc.com/future/article/20190513-it-only-takes-35-of-people-to-change-the-world', thumb=BlobRef(mime_type='image/jpeg', size=194576, ref=IpldLink(link='bafkreihp3fk3bake6xuducd7q52gtl4aiemirp2dwjnkcurcbmicn3vn7y'), py_type='blob'), py_type='app.bsky.embed.external#external') py_type='app.bsky.embed.external'""",0,1,1,did:plc:dodao466ycrm7mdmn3atsyyk,mathiasverraes.bsky.social,Mathias Verraes,0,0,0,2023-11-02T13:51:34.871Z,,False,,False,"""[]""",2025-07-04T14:09:20.903531Z,Vrai,"[0.003990734927356243, 0.9960092306137085]","[{""label"": ""admiration"", ""score"": 0.005368352867662907}, {""label"": ""amusement"", ""score"": 0.0008525545126758516}, {""label"": ""anger"", ""score"": 0.0004800118913408369}, {""label"": ""annoyance"", ""score"": 0.004919662140309811}, {""label"": ""approval"", ""score"": 0.1451643854379654}, {""label"": ""caring"", ""score"": 0.000812091922853142}, {""label"": ""confusion"", ""score"": 0.002182606142014265}, {""label"": ""curiosity"", ""score"": 0.0009269575239159167}, {""label"": ""desire"", ""score"": 0.0015838856343179941}, {""label"": ""disappointment"", ""score"": 0.004764585290104151}, {""label"": ""disapproval"", ""score"": 0.005774686112999916}, {""label"": ""disgust"", ""score"": 0.0010840214090421796}, {""label"": ""embarrassment"", ""score"": 0.00033946422627195716}, {""label"": ""excitement"", ""score"": 0.001242843340151012}, {""label"": ""fear"", ""score"": 0.0005270087858662009}, {""label"": ""gratitude"", ""score"": 0.0007729491335339844}, {""label"": ""grief"", ""score"": 0.00019761019211728126}, {""label"": ""joy"", ""score"": 0.0007408331148326397}, {""label"": ""love"", ""score"": 0.0009559550089761615}, {""label"": ""nervousness"", ""score"": 0.0002839372318703681}, {""label"": ""optimism"", ""score"": 0.011222977191209793}, {""label"": ""pride"", ""score"": 0.00039926296449266374}, {""label"": ""realization"", ""score"": 0.03865132853388786}, {""label"": ""relief"", ""score"": 0.0006047384813427925}, {""label"": ""remorse"", ""score"": 0.00028856488643214107}, {""label"": ""sadness"", ""score"": 0.0010917067993432283}, {""label"": ""surprise"", ""score"": 0.0006830726633779705}, {""label"": ""neutral"", ""score"": 0.8742947578430176}]",neutral
