post_uri,post_url,post_cid,text,createdAt_post,indexedAt_post,embed,likeCount,repostCount,replyCount,did,handle,displayName,followersCount,followsCount,postsCount,createdAt_profile,indexedAt_profile,viewer_muted,viewer_following,viewer_blockedBy,labels,collectedAt,fake_news_label,fake_news_probs
at://did:plc:ue22unndfqi3lbbewewwwqr7/app.bsky.feed.post/3lt5hitvlhc24,https://bsky.app/profile/buildingbackblue.bsky.social/post/3lt5hitvlhc24,bafyreibqqp5mofa7whyzgmp7kli2arzpsiptfrqjezjskrqzayjnpimiia,"Donald Trump spent his political career declaring a war on immigrants, referring to them all as criminals.  Now he may let millions stay in America, if they work in the farming and agriculture industries.   So would Donald supporters please tell me: Was he wrong yesterday or wrong today?  🤔",2025-07-04T14:32:37.785Z,2025-07-04T14:32:37.435Z,{},2,0,0,did:plc:ue22unndfqi3lbbewewwwqr7,buildingbackblue.bsky.social,Build Back Blue,0,0,0,2024-12-02T13:54:07.645Z,,False,,False,"""[]""",2025-07-04T14:32:58.603621Z,Vrai,"[0.0028221402317285538, 0.9971778392791748]"
at://did:plc:7e3mh54uvnicekbci3sxqup3/app.bsky.feed.post/3lt5hieixrs2f,https://bsky.app/profile/debbie-nosnibor.bsky.social/post/3lt5hieixrs2f,bafyreicjdj344q7cxmnql2nuxovjb4v4evfhzaanux6zmjl3hipwatanr4,"That’s what they have been doing since he rode down that escalator on June 16, 2015. He made a number of derogatory comments that should have ended his political career before it even started but instead they sane washed his comments. 🤦🏽‍♀️",2025-07-04T14:32:21.644Z,2025-07-04T14:32:22.137Z,{},0,0,0,did:plc:7e3mh54uvnicekbci3sxqup3,debbie-nosnibor.bsky.social,Debbie R,0,0,0,2024-11-16T00:22:04.430Z,,False,,False,"""[]""",2025-07-04T14:32:58.603664Z,Vrai,"[0.002950706984847784, 0.9970492720603943]"
at://did:plc:wfauwzg3ywjyme3b73iyyxmd/app.bsky.feed.post/3lt5hic7i7s2p,https://bsky.app/profile/ivyweber95.bsky.social/post/3lt5hic7i7s2p,bafyreifhditxnkuaz3r3ekwunjmffujgt3ldlbofkp3xjgz2dkonjffg5i,"I think it's important that people start recognising the inherently political alliances between journalists at this time. They're clearly not impartial announcers of fact like they claim, but a collection of political blocs with their own goals.",2025-07-04T14:32:19.236Z,2025-07-04T14:32:24.738Z,{},0,0,0,did:plc:wfauwzg3ywjyme3b73iyyxmd,ivyweber95.bsky.social,Toxic Ivy (she/her) 💠,0,0,0,2025-01-09T13:20:10.243Z,,False,,False,"""[]""",2025-07-04T14:32:58.603708Z,Vrai,"[0.003943013027310371, 0.9960570335388184]"
at://did:plc:ujfks3jbsdkxl2qxwwn2ww5b/app.bsky.feed.post/3lt5hiadn6k2v,https://bsky.app/profile/frodolove.bsky.social/post/3lt5hiadn6k2v,bafyreidp6kan5o6nbxan4feuo3rd6moe6nnceyjo27ogwczc7xgez7vjau,"Bottom Line: There are many orgs that are nothing more than obscene, sensationalistic  propaganda spreading machines and/or political tools! Period! There are other ACTUAL NEWS orgs, as well as INDEPENDENT journalists who are committed to both uncovering & speaking TRUTH TO POWER & THE PEOPLE!",2025-07-04T14:32:17.275Z,2025-07-04T14:32:18.340Z,{},0,0,0,did:plc:ujfks3jbsdkxl2qxwwn2ww5b,frodolove.bsky.social,FrodoLove,0,0,0,2025-01-21T03:20:02.545Z,,False,,False,"""[]""",2025-07-04T14:32:58.603742Z,Vrai,"[0.0007227850146591663, 0.9992771744728088]"
at://did:plc:p5a4gm3yw4mlbk67uaaoygj7/app.bsky.feed.post/3lt5hh3kces2p,https://bsky.app/profile/texasvet77.bsky.social/post/3lt5hh3kces2p,bafyreifykfgjjchf2eacftdt5xx5ygcl6wgd65s3atmg5kmit77pmczyvm,The Repugnants delayed most of the pain from the BBB until after the midterms. They think the public won't see the carnage b4 then. Their base has a short attention span.   Dem political ads need to remind people what's coming because of the cowardly bastards.,2025-07-04T14:31:38.683Z,2025-07-04T14:31:40.041Z,{},0,0,0,did:plc:p5a4gm3yw4mlbk67uaaoygj7,texasvet77.bsky.social,Blue 🔵 in Texas🏳️‍⚧️🇺🇲🇺🇦🌈⚛️,0,0,0,2025-01-16T19:02:08.043Z,,False,,False,"""[]""",2025-07-04T14:32:58.604609Z,Vrai,"[0.004146913066506386, 0.995853066444397]"
at://did:plc:3kgx4rphbtck7ku6kx2ul6gp/app.bsky.feed.post/3lt5hg3jbls2f,https://bsky.app/profile/validermine54.bsky.social/post/3lt5hg3jbls2f,bafyreifnjwvyjh256klvzdipage55wrbhkysgngo5djivflae2npbq6clu,"Rare political post from me, but I felt the need to say something. Especially on a day like today.",2025-07-04T14:31:05.108Z,2025-07-04T14:31:06.535Z,{},1,0,0,did:plc:3kgx4rphbtck7ku6kx2ul6gp,validermine54.bsky.social,Valid,0,0,0,2024-10-23T17:38:20.211Z,,False,,False,"""[]""",2025-07-04T14:32:58.604899Z,Vrai,"[0.001829396584071219, 0.9981706142425537]"
at://did:plc:eg62hz2e4aakucsnsyejzg6w/app.bsky.feed.post/3lt5hfxb64s2y,https://bsky.app/profile/kelvinnicholls.bsky.social/post/3lt5hfxb64s2y,bafyreih2y2t5qgtl66rgzosmwsypd7ghoiarniyjlg3nzpl2va3lxbvpia,Jeremy Corbyn and Zarah Sultana are co-founding a new political party www.councilestatemedia.uk/p/jeremy-cor...,2025-07-04T14:31:00.647Z,2025-07-04T14:31:11.946Z,"""external=External(description=\""It's about time...\"", title='Jeremy Corbyn and Zarah Sultana are co-founding a new political party', uri='https://www.councilestatemedia.uk/p/jeremy-corbyn-and-zarah-sultana-are?r=1qugvr&utm_campaign=post&utm_medium=web&showWelcomeOnShare=false', thumb=BlobRef(mime_type='image/jpeg', size=685798, ref=IpldLink(link='bafkreidj7rxrw4cifgozjijxvvqmwdbisl76hie7ebyqe3kpabwwslap4e'), py_type='blob'), py_type='app.bsky.embed.external#external') py_type='app.bsky.embed.external'""",0,0,0,did:plc:eg62hz2e4aakucsnsyejzg6w,kelvinnicholls.bsky.social,,0,0,0,2024-11-14T16:12:16.030Z,,False,,False,"""[]""",2025-07-04T14:32:58.604975Z,Vrai,"[0.001301085576415062, 0.9986988306045532]"
at://did:plc:a3534uuuzu7ywdebkmxhuzi4/app.bsky.feed.post/3lt5hfnbbsc27,https://bsky.app/profile/csmck.bsky.social/post/3lt5hfnbbsc27,bafyreigmbqriocky4q4k4nvz44egz7hxezb7vdydaioi6mvsttatce6pli,"Call Congress/State Representative, express disapproval of bad bills, weekly. Listen to NLP & other apt political pods, how to stay engaged, avoid battles fatigue ✨️🙏",2025-07-04T14:30:50.165Z,2025-07-04T14:30:50.843Z,{},0,0,0,did:plc:a3534uuuzu7ywdebkmxhuzi4,csmck.bsky.social,Charles S. Mckinnie,0,0,0,2024-11-28T02:15:55.746Z,,False,,False,"""[]""",2025-07-04T14:32:58.605311Z,Vrai,"[0.0031742998398840427, 0.9968256950378418]"
at://did:plc:msian4dqa2rqalf3biilnf3m/app.bsky.feed.post/3lt5hfklxzj27,https://bsky.app/profile/europesays.bsky.social/post/3lt5hfklxzj27,bafyreigbxc6hs5bx55iimycxd2hmfwp4c2e5j2utv7jw5ps63fjissxucq,Switzerland stirs Brexit ghosts in push for EU access  https://www.europesays.com/2217256/  A proudly independent European nation confronted with a stark political choice: keep EU single market access but only…,2025-07-04T14:30:44+00:00,2025-07-04T14:30:48.139Z,"""external=External(description='A proudly independent European nation confronted with a stark political choice: keep EU single market access but only by making financial payments, taking', title='Switzerland stirs Brexit ghosts in push for EU access - EUROPE SAYS', uri='https://www.europesays.com/2217256/', thumb=BlobRef(mime_type='image/jpeg', size=93291, ref=IpldLink(link='bafkreightpdrpd7dua27ckoajhgmwhorc3vzqjgoif4g4t2f7oz3uoz5ni'), py_type='blob'), py_type='app.bsky.embed.external#external') py_type='app.bsky.embed.external'""",0,0,0,did:plc:msian4dqa2rqalf3biilnf3m,europesays.bsky.social,EUROPE SAYS,0,0,0,2024-02-22T14:31:41.275Z,,False,,False,"""[]""",2025-07-04T14:32:58.605372Z,Vrai,"[0.001873193890787661, 0.9981268048286438]"
at://did:plc:n6f3vpcaegok4jvufmdiphpc/app.bsky.feed.post/3lt5hf3menk23,https://bsky.app/profile/cl10.bsky.social/post/3lt5hf3menk23,bafyreibjyjljhisp5m5crdk4u5boxhcql5ilnjahesth3bkrlntlyarbqe,Features of the 119th Congressional Districts:  How many households participate in SNAP? www.datawrapper.de/_/WiIz4/  How many households have a member with a disability? www.datawrapper.de/_/QMLU1/  Which type of representation does each district have? www.datawrapper.de/_/bPQUZ/,2025-07-04T14:30:31.651Z,2025-07-04T14:30:33.541Z,"""images=[Image(alt=\""Scatterplot where points represent congressional districts and color represents political party of the district's representative. The x axis is the number of households on SNAP and the y axis is the number of households with a member who has a disability.\"", image=BlobRef(mime_type='image/jpeg', size=267082, ref=IpldLink(link='bafkreicvhcd7f73pcvqd4b5jd2fow4e5f2y6uajblwvvujvn45lyxgwtna'), py_type='blob'), aspect_ratio=AspectRatio(height=798, width=1040, py_type='app.bsky.embed.defs#aspectRatio'), py_type='app.bsky.embed.images#image')] py_type='app.bsky.embed.images'""",0,0,0,did:plc:n6f3vpcaegok4jvufmdiphpc,cl10.bsky.social,clio,0,0,0,2023-10-02T16:57:29.911Z,,False,,False,"""[]""",2025-07-04T14:32:58.605417Z,Vrai,"[0.0008850468439050019, 0.9991149306297302]"
at://did:plc:xnqmbbwewwnyu7tuilt2vzdx/app.bsky.feed.post/3lt5hf2rq4c2f,https://bsky.app/profile/casaconnie.bsky.social/post/3lt5hf2rq4c2f,bafyreiajtrgpsccvooqncdxivxf3jvailflm5ebrmdiawldkfcjmfo3qmy,Who is making the deals now for Hamas Political Bureau?,2025-07-04T14:30:30.782Z,2025-07-04T14:30:31.336Z,{},0,0,0,did:plc:xnqmbbwewwnyu7tuilt2vzdx,casaconnie.bsky.social,CC,0,0,0,2024-11-15T00:57:19.141Z,,False,,False,"""[]""",2025-07-04T14:32:58.605433Z,Vrai,"[0.0012819579569622874, 0.9987180233001709]"
at://did:plc:c3rktd22b6ceg4enqfok2bek/app.bsky.feed.post/3lt5he6hcas2u,https://bsky.app/profile/thewiserose.bsky.social/post/3lt5he6hcas2u,bafyreif4zplylicuwoejy2krnpxhjuqrlgxxjl7y3qz4d2xbwwxwsmveta,"The GOP blame political violence on Dem's rhetoric? Our current President just told his MAGA cult, some of which stormed the Capitol on 1/6 for him, that he hates half of the people he is suppose to serve. Disgusting.",2025-07-04T14:30:01.079Z,2025-07-04T14:30:01.938Z,{},0,0,0,did:plc:c3rktd22b6ceg4enqfok2bek,thewiserose.bsky.social,Alison Wise,0,0,0,2024-11-11T02:31:42.582Z,,False,,False,"""[]""",2025-07-04T14:32:58.606033Z,Vrai,"[0.013441572897136211, 0.9865584969520569]"
at://did:plc:qlr65hoorzsai4vral225yap/app.bsky.feed.post/3lt5hdxr3r227,https://bsky.app/profile/dinixluna.bsky.social/post/3lt5hdxr3r227,bafyreiebklnlfhjmltbback74cs7vjgtnvnqm6teyo6zxrhw47cypzolc4,"""Punk isn't political"" so you're just a different kind of punk, then, huh",2025-07-04T14:29:54.061Z,2025-07-04T14:29:54.541Z,{},0,0,0,did:plc:qlr65hoorzsai4vral225yap,dinixluna.bsky.social,*ೃDiniೀ⋆,0,0,0,2023-07-03T11:39:12.290Z,,False,,False,"""[]""",2025-07-04T14:32:58.606052Z,Vrai,"[0.00769326975569129, 0.9923067688941956]"
at://did:plc:au6ssqlr63wa6uhwgqyg7npe/app.bsky.feed.post/3lt5hds6xks2f,https://bsky.app/profile/tiredmom3.bsky.social/post/3lt5hds6xks2f,bafyreifaod5q7c4nev6pbk2mbsreetyahuslchpqhid4ysjrsf7h2x3yjy,"You fight harder against Mamdani than Trump’s agenda. In fact, your support of the CR to keep the govt open eventually led to the passage of the Big Betrayal Bill.   Your political calculus is terrible. If there’s a wrong choice to make, that’s the side you will be on.",2025-07-04T14:29:48.223Z,2025-07-04T14:29:48.742Z,{},0,0,0,did:plc:au6ssqlr63wa6uhwgqyg7npe,tiredmom3.bsky.social,,0,0,0,2024-11-14T18:21:57.231Z,,False,,False,"""[]""",2025-07-04T14:32:58.606067Z,Vrai,"[0.007264085114002228, 0.9927359819412231]"
at://did:plc:ygq45qywlmbbpsvckaqpzonu/app.bsky.feed.post/3lt5hdom5qc2v,https://bsky.app/profile/spiketta.bsky.social/post/3lt5hdom5qc2v,bafyreie4roy2ljyfnmf2duylyqsevxpltbvayumokd6kl52jybl5vhfg64,"Whenever I worry about wasting my political energy, I pause and remember that there are still people in Momentum.",2025-07-04T14:29:44.461Z,2025-07-04T14:29:42.539Z,{},1,0,0,did:plc:ygq45qywlmbbpsvckaqpzonu,spiketta.bsky.social,,0,0,0,2024-11-15T14:53:37.627Z,,False,,False,"""[]""",2025-07-04T14:32:58.606082Z,Vrai,"[0.0011778819607570767, 0.9988221526145935]"
at://did:plc:z7wzfrwo7bgggngcvyzw7org/app.bsky.feed.post/3lt5hdobb422k,https://bsky.app/profile/fionamm.bsky.social/post/3lt5hdobb422k,bafyreig2yn5qeuglrm3leo7pcevdlvnoqzrhjvomjxx45herpqk6gt6oem,Kill another green law? The EU wants to continue protecting polluters spreading greenwashing lies. Finally political momentum is on our side to stop this. Sign to demand the anti-greenwashing law. action.wemove.eu/sign/2025-07...,2025-07-04T14:29:44.104Z,2025-07-04T14:29:52.638Z,"""external=External(description='Kill another green law? The EU wants to continue protecting polluters spreading greenwashing lies. Finally political momentum is on our side to stop this. Sign to demand the anti-greenwashing law.', title='No more \u201cgreen\u201d lies! Don\u2019t let the EU kill the anti-greenwashing law.', uri='https://action.wemove.eu/sign/2025-07-antigreenwashing-directive-petition-EN?akid=s6346709..C1MeOn', thumb=BlobRef(mime_type='image/jpeg', size=770092, ref=IpldLink(link='bafkreid74q3dmd4xawvu74zdvqhisnqiy2tzjvmt5zqg2xgsj5dhavt3n4'), py_type='blob'), py_type='app.bsky.embed.external#external') py_type='app.bsky.embed.external'""",0,0,0,did:plc:z7wzfrwo7bgggngcvyzw7org,fionamm.bsky.social,,0,0,0,2024-11-15T16:33:54.821Z,,False,,False,"""[]""",2025-07-04T14:32:58.606121Z,Vrai,"[0.0394713468849659, 0.9605286717414856]"
at://did:plc:ythjjblagj3kd7huottxyto6/app.bsky.feed.post/3lt5hdlsxak2d,https://bsky.app/profile/jonah333.bsky.social/post/3lt5hdlsxak2d,bafyreihyq7fpzxsmkde3k7fje4dxn3eji3ig7fybtwc6zqbiz3mcgfudly,"Jews thought it couldn’t happen here. It just did.  New York City's recent primary elections are a wake-up call for many Jews who realize we've grown too comfortable, too complacent. The political ground beneath us is shakier than we thought. Mijal Bitton  www.futureofjewish.com/p/this-momen...",2025-07-04T14:29:41.538Z,2025-07-04T14:29:46.938Z,"""external=External(description=\""New York City's recent primary elections are a wake-up call for many Jews who realize we've grown too comfortable, too complacent. The political ground beneath us is shakier than we thought.\"", title='Jews thought it couldn\u2019t happen here. It just did.', uri='https://www.futureofjewish.com/p/this-moment-demands-a-new-jewish?r=3rw24&utm_campaign=post&utm_medium=web&showWelcomeOnShare=false', thumb=BlobRef(mime_type='image/jpeg', size=956531, ref=IpldLink(link='bafkreidqziy2lppaqn3ub62w7sjnnkdeelpn7zm4yy3jlurcmmksifqyui'), py_type='blob'), py_type='app.bsky.embed.external#external') py_type='app.bsky.embed.external'""",0,0,0,did:plc:ythjjblagj3kd7huottxyto6,jonah333.bsky.social,,0,0,0,2024-11-24T18:25:50.046Z,,False,,False,"""[]""",2025-07-04T14:32:58.606156Z,Vrai,"[0.0008491011685691774, 0.9991508722305298]"
at://did:plc:vi32trqbwxhwbh2ghr62lcwb/app.bsky.feed.post/3lt5hdjtmus2v,https://bsky.app/profile/bikedog2637.bsky.social/post/3lt5hdjtmus2v,bafyreigt5jzxtj2dco3zady63sogpvqe7jhcmxe3dwxkbumxyc2lhjd43u,"Some good points here but she ignores the historical impact of the colonialism. Her political analysis is amoral at best. Shoe is on the other foot, now.",2025-07-04T14:29:39.462Z,2025-07-04T14:29:38.537Z,{},0,0,0,did:plc:vi32trqbwxhwbh2ghr62lcwb,bikedog2637.bsky.social,Geoff Ames,0,0,0,2025-01-09T18:03:17.542Z,,False,,False,"""[]""",2025-07-04T14:32:58.606172Z,Vrai,"[0.0018907773774117231, 0.9981092214584351]"
at://did:plc:zlgbfdhfiv2jvbm55xbxosqj/app.bsky.feed.post/3lt5hdjrkhs2h,https://bsky.app/profile/fedja-h.bsky.social/post/3lt5hdjrkhs2h,bafyreic6l2a7ndxyijcj7mb2tgx4ew353yy3h2n6g5p7iimnf4jmhzyrou,"I'm not there, dumbass. I'm just telling you my kids are more likely to vote for a China-aligned political party than a US bootlicker. And I figure I'm not alone.",2025-07-04T14:29:39.396Z,2025-07-04T14:29:40.538Z,{},0,0,0,did:plc:zlgbfdhfiv2jvbm55xbxosqj,fedja-h.bsky.social,Fedja,0,0,0,2024-11-19T17:44:26.977Z,,False,,False,"""[]""",2025-07-04T14:32:58.606186Z,Faux,"[0.8317207098007202, 0.16827929019927979]"
at://did:plc:ysri5ochiffe2j6eeleviacd/app.bsky.feed.post/3lt5hderdjc2d,https://bsky.app/profile/collingwest.bsky.social/post/3lt5hderdjc2d,bafyreicq6vsuujbxl6u34isi5wr5bimgx5hxkva36hnociucehe7yfwqgi,"There are MAGAts there but the priest frowns heavily on political speech during times of fellowship. And I have been finding a number of anti-MAGA folks. We are quiet so it takes a bit to find each other, but when we do we talk about things such as the #WorksOfMercy and #CatholicSocialTeaching.",2025-07-04T14:29:33.961Z,2025-07-04T14:29:34.715Z,{},0,0,1,did:plc:ysri5ochiffe2j6eeleviacd,collingwest.bsky.social,Catherine C.E. 🕊️🧡,0,0,0,2024-10-19T18:03:30.207Z,,False,,False,"""[]""",2025-07-04T14:32:58.606308Z,Vrai,"[0.0007353727123700082, 0.999264657497406]"
at://did:plc:ysri5ochiffe2j6eeleviacd/app.bsky.feed.post/3lt5hderck22d,https://bsky.app/profile/collingwest.bsky.social/post/3lt5hderck22d,bafyreigyhtornyo2au2e6feka5mglyhdpcykpbsz6gfm4c7yy7o54nlyuq,It helps that my parish is small and close-knit. It REALLY helps that my priest keeps politics off the pulpit and will defend our rights to any reasonable political opinion. I'd been there over a year before I found out he was politically conservative. (He does not always approve of TFG.),2025-07-04T14:29:33.960Z,2025-07-04T14:29:34.695Z,{},0,0,1,did:plc:ysri5ochiffe2j6eeleviacd,collingwest.bsky.social,Catherine C.E. 🕊️🧡,0,0,0,2024-10-19T18:03:30.207Z,,False,,False,"""[]""",2025-07-04T14:32:58.606323Z,Vrai,"[0.004143708385527134, 0.9958562254905701]"
at://did:plc:mksjq43sa5g3fcvy7z3vxusp/app.bsky.feed.post/3lt5hcmmxp22k,https://bsky.app/profile/barbarajustbarb.bsky.social/post/3lt5hcmmxp22k,bafyreia5mpqxtkfwjwxkoia2rlojrv4nscbuf7y5pjg62ysb3ytvdk4ozy,Agree. I’ve had people who I’ve lost such respect for who I’ve known and worked with for many years. I now choose to keep my own line of distance and don’t engage about anything political. It eliminates the “what about”  nonsense.,2025-07-04T14:29:08.836Z,2025-07-04T14:29:10.537Z,{},1,0,0,did:plc:mksjq43sa5g3fcvy7z3vxusp,barbarajustbarb.bsky.social,Barbara,0,0,0,2024-11-30T04:00:43.045Z,,False,,False,"""[]""",2025-07-04T14:32:58.606506Z,Vrai,"[0.0011854012263938785, 0.998814582824707]"
at://did:plc:qdntwytjr6bpkokzynfjpe53/app.bsky.feed.post/3lt5hbwuvbs2r,https://bsky.app/profile/doggeddays.bsky.social/post/3lt5hbwuvbs2r,bafyreie3kbklnw23xlc373ttvnq4f6fvlmx5bvmoljfoiyobw3cwbbo57u,I always thought of it as more of a physics problem but I'm learning something new everyday! Guess everything is political if one is psycho enough 🤣,2025-07-04T14:28:46.027Z,2025-07-04T14:28:47.939Z,{},1,0,1,did:plc:qdntwytjr6bpkokzynfjpe53,doggeddays.bsky.social,Casually Revolting,0,0,0,2023-11-28T22:06:37.963Z,,False,,False,"""[]""",2025-07-04T14:32:58.606744Z,Vrai,"[0.4176817834377289, 0.5823182463645935]"
at://did:plc:mtuyyk4hrakhnouknfmk4db6/app.bsky.feed.post/3lt5hbvtqqc2e,https://bsky.app/profile/lakesidemarathon.bsky.social/post/3lt5hbvtqqc2e,bafyreih3yjlxygzttxxawy3vqbg7rper3ufd36rgelcb4sgx3slh4ykwly,Agree - money and power are powerful psychological drugs that have a strong pull on people like them. Plus they are counting voter amnesia by the time 26 midterms come around or some other big political maelstrom to divert their supporters attention,2025-07-04T14:28:44.941Z,2025-07-04T14:28:45.737Z,{},0,0,0,did:plc:mtuyyk4hrakhnouknfmk4db6,lakesidemarathon.bsky.social,,0,0,0,2025-02-21T16:18:33.345Z,,False,,False,"""[]""",2025-07-04T14:32:58.606773Z,Opinion personnelle,"[0.4518091082572937, 0.5481908917427063]"
at://did:plc:h5qkrp4abfdtqxl6wxs4lu4l/app.bsky.feed.post/3lt5hbv3t4c2o,https://bsky.app/profile/jamiecramer.bsky.social/post/3lt5hbv3t4c2o,bafyreicajibnihawwyotjvnyuvzwtnpamarezwjpc5zmf4k5k472rviqde,This boils down to political corruption through oil money lobbyists. But we are NOT powerless and ultimately this is down to US!! Every £/€/$ we spend is a vote for the planet we want to live on. We have to stop financing oil companies ability to usurp the democratic will of the people!,2025-07-04T14:28:44.158Z,2025-07-04T14:28:44.538Z,{},0,0,0,did:plc:h5qkrp4abfdtqxl6wxs4lu4l,jamiecramer.bsky.social,,0,0,0,2025-02-13T13:40:46.645Z,,False,,False,"""[]""",2025-07-04T14:32:58.606789Z,Vrai,"[0.005473833065479994, 0.9945260882377625]"
at://did:plc:betdo3otar4dlt7siwooezt7/app.bsky.feed.post/3lt5hbtfgus2d,https://bsky.app/profile/camon345.bsky.social/post/3lt5hbtfgus2d,bafyreid3tac75fbk6ajvdtgvucvr3biq2qcgwvz64helyabg6rss3rad64,Concur. Massive scale fossil fuel projects keep being approved by governments and no one in power is really listening to the climate science community as they don’t have political power unfortunately. I try to talk to people about climate change but all I get is strange looks …,2025-07-04T14:28:42.375Z,2025-07-04T14:28:42.939Z,{},0,0,0,did:plc:betdo3otar4dlt7siwooezt7,camon345.bsky.social,Carl M,0,0,0,2024-11-26T11:17:49.844Z,,False,,False,"""[]""",2025-07-04T14:32:58.606937Z,Vrai,"[0.0036021326668560505, 0.996397852897644]"
at://did:plc:pxuy22gtve334ep2jqtv44tz/app.bsky.feed.post/3lt5hbomvzc23,https://bsky.app/profile/happimess73.bsky.social/post/3lt5hbomvzc23,bafyreie5e22jajs2s6bmbptlkaikycjfwhpy2a2s7co3p53lgssq2d2nnm,My son came first in his political presentation at summer school for A Level college.  £20 gift card as a prize!,2025-07-04T14:28:37.366Z,2025-07-04T14:28:41.043Z,"""images=[Image(alt='Photo of a gift card and my message to my son saying well done', image=BlobRef(mime_type='image/jpeg', size=818071, ref=IpldLink(link='bafkreiftkr36ccyj5ljke5muzjfovrejkyjaui55vbutbazoon2xir6qn4'), py_type='blob'), aspect_ratio=AspectRatio(height=2000, width=923, py_type='app.bsky.embed.defs#aspectRatio'), py_type='app.bsky.embed.images#image')] py_type='app.bsky.embed.images'""",0,0,0,did:plc:pxuy22gtve334ep2jqtv44tz,happimess73.bsky.social,Anne-Marie Silbiger,0,0,0,2023-08-23T18:33:59.392Z,,False,,False,"""[]""",2025-07-04T14:32:58.607111Z,Opinion personnelle,"[0.536186933517456, 0.46381306648254395]"
at://did:plc:6x2ljfrp5y4awwutlp7lak2r/app.bsky.feed.post/3lt5hb2ad7c2v,https://bsky.app/profile/gwipp-gender.bsky.social/post/3lt5hb2ad7c2v,bafyreiag74vkihwinvrkbdbrqzlzs3l6uup4nof3pekfrvfxflr6nul55q,"New on the GPRP Blog: Our Summer Blog Series! For the next eight weeks, @laurynking.bsky.social will be updating her work on the objectives and effects of the 2019 Title X rule change to reflect our current political context. This quick intro gives a sneak peak at what's coming soon. #reprosky",2025-07-04T14:28:15.993Z,2025-07-04T14:28:17.139Z,"""external=External(description='In 2019, the Trump administration made administrative rule changes to the Title X family planning program in an attempt to \u2018Defund Planned Parenthood.\u2019 This rule change had a serious impact on the acc...', title='Introducing Our Summer Blog Series', uri='https://blogs.gwu.edu/gwipp-genderpolicyresearchprogram/2025/07/04/introducing-our-summer-blog-series/', thumb=None, py_type='app.bsky.embed.external#external') py_type='app.bsky.embed.external'""",1,0,0,did:plc:6x2ljfrp5y4awwutlp7lak2r,gwipp-gender.bsky.social,Gender Policy Research Program,0,0,0,2024-12-06T19:42:10.745Z,,False,,False,"""[]""",2025-07-04T14:32:58.607141Z,Vrai,"[0.0020193213131278753, 0.9979806542396545]"
at://did:plc:oa3ldivdh7j2y6uuyz44m6kk/app.bsky.feed.post/3lt5haz45y22n,https://bsky.app/profile/grooft.bsky.social/post/3lt5haz45y22n,bafyreiaf5jxymgje624egsvg5oadz4nqommomw6qzlagpoutbdri45bdu4,Not half. 30%.  With a lot of low information voters and a lot of low-political-engagement non-voters.,2025-07-04T14:28:14.809Z,2025-07-04T14:28:15.040Z,{},0,0,0,did:plc:oa3ldivdh7j2y6uuyz44m6kk,grooft.bsky.social,,0,0,0,2023-12-09T02:46:17.017Z,,False,,False,"""[]""",2025-07-04T14:32:58.607157Z,Vrai,"[0.002802537754178047, 0.9971975088119507]"
at://did:plc:kl5v2vdw27sjevmvzmnda7is/app.bsky.feed.post/3lt5hapylvk27,https://bsky.app/profile/sergiopeirano.bsky.social/post/3lt5hapylvk27,bafyreihojypfsncrr3y6b2dswbtbjuuvvvbmhbkmbb47zx54e4svsojesm,"What an unbelievable thing to hear from a president.   His mindset operates under a political apartheid model.  If a president I vote for ever says those things, I would reject them.   I view them as disqualifying behavior for anyone holding public office.  No ifs, no buts.  That simple.",2025-07-04T14:28:05.255Z,2025-07-04T14:28:05.953Z,{},0,0,0,did:plc:kl5v2vdw27sjevmvzmnda7is,sergiopeirano.bsky.social,Sergio Peirano,0,0,0,2024-11-26T13:11:32.745Z,,False,,False,"""[]""",2025-07-04T14:32:58.607172Z,Vrai,"[0.1839078813791275, 0.8160920739173889]"
at://did:plc:wjq4dmhf7qi5hw5pyj3c2sav/app.bsky.feed.post/3lt5hakze7227,https://bsky.app/profile/bribleck.bsky.social/post/3lt5hakze7227,bafyreigyu5zvom4vgxrt4nbckayuzyx5b6dqgk2ckndpcpp3jvp5rcgng4,My view is that we should be neutral towards them but they shouldn’t have outsized political power,2025-07-04T14:28:00.037Z,2025-07-04T14:28:00.643Z,{},1,0,0,did:plc:wjq4dmhf7qi5hw5pyj3c2sav,bribleck.bsky.social,Bribleck,0,0,0,2023-09-29T15:05:02.339Z,,False,,False,"""[]""",2025-07-04T14:32:58.607186Z,Vrai,"[0.2549390196800232, 0.7450609803199768]"
at://did:plc:alr5bppy5gihru4xo5dzgz46/app.bsky.feed.post/3lt5h7tene224,https://bsky.app/profile/mamarchand.bsky.social/post/3lt5h7tene224,bafyreih52bphym7gg4gqu7imsbvxcum2rm5ohdfwwgjtslzayzhvt26dp4,"The @nytimes.com political coverage is clueless. They treat this like a normal story, without any mention of the potentially deadly aspects down the road, from healthcare removal to adding trillions more to the national debt. Who voted for this? www.nytimes.com/2025/07/04/u...",2025-07-04T14:27:35.222Z,2025-07-04T14:27:35.642Z,"""external=External(description='', title='How Republicans Re-engineered the Tax Code', uri='https://www.nytimes.com/2025/07/04/us/politics/republicans-tax-code-trump.html', thumb=BlobRef(mime_type='image/jpeg', size=785645, ref=IpldLink(link='bafkreig4b4akmdi6js5l5xdvhmdtcryp7jtkdcvaes47qccyrcasztb6aa'), py_type='blob'), py_type='app.bsky.embed.external#external') py_type='app.bsky.embed.external'""",0,0,0,did:plc:alr5bppy5gihru4xo5dzgz46,mamarchand.bsky.social,Mark Marchand,0,0,0,2024-11-16T14:16:52.774Z,,False,,False,"""[]""",2025-07-04T14:32:58.607362Z,Vrai,"[0.0032220431603491306, 0.9967779517173767]"
at://did:plc:xswvh6yuadwn2rkmdbm7swj4/app.bsky.feed.post/3lt5h7p2ndk2i,https://bsky.app/profile/littlejco.bsky.social/post/3lt5h7p2ndk2i,bafyreifyxx6soggojx6f7enc6yf5qsokxc7emmhegtydu2yrgl5hxtgguu,He’s too stupid to realize we’re not all democrats either!   He’s the enemy of our constitution and that is non-partisan!  America is not a political party!  He will figure it out too late.   We have to at least try for the next election and make sure they can’t cheat.  After that gloves are off!,2025-07-04T14:27:30.712Z,2025-07-04T14:27:34.038Z,"""images=[Image(alt='', image=BlobRef(mime_type='image/jpeg', size=940211, ref=IpldLink(link='bafkreie7owz2aigq5ez7jd6poaso33o2dmfbng2ryv3llk6jiriffh7o2q'), py_type='blob'), aspect_ratio=AspectRatio(height=2000, width=1850, py_type='app.bsky.embed.defs#aspectRatio'), py_type='app.bsky.embed.images#image'), Image(alt='', image=BlobRef(mime_type='image/jpeg', size=414522, ref=IpldLink(link='bafkreibrioa6psxqmtvorcikvjpidpvqtogdrjkmi65eg53attl4xzwrnq'), py_type='blob'), aspect_ratio=AspectRatio(height=1069, width=1174, py_type='app.bsky.embed.defs#aspectRatio'), py_type='app.bsky.embed.images#image')] py_type='app.bsky.embed.images'""",0,0,0,did:plc:xswvh6yuadwn2rkmdbm7swj4,littlejco.bsky.social,,0,0,0,2025-06-12T07:35:04.145Z,,False,,False,"""[]""",2025-07-04T14:32:58.607407Z,Faux,"[0.7417141795158386, 0.25828585028648376]"
at://did:plc:6tiusbgrjvksbmvoxpps6y4o/app.bsky.feed.post/3lt5h7hpqqc2g,https://bsky.app/profile/desertzeus8.bsky.social/post/3lt5h7hpqqc2g,bafyreieg4nzeydbucwj67kbkzs5ydgqxbemscm55mj22hvmeudldqb4xyy,NC House bill would allow elections board workers to be replaced with political hires ncnewsline.com/2025/06/26/n...,2025-07-04T14:27:23.021Z,2025-07-04T14:27:23.936Z,"""external=External(description='NC House Republicans unveiled election law legislation that would increase political jobs in the state elections office.', title='NC House bill would allow elections board workers to be replaced with political hires \u2022 NC Newsline', uri='https://ncnewsline.com/2025/06/26/nc-house-bill-would-allow-elections-board-workers-to-be-replaced-with-political-hires/', thumb=BlobRef(mime_type='image/jpeg', size=737903, ref=IpldLink(link='bafkreigihjronaecvwxo43amajfogwscaad7pbce36mrzjnulqzzquclta'), py_type='blob'), py_type='app.bsky.embed.external#external') py_type='app.bsky.embed.external'""",0,0,0,did:plc:6tiusbgrjvksbmvoxpps6y4o,desertzeus8.bsky.social,Thaddeus DeGroot,0,0,0,2024-03-18T13:47:56.931Z,,False,,False,"""[]""",2025-07-04T14:32:58.607439Z,Faux,"[0.9930242300033569, 0.006975765340030193]"
at://did:plc:46fiyexdgoqhdzng3hqmpzkz/app.bsky.feed.post/3lt5h7hatm62m,https://bsky.app/profile/ukpolitics.papernaut.co/post/3lt5h7hatm62m,bafyreif36fnwmdubrk37aps3sovvtj3uhvw5fykce36zylzuz6wnuemz2i,"BELFAST TELEGRAPH: Political leaders align with celebrity culture at Wimbledon, blurring the lines between governance and glamour while the public grapples with pressing issues.   - by Liam Tunney",2025-07-04T14:27:22.433083+00:00,2025-07-04T14:27:23.144Z,"""external=External(description='The Deputy First Minister and her husband rubbed shoulders with the stars as they enjoyed the tennis at Wimbledon this week.', title='Deputy First Minister and husband take in the tennis alongside Olivia Rodrigo, Thomas Tuchel and John Cena at Wimbledon', uri='https://www.belfasttelegraph.co.uk/sport/tennis/deputy-first-minister-and-husband-take-in-the-tennis-alongside-olivia-rodrigo-thomas-tuchel-and-john-cena-at-wimbledon/a1396317443.html', thumb=BlobRef(mime_type='image/jpeg', size=41235, ref=IpldLink(link='bafkreibxtveb5se2ll44kbvf7xx54xafw5sofwpzdrnpelcinc2lgfxoay'), py_type='blob'), py_type='app.bsky.embed.external#external') py_type='app.bsky.embed.external'""",0,0,0,did:plc:46fiyexdgoqhdzng3hqmpzkz,ukpolitics.papernaut.co,UK Politics News // Papernaut,0,0,0,2024-11-14T16:27:19.422Z,,False,,False,"""[]""",2025-07-04T14:32:58.607479Z,Vrai,"[0.0004765522025991231, 0.999523401260376]"
at://did:plc:jzsfowmxbxnaq6wnlguzhpdt/app.bsky.feed.post/3lt5h7gwbck2j,https://bsky.app/profile/cuetheclowns.bsky.social/post/3lt5h7gwbck2j,bafyreihiafcojakkxd5uno3ub474agn4xfwe4qzzsojskmix6qvcmckabi,"3. The GOP would have to do a 180° to show their support for their megalomaniacal leader and keep sucking up to him. 4. He’d piss off all the Republicans who voted FOR his bill, and against the needs of their constituents, making their yes votes an even bigger nail in their political coffins. 3/x",2025-07-04T14:27:22.187Z,2025-07-04T14:27:23.137Z,{},0,0,1,did:plc:jzsfowmxbxnaq6wnlguzhpdt,cuetheclowns.bsky.social,Facts Not Fakes,0,0,0,2024-11-14T23:20:20.535Z,,False,,False,"""[]""",2025-07-04T14:32:58.607497Z,Vrai,"[0.008952674455940723, 0.9910473227500916]"
at://did:plc:4p52ycymctmgnxuxfoesrcqx/app.bsky.feed.post/3lt5h7edvks2z,https://bsky.app/profile/cloudynatknit.bsky.social/post/3lt5h7edvks2z,bafyreieuk6sbot3qokos5ividjrwyvupofnp7lyzuqezzxtvlufpklo3hi,"I have a few friends that I've been wanting to ask: ""Does my political involvement or outspokenness make you nervous?"" I won't lie I'm a bit frustrated with their avoidance behavior right now.",2025-07-04T14:27:19.486Z,2025-07-04T14:27:21.038Z,{},0,0,0,did:plc:4p52ycymctmgnxuxfoesrcqx,cloudynatknit.bsky.social,Cloudynatknit,0,0,0,2024-11-14T13:06:36.079Z,,False,,False,"""[]""",2025-07-04T14:32:58.607511Z,Vrai,"[0.0032107490114867687, 0.9967893362045288]"
at://did:plc:wjq4dmhf7qi5hw5pyj3c2sav/app.bsky.feed.post/3lt5h7dgbd227,https://bsky.app/profile/bribleck.bsky.social/post/3lt5h7dgbd227,bafyreiduxy2yk4qerzaakydc5wy3lkb7qxs75ubfm54a4gxxjkinafonda,I think the larger problem is that our society has given outsized political power to angry rural whites. There’s a book about it … @paulwaldman.bsky.social,2025-07-04T14:27:18.516Z,2025-07-04T14:27:18.943Z,{},0,0,1,did:plc:wjq4dmhf7qi5hw5pyj3c2sav,bribleck.bsky.social,Bribleck,0,0,0,2023-09-29T15:05:02.339Z,,False,,False,"""[]""",2025-07-04T14:32:58.607526Z,Vrai,"[0.007810906041413546, 0.9921891689300537]"
at://did:plc:6a2okneoqtu2xybeh7lxlcvy/app.bsky.feed.post/3lt5h6zokpk25,https://bsky.app/profile/juanderfuljuans.bsky.social/post/3lt5h6zokpk25,bafyreif67qk7dbu4dctkk7lwzjkqppwojfnio6ujmobhkrb3wg6fria2ny,"Not wanting to receive a constant onslaught of terrible political news via social media does not mean a person is neglecting their responsibilities.  Some of you claim you're ""advocating"", but you do no real world work. You just fucking post. That isn't accomplishing anything.  Go touch grass.",2025-07-04T14:27:08.302Z,2025-07-04T14:27:07.743Z,{},0,0,1,did:plc:6a2okneoqtu2xybeh7lxlcvy,juanderfuljuans.bsky.social,JuanderfulJuans,0,0,0,2023-09-29T21:38:27.724Z,,False,,False,"""[]""",2025-07-04T14:32:58.607541Z,Vrai,"[0.0019710182677954435, 0.9980289340019226]"
at://did:plc:7vtygth6i3k5phfobisyhlly/app.bsky.feed.post/3lt5h6wua3k2m,https://bsky.app/profile/boof64.bsky.social/post/3lt5h6wua3k2m,bafyreifff76hzyirt6wrrjtq2l5fkurvwsbgkmhh36dn2cf3m4prck4tze,"Connolly encouraged people to burn hotels full of asylum seekers,in the middle of a riot.After she tweetedsome people tried to do exactly that.She pleaded guilty&is rightly in prison.   Bob Vylan led a political chant against a military org that is involved in genocide. These things are not the same",2025-07-04T14:27:05.333Z,2025-07-04T14:27:09.339Z,"""images=[Image(alt='', image=BlobRef(mime_type='image/jpeg', size=291418, ref=IpldLink(link='bafkreicgzym7xoudbfiudfmq356ntuwcoyd27hri5jzlbymfggpvdxygwm'), py_type='blob'), aspect_ratio=AspectRatio(height=1401, width=1120, py_type='app.bsky.embed.defs#aspectRatio'), py_type='app.bsky.embed.images#image')] py_type='app.bsky.embed.images'""",0,0,0,did:plc:7vtygth6i3k5phfobisyhlly,boof64.bsky.social,AnneMc #FBPE 🇺🇦🇺🇦,0,0,0,2024-11-14T17:07:57.221Z,,False,,False,"""[]""",2025-07-04T14:32:58.607666Z,Vrai,"[0.003997921012341976, 0.9960020184516907]"
at://did:plc:iszdqmq7cn6ek6ogqkfdwrtu/app.bsky.feed.post/3lt5h6rvgzs2b,https://bsky.app/profile/zas.bsky.social/post/3lt5h6rvgzs2b,bafyreial6yqaqvyfi5vfgwcyjeb65tvdvz4kksve4yxg6mfod3l3mcuooy,Some bad things are less bad than other things 🤷‍♂️ but ofc I’ll sign onto a categorical indictment of the field of political journalism.,2025-07-04T14:27:00.140Z,2025-07-04T14:27:00.743Z,{},1,0,0,did:plc:iszdqmq7cn6ek6ogqkfdwrtu,zas.bsky.social,Casaubon,0,0,0,2023-04-28T04:40:08.225Z,,False,,False,"""[]""",2025-07-04T14:32:58.607685Z,Vrai,"[0.0056639909744262695, 0.994335949420929]"
at://did:plc:m3yhj3ws4ju44zmcqboa5swm/app.bsky.feed.post/3lt5h6njqdc2b,https://bsky.app/profile/affablebutterfly.bsky.social/post/3lt5h6njqdc2b,bafyreicbdhk2bwnt4m2kmt3oqt45cevyfvc2yehaclb2qhx22cbditeeqa,"We can counter political disinformation by: • Prompt, public fact-checking by trusted, nonpartisan groups • Implementing stronger ethical standards with real consequences • Educating people to critically assess claims, verify sources, & recognize bias  Change won't come unless we demand it.",2025-07-04T14:26:55.562Z,2025-07-04T14:26:55.037Z,{},0,0,0,did:plc:m3yhj3ws4ju44zmcqboa5swm,affablebutterfly.bsky.social,,0,0,0,2025-01-09T18:30:34.244Z,,False,,False,"""[]""",2025-07-04T14:32:58.607701Z,Vrai,"[0.00582826416939497, 0.994171679019928]"
at://did:plc:7jpnapnitr6sxdu3vpf7vki6/app.bsky.feed.post/3lt5h5vgcrs2c,https://bsky.app/profile/alsopharmb.bsky.social/post/3lt5h5vgcrs2c,bafyreihx6dhaulkwfxxopsy6wzmi3oegnysuffa6kuostrnqnayuh5ysga,"Except now the die is cast - he has the bill to find his own SS - any peaceful protest will be crushed and his political rivals will be arrested or worse - once the violence inherent in the system is unmasked, peaceful protest will no longer be enough.",2025-07-04T14:26:30.284Z,2025-07-04T14:26:31.440Z,{},0,0,0,did:plc:7jpnapnitr6sxdu3vpf7vki6,alsopharmb.bsky.social,,0,0,0,2024-12-02T15:17:42.046Z,,False,,False,"""[]""",2025-07-04T14:32:58.607791Z,Vrai,"[0.004173245746642351, 0.995826780796051]"
at://did:plc:tpc42zt2y25vzh4a2djx5tvo/app.bsky.feed.post/3lt5h5qmlqo2l,https://bsky.app/profile/newshoundai.bsky.social/post/3lt5h5qmlqo2l,bafyreihx3yqaf2mstzmgq74f5qkaanbofn7hu2otepahkoh2oqv6cgwoca,"The situation escalated when incidents occurred involving workers from Maharashtra Navnirman Sena (MNS) allegedly assaulting individuals who were unaware of Marathi being mandatory. In response to these events, political figures emphasized the importance of respecting local languages and",2025-07-04T14:26:25.081273+00:00,2025-07-04T14:26:25.636Z,{},0,0,1,did:plc:tpc42zt2y25vzh4a2djx5tvo,newshoundai.bsky.social,NewshoundAI,0,0,0,2025-01-01T22:49:22.944Z,,False,,False,"""[]""",2025-07-04T14:32:58.607807Z,Vrai,"[0.0016720193671062589, 0.9983280301094055]"
at://did:plc:m4wsjq4ugdnosw3letp6ep5s/app.bsky.feed.post/3lt5h5jmiws2e,https://bsky.app/profile/johnnypunchclock.bsky.social/post/3lt5h5jmiws2e,bafyreihybud3zlnmj7jl5xmfqwqtqjgw7y3up4z4zagigpnafuejwzne7y,"You are increasing your material and political power while ensuring your employees’ power within the same system remains at a steady state or in decline. You are marshaling their labor power to your causes at the expense of theirs. At the very least, you are contributing to exploitation at scale.",2025-07-04T14:26:17.904Z,2025-07-04T14:26:18.340Z,{},0,0,0,did:plc:m4wsjq4ugdnosw3letp6ep5s,johnnypunchclock.bsky.social,Clockwatcher,0,0,0,2023-11-28T13:40:02.556Z,,False,,False,"""[]""",2025-07-04T14:32:58.607914Z,Vrai,"[0.004617928061634302, 0.9953820109367371]"
at://did:plc:7wzyyhlir6kuuvxygwirp3ug/app.bsky.feed.post/3lt5h5i47222l,https://bsky.app/profile/mikeygow.bsky.social/post/3lt5h5i47222l,bafyreif7i2pydqi5pe6745bpdidtflfqlyczmu2r7vzvbzdepbhsih3lme,"Don’t disagree on this, Dave. As I’ve said multiple times, Starmer needs to start listening.   But he can’t control what the Labour Party stands for. Unless MPs jump ship and we have a narrower political spectrum in Parliament.  As votes on benefits last week show.",2025-07-04T14:26:16.321Z,2025-07-04T14:26:17.242Z,{},0,0,1,did:plc:7wzyyhlir6kuuvxygwirp3ug,mikeygow.bsky.social,Mike Gow 高英智,0,0,0,2024-08-04T23:35:06.673Z,,False,,False,"""[]""",2025-07-04T14:32:58.607930Z,Vrai,"[0.021221254020929337, 0.9787787795066833]"
at://did:plc:tpc42zt2y25vzh4a2djx5tvo/app.bsky.feed.post/3lt5h5gtry62l,https://bsky.app/profile/newshoundai.bsky.social/post/3lt5h5gtry62l,bafyreiaxpj5trqdkyoiahmjgs4e2j3ohppilieaetasum22tublwqqn2rm,"political and cultural organizations, the government retracted that order and stated that students could choose any regional language instead.",2025-07-04T14:26:14.827829+00:00,2025-07-04T14:26:15.342Z,{},0,0,1,did:plc:tpc42zt2y25vzh4a2djx5tvo,newshoundai.bsky.social,NewshoundAI,0,0,0,2025-01-01T22:49:22.944Z,,False,,False,"""[]""",2025-07-04T14:32:58.607951Z,Vrai,"[0.15176913142204285, 0.8482308387756348]"
at://did:plc:gjbvbsgrlm7ellbr75zlgiqc/app.bsky.feed.post/3lt5h5fmztk2w,https://bsky.app/profile/saxonwaker.bsky.social/post/3lt5h5fmztk2w,bafyreietflqiccbkizo46mewhzj4tsunaf43zjdj4esiztbpcqe2wv7wj4,"Been reading how Soviets used secret police to deport people who were likely political opposition for a variety of reasons, including ethnicity.  Later, after years of repression and economic failure, that same Secret Police kept people IN.  Just in case you're wondering what ICE is really for.",2025-07-04T14:26:13.725Z,2025-07-04T14:26:14.545Z,{},0,0,0,did:plc:gjbvbsgrlm7ellbr75zlgiqc,saxonwaker.bsky.social,Saxon Walker,0,0,0,2023-11-20T18:04:47.948Z,,False,,False,"""[]""",2025-07-04T14:32:58.607967Z,Faux,"[0.6708959937095642, 0.3291040062904358]"
at://did:plc:ndg5zjw7gnvlyequwlby2dap/app.bsky.feed.post/3lt5h5dqffs2m,https://bsky.app/profile/rogerjbell.bsky.social/post/3lt5h5dqffs2m,bafyreidciyixx6jdwan47cibmdt4e2jdxzgewtrdaml4b6lsft5i6irzhy,"When all of your politicians are beholden to big money, their hands are tied. The absolute flaccidness of the Dems as a whole can be traced back to the money that supports them. Until USA fixes political funding rules and the lobby, they are screwed.",2025-07-04T14:26:11.739Z,2025-07-04T14:26:12.136Z,{},0,0,0,did:plc:ndg5zjw7gnvlyequwlby2dap,rogerjbell.bsky.social,JSFH🇨🇦,0,0,0,2024-11-11T04:55:42.881Z,,False,,False,"""[]""",2025-07-04T14:32:58.607982Z,Faux,"[0.9975501894950867, 0.002449854277074337]"
at://did:plc:yn75hmwkitdshnylue6d3grk/app.bsky.feed.post/3lt5h5ciba22d,https://bsky.app/profile/niedermeyer.online/post/3lt5h5ciba22d,bafyreihju52c33b5gf7pwec3to4cynoggukxhfz6k7bu4a3u3zq5gsbu6y,"It feels like a lifetime ago, but Elon literally endorsed Trump in August of last year. His entire political journey, from buying the election for Trump to breaking up with him, has taken place over like 10 months. One year ago today he still had the option of hanging onto a bit of bipartisan appeal",2025-07-04T14:26:10.424Z,2025-07-04T14:26:11.240Z,{},82,7,5,did:plc:yn75hmwkitdshnylue6d3grk,niedermeyer.online,e.w. niedermeyer,0,0,0,2023-04-27T18:59:53.979Z,,False,,False,"""[]""",2025-07-04T14:32:58.607997Z,Vrai,"[0.009569377638399601, 0.9904306530952454]"
at://did:plc:5o3gjgzilfnyra4nng74tvq2/app.bsky.feed.post/3lt5h5ftsn22c,https://bsky.app/profile/drwilliamsharp.bsky.social/post/3lt5h5ftsn22c,bafyreig4myyngdqjo2bjod55k4qgdcp24kpmwgtgw7bjwvl7vmjhzz6j54,"It creates a political atmosphere in which reality itself is effective, in which the world is described, not in accordance with the finite field of facts, but with the infinitely malleable stuff of fantasies and wishes“ p122 – Cohen(2024) All the Rage: Why anger drives the world",2025-07-04T14:26:09.367Z,2025-07-04T14:26:16.055Z,"""external=External(description='ALT: a man in a top hat says \"" in a world of pure imagination \"" in front of a crowd', title='a man in a top hat says \"" in a world of pure imagination \"" in front of a crowd', uri='https://media.tenor.com/1afM2qT0HaUAAAAC/in-a-world-of-pure-imagination-willy-wonka-and-the-chocolate-factory.gif?hh=280&ww=498', thumb=BlobRef(mime_type='image/jpeg', size=166489, ref=IpldLink(link='bafkreidk5yjc3chy5zwoy5umgzpuzw2zslpirscz3zk2zmlbfv2vj352lq'), py_type='blob'), py_type='app.bsky.embed.external#external') py_type='app.bsky.embed.external'""",0,0,0,did:plc:5o3gjgzilfnyra4nng74tvq2,drwilliamsharp.bsky.social,Professor William Sharp,0,0,0,2024-12-13T01:15:42.042Z,,False,,False,"""[]""",2025-07-04T14:32:58.608036Z,Vrai,"[0.0031474062707275152, 0.9968525767326355]"
at://did:plc:5o3gjgzilfnyra4nng74tvq2/app.bsky.feed.post/3lt5h5bi6uc2c,https://bsky.app/profile/drwilliamsharp.bsky.social/post/3lt5h5bi6uc2c,bafyreieqxayv25npcslw2i3kzhvztgcd6af32tsu2om2izc5o2dzm7eira,"“Mass rage is dispersed, a floating resource liable to capture by the highest bitter, for whom it serves as an endlessly, renewable reserve of political capital… p 122 – Cohen, Josh (2024) All the Rage: Why anger drives the world",2025-07-04T14:26:09.366Z,2025-07-04T14:26:16.038Z,"""images=[Image(alt='', image=BlobRef(mime_type='image/jpeg', size=995736, ref=IpldLink(link='bafkreieqrb7xbvppilb73bg2an6cuyjdlmqrln7s43lsbot434q7gxaay4'), py_type='blob'), aspect_ratio=AspectRatio(height=2000, width=1500, py_type='app.bsky.embed.defs#aspectRatio'), py_type='app.bsky.embed.images#image')] py_type='app.bsky.embed.images'""",0,0,1,did:plc:5o3gjgzilfnyra4nng74tvq2,drwilliamsharp.bsky.social,Professor William Sharp,0,0,0,2024-12-13T01:15:42.042Z,,False,,False,"""[]""",2025-07-04T14:32:58.608076Z,Vrai,"[0.007203943561762571, 0.992796003818512]"
at://did:plc:rnkvxivg2cfxyycg3n6klwql/app.bsky.feed.post/3lt5h3wugac2j,https://bsky.app/profile/atticus59914029.bsky.social/post/3lt5h3wugac2j,bafyreibctu4ahye5j5gv6pmgrahpuf3px2rwimyoj4e56iggpotnxxai6m,I did not know they were political.,2025-07-04T14:25:24.686Z,2025-07-04T14:25:25.137Z,{},0,0,1,did:plc:rnkvxivg2cfxyycg3n6klwql,atticus59914029.bsky.social,Atticus Finch (of Georgia),0,0,0,2023-09-19T18:44:26.771Z,,False,,False,"""[]""",2025-07-04T14:32:58.608210Z,Faux,"[0.9467642903327942, 0.0532357394695282]"
at://did:plc:pmspf7qithhkpn24wlvid57s/app.bsky.feed.post/3lt5h3oqhus2i,https://bsky.app/profile/flashn00b.bsky.social/post/3lt5h3oqhus2i,bafyreicffor5i6ru37i3uauj3wkkmvsnat5fwa33he2jm3hmns55a3cjdm,"Unsure what their political views are, but I think it's p clear that Barron has no interest in US politics.  Either way, I don't think any of said sons will be around to claim his spot on the throne  When Trump dies of old age, his dynasty dies with him with no one to inherit the country.",2025-07-04T14:25:16.168Z,2025-07-04T14:25:17.443Z,{},0,0,0,did:plc:pmspf7qithhkpn24wlvid57s,flashn00b.bsky.social,flashn00b,0,0,0,2023-09-30T00:08:06.261Z,,False,,False,"""[]""",2025-07-04T14:32:58.608234Z,Vrai,"[0.0038174919318407774, 0.9961825013160706]"
at://did:plc:zyft24a5s4l7fo4bfmokisco/app.bsky.feed.post/3lt5h3mhtnv2b,https://bsky.app/profile/htownsports.bsky.social/post/3lt5h3mhtnv2b,bafyreia2fteolabwwqo55dymocazv545aiuhy3bpk6nputs2gex3h3f2ua,"I am a progressive independent. I am deeply opposed to the current tide of political events in the US. But after the passage of the BBB, I decided to focus my social media activities on sports.",2025-07-04T14:25:13.787Z,2025-07-04T14:25:14.340Z,{},0,0,0,did:plc:zyft24a5s4l7fo4bfmokisco,htownsports.bsky.social,H-Town Sports,0,0,0,2025-07-04T13:24:38.331Z,,False,,False,"""[]""",2025-07-04T14:32:58.608251Z,Vrai,"[0.0008678577723912895, 0.9991322159767151]"
at://did:plc:m6ozymgstnvojmbc5kjjneni/app.bsky.feed.post/3lt5h3lwkwc2i,https://bsky.app/profile/richardvallee.bsky.social/post/3lt5h3lwkwc2i,bafyreiftociclllwsmxkn6mh43tm5yh2cl6z7v2pvwb4u22baeltlvojha,"Looking at this as a political market, a sort of democracy equivalent, we have no representatives, very little funding, no lobbying, no influence, not even a seat at the table, and our voting power is completely diluted.  Explains a lot. When we're not at the table, we're on the menu.",2025-07-04T14:25:13.129Z,2025-07-04T14:25:13.363Z,{},0,0,0,did:plc:m6ozymgstnvojmbc5kjjneni,richardvallee.bsky.social,Richard Vallée,0,0,0,2023-10-18T21:04:28.330Z,,False,,False,"""[]""",2025-07-04T14:32:58.608266Z,Vrai,"[0.017128877341747284, 0.9828710556030273]"
at://did:plc:m6ozymgstnvojmbc5kjjneni/app.bsky.feed.post/3lt5h3ltp4s2i,https://bsky.app/profile/richardvallee.bsky.social/post/3lt5h3ltp4s2i,bafyreigdqsdzdlxmgkexubrhnewimjeogquypm4l2b5tdhgkl4xxieukom,"Unfortunately true everywhere. There is no political structure that represents patients or defends our rights.  Instead we are pitted in the grand arena of politics, where no one and nothing represents us.  Lots of professionals try their best, but the systems work in secret, behind closed doors.",2025-07-04T14:25:13.128Z,2025-07-04T14:25:13.337Z,{},0,0,1,did:plc:m6ozymgstnvojmbc5kjjneni,richardvallee.bsky.social,Richard Vallée,0,0,0,2023-10-18T21:04:28.330Z,,False,,False,"""[]""",2025-07-04T14:32:58.608281Z,Vrai,"[0.013904863968491554, 0.9860951900482178]"
at://did:plc:6eenuoeq46l7pu73g6nye4j2/app.bsky.feed.post/3lt5h3f22bs27,https://bsky.app/profile/dave0953.bsky.social/post/3lt5h3f22bs27,bafyreia6u57sa2fch7s7qprrhf64kalcefcrrre2g5f3jb6q3cldsezgty,Plan A is to seize all political power (almost complete). Plan A1 is to maintain power at whatever the cost.  It appears that Americans plans are to simply watch and let them do it.,2025-07-04T14:25:05.996Z,2025-07-04T14:25:06.348Z,{},0,0,0,did:plc:6eenuoeq46l7pu73g6nye4j2,dave0953.bsky.social,,0,0,0,2024-11-15T22:50:44.330Z,,False,,False,"""[]""",2025-07-04T14:32:58.608300Z,Vrai,"[0.013598366640508175, 0.9864016175270081]"
at://did:plc:xm3uzhblg2qqezirek43wded/app.bsky.feed.post/3lt5h4f7nuq2h,https://bsky.app/profile/milonews.bsky.social/post/3lt5h4f7nuq2h,bafyreih3b46sfx2prnavvbv5moyh3tobc7nzc2l67tg4zwm6tgiw72q4re,"The implications for Gladkov's political future are concerning. Associating criticism with extremism may backfire, prompting public dissent. The involvement of elite figures like Abramovich suggests deeper rifts and power struggles within Russian politics that could affect governance.  (4/5)",2025-07-04T14:25:00.222Z,2025-07-04T14:25:39.936Z,{},0,0,1,did:plc:xm3uzhblg2qqezirek43wded,milonews.bsky.social,Inside Russia,0,0,0,2024-12-22T11:51:52.042Z,,False,,False,"""[]""",2025-07-04T14:32:58.608314Z,Vrai,"[0.0007195991347543895, 0.9992803931236267]"
at://did:plc:xm3uzhblg2qqezirek43wded/app.bsky.feed.post/3lt5h3mbtry2e,https://bsky.app/profile/milonews.bsky.social/post/3lt5h3mbtry2e,bafyreieke2aiyew4kmmc6f5fse6c3r6jqyjjq3cgqjhg3ezsmr5vphsxve,"Governor Vyacheslav Gladkov faces scrutiny in the Belgorod region, with criticism now branded as extremism. His PR team is pushing a narrative that seeks to frame him as a victim in a political struggle. This situation highlights potential shifts in regional governance.  (2/5)",2025-07-04T14:25:00.222Z,2025-07-04T14:25:13.738Z,{},0,0,1,did:plc:xm3uzhblg2qqezirek43wded,milonews.bsky.social,Inside Russia,0,0,0,2024-12-22T11:51:52.042Z,,False,,False,"""[]""",2025-07-04T14:32:58.608329Z,Vrai,"[0.002105830470100045, 0.9978942275047302]"
at://did:plc:6gfps4cww67kvu32rzcst3xt/app.bsky.feed.post/3lt5h36zwt22p,https://bsky.app/profile/artlatl1.bsky.social/post/3lt5h36zwt22p,bafyreidbsfolr6u4iqwutkpsjjuyhzvj7jguo5zkslykfdvi2o7rpxksnq,"It wasn't Trump. It was Vladimir Putin who *is* a strategic genius & smart enough to make it look like an American implosion, despite it being a Inter-content-political missile strike.  This will go down as the singular most skillful political warfare campaign in the history of western civilization.",2025-07-04T14:24:59.700Z,2025-07-04T14:24:59.940Z,"""record=Main(cid='bafyreihpoa5djbbmuktdbcv3x2pb3hwadbw6egxlrsetri4kb7k3nhu6ei', uri='at://did:plc:ux34natbhxube3xgdu3rhf45/app.bsky.feed.post/3lt3mtugvz22l', py_type='com.atproto.repo.strongRef') py_type='app.bsky.embed.record'""",0,0,0,did:plc:6gfps4cww67kvu32rzcst3xt,artlatl1.bsky.social,Artlatl,0,0,0,2024-11-13T15:31:04.378Z,,False,,False,"""[]""",2025-07-04T14:32:58.608359Z,Vrai,"[0.0954657644033432, 0.9045342206954956]"
at://did:plc:wn2yicrpzq66hutotz3izkcs/app.bsky.feed.post/3lt5h33yfq22q,https://bsky.app/profile/ocvc.bsky.social/post/3lt5h33yfq22q,bafyreifmt45ohful24qvq7cincni3tuz5rrf7ctrmpnunllmaxt5gnvdni,Our two political parties have never really helped the people of this country. They have all the perks and we do all the work. I’m voting for all Independent candidates like this young man. Tired of the same ole crap.,2025-07-04T14:24:56.505Z,2025-07-04T14:24:56.837Z,{},0,0,0,did:plc:wn2yicrpzq66hutotz3izkcs,ocvc.bsky.social,Flaguy,0,0,0,2025-04-20T16:36:27.173Z,,False,,False,"""[]""",2025-07-04T14:32:58.608375Z,Faux,"[0.8550516366958618, 0.14494839310646057]"
at://did:plc:cixgmtrg7nzy4gkmyfeosaox/app.bsky.feed.post/3lt5h32xzls27,https://bsky.app/profile/robertsaunders.bsky.social/post/3lt5h32xzls27,bafyreifateyh5n3idubcbtsp7ldo5dvtns6fesmmgnfd55rcenhp6jpfpq,"The Victorians made great hay with the dual meaning of ""constitution"" to refer to one's bodily constitution & the political constitution.  Here,Dr Gladstone & Dr Disraeli argue whether the latter's ""Indian tonic"" (using Indian troops without asking parliament) was safe for John Bull's ""constitution""",2025-07-04T14:24:55.438Z,2025-07-04T14:25:00.842Z,"""images=[Image(alt='', image=BlobRef(mime_type='image/jpeg', size=203845, ref=IpldLink(link='bafkreigc2b5tff5v5tgw4bl24wumw6iseddrtij7z7zdwxupaaxe4ymqk4'), py_type='blob'), aspect_ratio=AspectRatio(height=469, width=600, py_type='app.bsky.embed.defs#aspectRatio'), py_type='app.bsky.embed.images#image')] py_type='app.bsky.embed.images'""",1,0,0,did:plc:cixgmtrg7nzy4gkmyfeosaox,robertsaunders.bsky.social,Robert Saunders,0,0,0,2024-11-03T09:27:17.080Z,,False,,False,"""[]""",2025-07-04T14:32:58.608417Z,Vrai,"[0.004112971480935812, 0.9958869814872742]"
at://did:plc:axm3asd454cqsb2a533ixphj/app.bsky.feed.post/3lt5h2thdh22d,https://bsky.app/profile/georgecantor.bsky.social/post/3lt5h2thdh22d,bafyreiermixjazyxgbx32y2jsspww45ku5bw5l6ahjjeh6gdkvhnrtyfxa,Starmer is a man who believes in nothing and has achieved nothing. His only consistent political view has been that he’d quite like to be prime minister. Now he’s like the dog that caught the car. He has no idea what to do’He is breaking records for unpopularity…- Tom Slater on Sky News Australia😂,2025-07-04T14:24:47.556Z,2025-07-04T14:24:47.641Z,{},0,0,0,did:plc:axm3asd454cqsb2a533ixphj,georgecantor.bsky.social,Luis Miguel Villegas Silva,0,0,0,2024-09-19T19:50:08.908Z,,False,,False,"""[]""",2025-07-04T14:32:58.608433Z,Vrai,"[0.0004904462839476764, 0.9995095729827881]"
at://did:plc:hyum4qa6okbeay7mg5s2gdzu/app.bsky.feed.post/3lt5h2ooslk2r,https://bsky.app/profile/danbraun93.bsky.social/post/3lt5h2ooslk2r,bafyreidv4t5uebdb2jvx34qwp2gkr7dkdcgtefa5qyuol4ks4wu5ap2n7q,"I was told last night by someone, in spite of clearly being on the same left-leaning side of the political fence, I should be deported by ICE. (Never mind as well that I’m a third-generation American.)  This platform is a deeply weird place sometimes.",2025-07-04T14:24:42.558Z,2025-07-04T14:24:43.138Z,{},0,0,0,did:plc:hyum4qa6okbeay7mg5s2gdzu,danbraun93.bsky.social,,0,0,0,2024-12-01T01:48:40.146Z,,False,,False,"""[]""",2025-07-04T14:32:58.608529Z,Vrai,"[0.005733567755669355, 0.9942664504051208]"
at://did:plc:fnz3rv7pm2qda3fxv2ofmuid/app.bsky.feed.post/3lt5h2bludk2h,https://bsky.app/profile/jennsamuelson.bsky.social/post/3lt5h2bludk2h,bafyreieeko6h3rn3vhqefq6yfdlblxwiygbwi3uuysmo4s6skzmfy2t6li,I have the book of faces— share a political opinion article or something from “Hawk” or Heather Cox Richardson— but do not read the feed.   The feed causes #feedpoisoning if I might be a tag creator. (But I am certain the tag exists for that.),2025-07-04T14:24:28.830Z,2025-07-04T14:24:29.439Z,{},1,0,1,did:plc:fnz3rv7pm2qda3fxv2ofmuid,jennsamuelson.bsky.social,JennyS (Nife),0,0,0,2025-01-23T03:45:35.743Z,,False,,False,"""[]""",2025-07-04T14:32:58.608547Z,Faux,"[0.9649682641029358, 0.03503178060054779]"
at://did:plc:5bnbgj7gwebt6hhub4pa5c7n/app.bsky.feed.post/3lt5gzwt53k2j,https://bsky.app/profile/noupside.bsky.social/post/3lt5gzwt53k2j,bafyreifvej77sjtwpkykbp6af3vj7iujhtysxoaw32onogxmg2nof2xdxq,"When my report on Russian interference for the Senate intelligence committee came out in 2018, they made a big deal of my one political donation to Hillary Clinton in the 2015 primary then too. “Clintonite operative” etc etc. One-trick ponies.",2025-07-04T14:24:17.535Z,2025-07-04T14:24:17.738Z,{},1,0,0,did:plc:5bnbgj7gwebt6hhub4pa5c7n,noupside.bsky.social,Renee DiResta,0,0,0,2023-03-19T20:37:20.460Z,,False,,False,"""[]""",2025-07-04T14:32:58.608563Z,Faux,"[0.9898465275764465, 0.01015349943190813]"
at://did:plc:27iteuelsbitz5i27xnsotyk/app.bsky.feed.post/3lt5gzjr35s25,https://bsky.app/profile/or7f.bsky.social/post/3lt5gzjr35s25,bafyreid2iobcpwrpxhwwoyefjmuiffhmfuhpnb6omwbjjffovjyr6d6lue,Do your corgi’s have any political insight?,2025-07-04T14:24:03.836Z,2025-07-04T14:24:05.038Z,{},0,0,0,did:plc:27iteuelsbitz5i27xnsotyk,or7f.bsky.social,,0,0,0,2024-11-30T17:33:34.747Z,,False,,False,"""[]""",2025-07-04T14:32:58.608641Z,Vrai,"[0.01930643990635872, 0.9806936383247375]"
at://did:plc:cmh2kjwnexuzaule2xhijeyy/app.bsky.feed.post/3lt5gzhfeck2d,https://bsky.app/profile/shrimpero3.bsky.social/post/3lt5gzhfeck2d,bafyreihpszxmx33n3diht22dw2wbyq6reirzor5cga2lvmlnbw3t2rq3ny,There goes her political  career teamed up with a renowned loser,2025-07-04T14:24:01.354Z,2025-07-04T14:24:03.642Z,{},0,0,0,did:plc:cmh2kjwnexuzaule2xhijeyy,shrimpero3.bsky.social,,0,0,0,2024-11-15T22:57:18.131Z,,False,,False,"""[]""",2025-07-04T14:32:58.609046Z,Vrai,"[0.006893763318657875, 0.9931063055992126]"
at://did:plc:6ltm6lx7vcjsr37yxvnqusen/app.bsky.feed.post/3lt5gzaqhsk2k,https://bsky.app/profile/mastermastermnd.bsky.social/post/3lt5gzaqhsk2k,bafyreieby36vuqyox4vrhse62gyznw7nnjcg5wxririxit5cfxirrya7sq,"Or at least check out the opening of the theatrical cut and see Richard Kelly outline how the ""strategy of tension"" translates into massive political and cultural victories for insane reactionary fascists in record time!",2025-07-04T14:23:54.366Z,2025-07-04T14:23:58.435Z,"""images=[Image(alt='From the hyper-segmented opening of the film, where Kelly presages our addiction to screens within screens.', image=BlobRef(mime_type='image/jpeg', size=484152, ref=IpldLink(link='bafkreihoqvti7pzlak4q4tqwgqjwc5mmb3ykdvoemegxxfvza2bin6vmxm'), py_type='blob'), aspect_ratio=AspectRatio(height=533, width=1280, py_type='app.bsky.embed.defs#aspectRatio'), py_type='app.bsky.embed.images#image')] py_type='app.bsky.embed.images'""",0,0,0,did:plc:6ltm6lx7vcjsr37yxvnqusen,mastermastermnd.bsky.social,Andrew Cook,0,0,0,2023-06-29T14:13:44.036Z,,False,,False,"""[]""",2025-07-04T14:32:58.609154Z,Vrai,"[0.07901092618703842, 0.9209890961647034]"
at://did:plc:p2trw6vz3wdn6cohme5lsdlw/app.bsky.feed.post/3lt5gyydkdk2n,https://bsky.app/profile/ncwnick.bsky.social/post/3lt5gyydkdk2n,bafyreicroqsezmtcmkoupbs6ee36s7mlndeixshlp5furw7hzpk2gh35hq,It’s what happens when #ai starts composing political documentation,2025-07-04T14:23:45.566Z,2025-07-04T14:23:45.935Z,"""record=Main(cid='bafyreifeowinlolscmgjkiyg63fnw7fv7i7t7c4zm4puqyeesray7ncrji', uri='at://did:plc:qougpda3f2sgfyco7qllxoeu/app.bsky.feed.post/3lt5gw2kcif2g', py_type='com.atproto.repo.strongRef') py_type='app.bsky.embed.record'""",0,0,0,did:plc:p2trw6vz3wdn6cohme5lsdlw,ncwnick.bsky.social,Nick Newman,0,0,0,2024-11-14T23:34:17.134Z,,False,,False,"""[]""",2025-07-04T14:32:58.609213Z,Faux,"[0.8004815578460693, 0.19951850175857544]"
at://did:plc:hm5zlcshu6mbwb7ch35id2hj/app.bsky.feed.post/3lt5gyf4ug22i,https://bsky.app/profile/lekkerdog.bsky.social/post/3lt5gyf4ug22i,bafyreigi3gdhpzcwrbjpruelp7x47quzkvl73eqsqhgvtecq7zjwardr5q,"A very interesting talk about the underpinnings of the current political situation in the US, but this applies everywhere. Bottom line: Opposing tendencies to either believe some people are inherently better than others, or to believe *all* people have equal inherent value.",2025-07-04T14:23:25.424Z,2025-07-04T14:23:29.434Z,"""external=External(description='YouTube video by Heather Cox Richardson', title='The MAGA Ideology That Brought Us to This Moment', uri='https://youtu.be/jIonrnzj_BU?si=gDMJLgvwZFI_E6yA', thumb=BlobRef(mime_type='image/jpeg', size=724696, ref=IpldLink(link='bafkreifunmidtiuf5s722zlvp2i4vqtxrgyfccgxsnoox2p72dirpd423q'), py_type='blob'), py_type='app.bsky.embed.external#external') py_type='app.bsky.embed.external'""",0,0,0,did:plc:hm5zlcshu6mbwb7ch35id2hj,lekkerdog.bsky.social,Lekkerdog 🇨🇦,0,0,0,2025-03-06T16:42:51.045Z,,False,,False,"""[]""",2025-07-04T14:32:58.609426Z,Vrai,"[0.0018429075134918094, 0.9981570839881897]"
at://did:plc:mlxnxzdaczb4unzvi4njn5cx/app.bsky.feed.post/3lt5gya74ks2c,https://bsky.app/profile/hyrule42.bsky.social/post/3lt5gya74ks2c,bafyreih2f4ly2vuf2vroo5hee3c3uivmsmntecq3agxxpne47iuntdjf6m,lol… trust me broh… we are listening to your conservative media and every word that comes out of your Kings mouth. FYI: Harvard giving free classed on political science. Educate yourself and Sign up!,2025-07-04T14:23:20.255Z,2025-07-04T14:23:20.737Z,{},0,0,0,did:plc:mlxnxzdaczb4unzvi4njn5cx,hyrule42.bsky.social,Hyrule42,0,0,0,2024-11-17T15:00:02.646Z,,False,,False,"""[]""",2025-07-04T14:32:58.609450Z,Vrai,"[0.0007683064904995263, 0.9992316961288452]"
at://did:plc:m2ssie63g23r32lvpxumgjau/app.bsky.feed.post/3lt5gxydmpk2a,https://bsky.app/profile/humanrightsindex.bsky.social/post/3lt5gxydmpk2a,bafyreigy3sfb7fnw7yijaxifgeiywmd5ftutwgpkkickrd665gbbfucynu,Stars and stripes behind the bars. Freedom feels far away.💔🇺🇲  #4thofJuly,2025-07-04T14:23:11.983Z,2025-07-04T14:23:16.844Z,"""images=[Image(alt='A political cartoon shows Uncle Sam sitting alone and dejected on a prison bed inside a jail cell. The walls are covered in tally marks indicating many days passed. A small barred window is above him. On the floor by the locked metal door lies a paper that reads \u201cHAPPY INDEPENDENCE DAY!\u201d The cartoon is signed \u201cBennett, Chattanooga Times Free Press.\u201d', image=BlobRef(mime_type='image/jpeg', size=285874, ref=IpldLink(link='bafkreibum2e2nghx35zmsy3fvkfhcrznqlgi2muhd2gqtbbr47ywhdl57e'), py_type='blob'), aspect_ratio=AspectRatio(height=1342, width=2000, py_type='app.bsky.embed.defs#aspectRatio'), py_type='app.bsky.embed.images#image')] py_type='app.bsky.embed.images'""",29,5,0,did:plc:m2ssie63g23r32lvpxumgjau,humanrightsindex.bsky.social,Human Rights Index 💙,0,0,0,2025-01-13T19:15:09.743Z,,False,,False,"""[]""",2025-07-04T14:32:58.609691Z,Vrai,"[0.0016959168715402484, 0.998304009437561]"
at://did:plc:7iywgqdeaupb7x37icv447ju/app.bsky.feed.post/3lt5gxxs64k2e,https://bsky.app/profile/sweatband09.bsky.social/post/3lt5gxxs64k2e,bafyreibolcsfsxoswcmdjztxwoe2gdpy5u5jcdtmy25i3jjpq4w7ujjgle,"Two things can be true! The reason we are in this mess is the Republican Party, AND Chuck Schumer has been a subpar Sen. Majority/Minority leader. I agree that the personal attacks are over the top, but seriously what has Schumer ever done to warrant our political loyalty?",2025-07-04T14:23:11.443Z,2025-07-04T14:23:12.040Z,{},0,0,0,did:plc:7iywgqdeaupb7x37icv447ju,sweatband09.bsky.social,Grombley,0,0,0,2024-11-20T20:53:09.296Z,,False,,False,"""[]""",2025-07-04T14:32:58.609711Z,Vrai,"[0.0015569437528029084, 0.998443067073822]"
at://did:plc:76xitoxcwwjfqm7ecmcstd4n/app.bsky.feed.post/3lt5gxsh5hk2m,https://bsky.app/profile/larazjmd.bsky.social/post/3lt5gxsh5hk2m,bafyreiglhq47ntfipq66di7nfpptz6yfip5mjckatuzfd7vmv2ankxi2ky,"“Are the great principles of political freedom and of natural justice, embodied in that Declaration of Independence, extended to us?” Fredrick Douglas asked in his iconic 1852 address. This 4th of July, many ask this same question. The answer is up to all of us.  www.commondreams.org/opinion/4th-...",2025-07-04T14:23:05.838Z,2025-07-04T14:23:08.734Z,"""external=External(description='For me, it is hard to separate the explosions lighting our night sky from over 600 days of explosions, also funded by our tax dollars, setting alight universities, hospitals, tents, and children in Ga...', title='What to the Arab-American and the Child of Immigrants Is the Fourth of July? | Common Dreams', uri='https://www.commondreams.org/opinion/4th-of-july-immigrants', thumb=BlobRef(mime_type='image/jpeg', size=868774, ref=IpldLink(link='bafkreifytftz7uf5krvgnifpmfd6ncaarsb5wz6xxtly434rwjs6fxyepy'), py_type='blob'), py_type='app.bsky.embed.external#external') py_type='app.bsky.embed.external'""",0,0,0,did:plc:76xitoxcwwjfqm7ecmcstd4n,larazjmd.bsky.social,"Lara Jirmanus, MD, MPH",0,0,0,2024-11-24T23:04:19.745Z,,False,,False,"""[]""",2025-07-04T14:32:58.610077Z,Vrai,"[0.0009906343184411526, 0.999009370803833]"
at://did:plc:26ibf3ubatm3xjihn2fb7n2c/app.bsky.feed.post/3lt5gxdpycs2t,https://bsky.app/profile/theungovernable.bsky.social/post/3lt5gxdpycs2t,bafyreiarkh6ym7pshic33yrmsacrfe4ogpkrpddvyocb4uthhynwntadyy,"You're welcome to have your own perspective, but respectfully, you do not understand how political evolution & transformation occur. You seem to think it's an instantaneous, linear process - that's magical thinking at its best and useless provocation at its worst. True change agents don't act like u",2025-07-04T14:22:50.395Z,2025-07-04T14:22:51.242Z,{},0,0,0,did:plc:26ibf3ubatm3xjihn2fb7n2c,theungovernable.bsky.social,,0,0,0,2024-11-10T15:26:24.780Z,,False,,False,"""[]""",2025-07-04T14:32:58.610128Z,Vrai,"[0.26734188199043274, 0.7326581478118896]"
at://did:plc:vjeh6w4btzqcv5nmyrde4xjr/app.bsky.feed.post/3lt5gxcpzu22b,https://bsky.app/profile/off-man.bsky.social/post/3lt5gxcpzu22b,bafyreic3f4ftxudc2sjzhsdw2xlctg7b7sqyovi62uulygidwz7z5zagyu,A great video that all Americans should watch to understand how manipulated and crooked their political system really is and why their votes will never change anything nd just serve the interests of the political elites that couldn't care less about the people except for their votes...,2025-07-04T14:22:49.353Z,2025-07-04T14:23:00.842Z,"""external=External(description='YouTube video by Jay Foreman', title='Weird maps win elections - Gerrymandering explained', uri='https://youtu.be/cwBslntC3xg?si=UVKpUQB3br5Ry2b4', thumb=BlobRef(mime_type='image/jpeg', size=962038, ref=IpldLink(link='bafkreicgmi7op2bi4x525kj4llk3e5k2egp4bhdwblgodyqf35htxdwgea'), py_type='blob'), py_type='app.bsky.embed.external#external') py_type='app.bsky.embed.external'""",0,0,0,did:plc:vjeh6w4btzqcv5nmyrde4xjr,off-man.bsky.social,Paulo Hoffman,0,0,0,2024-12-02T13:19:17.546Z,,False,,False,"""[]""",2025-07-04T14:32:58.610209Z,Vrai,"[0.04524596408009529, 0.9547539949417114]"
at://did:plc:tgfouerai3w4qga7nkrmtcem/app.bsky.feed.post/3lt5gwvlit22z,https://bsky.app/profile/abbyolcese.bsky.social/post/3lt5gwvlit22z,bafyreied6e7fjp74cqsjfrg7wqx236geykswnhhft2u7dbntpk34bsurom,"I'm just saying, if a political candidate's mom was a celebrated filmmaker whose whole thing was telling stories related to her family's complex identity, and a story came up ABOUT THAT identity, before platforming a eugenicist I might...watch her best-known movie?",2025-07-04T14:22:35.573Z,2025-07-04T14:22:35.844Z,{},6,3,0,did:plc:tgfouerai3w4qga7nkrmtcem,abbyolcese.bsky.social,Abby Olcese,0,0,0,2023-06-20T14:41:39.824Z,,False,,False,"""[]""",2025-07-04T14:32:59.166765Z,Vrai,"[0.07441229373216629, 0.9255877137184143]"
at://did:plc:shtvw2rudd3adswyzr342bcf/app.bsky.feed.post/3lt5gwuk6g22a,https://bsky.app/profile/robynjm.bsky.social/post/3lt5gwuk6g22a,bafyreicrl5kzdixkn55gmftzbj72l5uzlidu6nmcjxfseybfrg3zziumcy,We need to ask ourselves why these issues that have super majority support of the voters are sabotaged by the plutocrats who own both political parties.,2025-07-04T14:22:34.475Z,2025-07-04T14:22:37.243Z,"""images=[Image(alt='', image=BlobRef(mime_type='image/jpeg', size=282164, ref=IpldLink(link='bafkreidcxhjzin7fzr5xntvbb3lks733xtds33kkpmffxeo23a3wpodugu'), py_type='blob'), aspect_ratio=AspectRatio(height=637, width=1179, py_type='app.bsky.embed.defs#aspectRatio'), py_type='app.bsky.embed.images#image')] py_type='app.bsky.embed.images'""",0,0,0,did:plc:shtvw2rudd3adswyzr342bcf,robynjm.bsky.social,Robyn Morrison,0,0,0,2025-06-30T21:29:51.832Z,,False,,False,"""[]""",2025-07-04T14:32:59.166826Z,Vrai,"[0.004591648932546377, 0.9954083561897278]"
at://did:plc:yn75hmwkitdshnylue6d3grk/app.bsky.feed.post/3lt5gwtfcq22d,https://bsky.app/profile/niedermeyer.online/post/3lt5gwtfcq22d,bafyreiecuajcmaeug2spuokrcnmfznrx7a53lkzadzdk4y3xv2b22pjoee,"The Elon Musk mythology is anchored in a time when the guy was one of very few public figures who was able to appeal across the widening culture war divide.   Now he's the guy who managed to make both sides loathe him in a single year of political engagement.  He's cooked, folks.",2025-07-04T14:22:33.272Z,2025-07-04T14:22:33.938Z,"""record=Main(cid='bafyreiajvdl4t7zqenl46ujxo35crwmijc4glksyhks7qzy6w2dobqyrri', uri='at://did:plc:wtrz3qngarf7ifus4r7ij6il/app.bsky.feed.post/3lt5be4rw6s2a', py_type='com.atproto.repo.strongRef') py_type='app.bsky.embed.record'""",127,18,4,did:plc:yn75hmwkitdshnylue6d3grk,niedermeyer.online,e.w. niedermeyer,0,0,0,2023-04-27T18:59:53.979Z,,False,,False,"""[]""",2025-07-04T14:32:59.166863Z,Vrai,"[0.0009522606851533055, 0.9990476965904236]"
at://did:plc:ulf4f4btoytnybimx3udkf55/app.bsky.feed.post/3lt5gw54m3k2h,https://bsky.app/profile/edcarroll.bsky.social/post/3lt5gw54m3k2h,bafyreiagihf5ggpblycsfdrixjio6bptht5r33f3skywtzlsyh2tylqlzi,"""When in the Course of human events, it becomes necessary for one people to dissolve the political bands which have connected them with another, and to assume among the powers of the earth, the separate and equal station to which the Laws of Nature and of Nature’s God entitle them, /",2025-07-04T14:22:09.919Z,2025-07-04T14:22:12.235Z,{},0,0,1,did:plc:ulf4f4btoytnybimx3udkf55,edcarroll.bsky.social,Eileen... Left,0,0,0,2024-11-07T01:11:06.878Z,,False,,False,"""[]""",2025-07-04T14:32:59.166879Z,Vrai,"[0.11822652816772461, 0.8817734718322754]"
at://did:plc:q37njs44ameyxdqu3rcfgxad/app.bsky.feed.post/3lt5gvzylvc2b,https://bsky.app/profile/kirkwellor.bsky.social/post/3lt5gvzylvc2b,bafyreiesicidbuqmgzsnrutgcnh2aaolpotmisqybrlvhuxypqnyctb3zi,"Which U.S. political parties help democracy, liberty, and justice? GROK Replies: grok.com/share/c2hhcm... CHATGPT Replies: chatgpt.com/share/6867df... PERPLEXITY Replies: www.perplexity.ai/search/cross...",2025-07-04T14:22:06.642Z,2025-07-04T14:22:07.137Z,{},1,0,0,did:plc:q37njs44ameyxdqu3rcfgxad,kirkwellor.bsky.social,Kirk Wellor,0,0,0,2024-11-29T04:32:40.346Z,,False,,False,"""[]""",2025-07-04T14:32:59.166893Z,Vrai,"[0.016547193750739098, 0.9834528565406799]"
at://did:plc:kcrk64zcr2fkbkvgzkb57mu3/app.bsky.feed.post/3lt5gvqqge223,https://bsky.app/profile/skycurious.bsky.social/post/3lt5gvqqge223,bafyreifdpneuqbw2qfujqca6klvrmfalgprat2efnpy7u2kb4l5xz6xaxm,Actually I will. Police free speech. Arrest political opponents. Unlawfully fire federal workers. Impound funds allocated by congress. Dismantle agencies created by congress….,2025-07-04T14:21:56.937Z,2025-07-04T14:21:57.835Z,{},0,0,0,did:plc:kcrk64zcr2fkbkvgzkb57mu3,skycurious.bsky.social,Hanna M,0,0,0,2024-11-12T21:28:13.113Z,,False,,False,"""[]""",2025-07-04T14:32:59.166907Z,Opinion personnelle,"[0.5229594707489014, 0.47704049944877625]"
at://did:plc:jvhms3rufncrmfc4s25vvzbw/app.bsky.feed.post/3lt5gvdpdoc26,https://bsky.app/profile/jetaitkens.bsky.social/post/3lt5gvdpdoc26,bafyreihxtm55q6yruzce3k73csywusnk4ahtvhiqxkx4pbhambq4qp4are,She fucking well did not.  She’s made a career of being fucking political tease.,2025-07-04T14:21:43.269Z,2025-07-04T14:21:43.834Z,{},0,0,0,did:plc:jvhms3rufncrmfc4s25vvzbw,jetaitkens.bsky.social,Hank Tough 🇨🇦,0,0,0,2025-01-28T23:34:57.343Z,,False,,False,"""[]""",2025-07-04T14:32:59.167183Z,Faux,"[0.9977560639381409, 0.002243960974738002]"
at://did:plc:miczfsfixolk42l7343z3bpd/app.bsky.feed.post/3lt5guxlz5c2b,https://bsky.app/profile/sethcotlar.bsky.social/post/3lt5guxlz5c2b,bafyreib6vdlpldf5jgtgd3o4uta4hj4pj4n7kbp6lr3re7tk54fy3gxnuu,"""In this essay I will argue that staging a UFC fight on the White House lawn and insinuating that the current President's life was saved by God so he could fulfill his divine purpose of saving America from wokeism, does not square with the original political vision of the founding generation.""",2025-07-04T14:21:30.578Z,2025-07-04T14:21:31.143Z,{},49,4,5,did:plc:miczfsfixolk42l7343z3bpd,sethcotlar.bsky.social,Seth Cotlar,0,0,0,2023-04-30T16:17:38.814Z,,False,,False,"""[]""",2025-07-04T14:32:59.167206Z,Vrai,"[0.010117357596755028, 0.9898826479911804]"
at://did:plc:iueppwxtvrsvxyc3waah23aa/app.bsky.feed.post/3lt5gu3b4n22e,https://bsky.app/profile/sorrytobepolitical.bsky.social/post/3lt5gu3b4n22e,bafyreibq54k7a74jprr4xtcbpl7ctvcjnabpkepisf7mhkj7zt65kr7lqi,More political bribery.,2025-07-04T14:21:00.860Z,2025-07-04T14:21:03.639Z,"""record=Main(cid='bafyreia3icuohfbf22x5pwrzadsah7pfkgl4bewlunwm4bwutpytd7xbwy', uri='at://did:plc:a4wzpl7hpxvvntj6hatvuhlw/app.bsky.feed.post/3lt3ap47h6k2h', py_type='com.atproto.repo.strongRef') py_type='app.bsky.embed.record'""",0,0,0,did:plc:iueppwxtvrsvxyc3waah23aa,sorrytobepolitical.bsky.social,"Sorry To Be Political, but...",0,0,0,2025-03-20T12:33:37.645Z,,False,,False,"""[]""",2025-07-04T14:32:59.167381Z,Faux,"[0.9990191459655762, 0.0009808227187022567]"
at://did:plc:jctmfgp6bd4ze52nwfxiamyb/app.bsky.feed.post/3lt5gtuupmk2q,https://bsky.app/profile/saltysgt.bsky.social/post/3lt5gtuupmk2q,bafyreif5ws3uci3r2daik47ilxvsggkev3euzp3rl345mbnfzxon2t7llq,"Garland did everything he could.  When he found out the investigation was being slow walked, he put a boot in their ass.     And even if we indicted on Day 1, nothing would have changed other than it looking super political.",2025-07-04T14:20:54.163Z,2025-07-04T14:20:54.442Z,{},0,0,1,did:plc:jctmfgp6bd4ze52nwfxiamyb,saltysgt.bsky.social,The Salty Sgt Pepper Lonely Hearts Club Band,0,0,0,2025-02-16T04:48:45.246Z,,False,,False,"""[]""",2025-07-04T14:32:59.167751Z,Faux,"[0.7804978489875793, 0.21950213611125946]"
at://did:plc:ho3fwz5hlgdt6c2m452d6c6n/app.bsky.feed.post/3lt5gtsnn7c2y,https://bsky.app/profile/birdchaser49.bsky.social/post/3lt5gtsnn7c2y,bafyreiadjokhfhfgq43uynmjdgrlg4o7ie74nj4u3wjylnbminuus5zv3q,"Fabian Hoffman  Europe needs a crash program for a mass product, low to medium cost cruise missile with a range of 500 to 1000 km and a payload capacity above 100 kg  Europes forgotten that things can move quickly when there is political Will and when idiosyncratic industrial interest are set aside",2025-07-04T14:20:51.834Z,2025-07-04T14:20:52.340Z,{},2,1,1,did:plc:ho3fwz5hlgdt6c2m452d6c6n,birdchaser49.bsky.social,BIRDCHASER,0,0,0,2024-11-15T22:32:09.032Z,,False,,False,"""[]""",2025-07-04T14:32:59.167780Z,Vrai,"[0.0016491989372298121, 0.9983508586883545]"
at://did:plc:bhw5mygigi2wdeb6afi42jgl/app.bsky.feed.post/3lt5gtoorn22c,https://bsky.app/profile/brightnessinsight.bsky.social/post/3lt5gtoorn22c,bafyreidh4fdv2vvzxujxh63kubgdgxqoq75nquizlpyp67rwonf4laww2m,"Don’t lose hope as the day changes into night the same way circumstances can also changed. Stay vigilant evil is everywhere we aren’t safe even in our owned homes this is the reality in today’s world, oppression, racism, political views and religion differences keeps tragically devastating lives.",2025-07-04T14:20:47.677Z,2025-07-04T14:20:48.938Z,"""external=External(description='ALT: a teddy bear holding a bouquet of red roses with the words buenos dias in the background', title='a teddy bear holding a bouquet of red roses with the words buenos dias in the background', uri='https://media.tenor.com/lU3xPJg2qqgAAAAC/buenos-dias.gif?hh=393&ww=451', thumb=BlobRef(mime_type='image/jpeg', size=267696, ref=IpldLink(link='bafkreibwvvdrny3fjj3bxl3mkcbaxw7yfi73xy3awbfmyqlegnw3jzxesq'), py_type='blob'), py_type='app.bsky.embed.external#external') py_type='app.bsky.embed.external'""",0,0,0,did:plc:bhw5mygigi2wdeb6afi42jgl,brightnessinsight.bsky.social,,0,0,0,2024-11-15T19:47:36.423Z,,False,,False,"""[]""",2025-07-04T14:32:59.167835Z,Vrai,"[0.010915442369878292, 0.9890845417976379]"
at://did:plc:7lcdztbnqa33io46wotmase5/app.bsky.feed.post/3lt5gt7uoqc2z,https://bsky.app/profile/sandy2950.bsky.social/post/3lt5gt7uoqc2z,bafyreic5zyvpei3k4yifkhjxlo3zbrgnddog5n7x2xrw5ldegwcltjtcwi,How much is this political theater going to cost the taxpayers?,2025-07-04T14:20:32.142Z,2025-07-04T14:20:32.543Z,{},0,0,0,did:plc:7lcdztbnqa33io46wotmase5,sandy2950.bsky.social,,0,0,0,2024-11-15T23:42:41.398Z,,False,,False,"""[]""",2025-07-04T14:32:59.167852Z,Vrai,"[0.016009874641895294, 0.9839900732040405]"
at://did:plc:i6bqhznogoy3v33if7rhkqbx/app.bsky.feed.post/3lt5gt3rlgc22,https://bsky.app/profile/cathdibella.bsky.social/post/3lt5gt3rlgc22,bafyreidnauhvvengab5z73n7hsmeu3ldvitbieefrbvffxlsru3w2seihe,"This is frightening and I can only assume comes from a myriad of reasons.But as the oldies we need to keep banging on about the importance of democracy, history and, well, civic literacy. It’s going to get even harder over the coming years and political reform is needed but we’ve got to try",2025-07-04T14:20:27.844Z,2025-07-04T14:20:29.740Z,{},0,0,0,did:plc:i6bqhznogoy3v33if7rhkqbx,cathdibella.bsky.social,Cath,0,0,0,2024-11-13T18:25:21.672Z,,False,,False,"""[]""",2025-07-04T14:32:59.167868Z,Vrai,"[0.0027557688299566507, 0.9972442388534546]"
at://did:plc:xkwgafkszc7doup744qqrzoa/app.bsky.feed.post/3lt5gsuq5kk2o,https://bsky.app/profile/swimwhisper.bsky.social/post/3lt5gsuq5kk2o,bafyreieu4rqmjde7rfut3ysoljbyxiyifgydgxdj23r3gqep6jf64bdzyy,"Some informal analyses  in political risk assessments guess that major systemic upheaval, including revolutions, civil wars, or regime changes. Might occur roughly every 50–100 years in many cases. But this is extremely rough, and many stable countries defy it. It's a miracle we made it this long.",2025-07-04T14:20:20.458Z,2025-07-04T14:20:20.944Z,{},0,0,0,did:plc:xkwgafkszc7doup744qqrzoa,swimwhisper.bsky.social,Swim Whisper,0,0,0,2024-11-24T16:09:31.345Z,,False,,False,"""[]""",2025-07-04T14:32:59.167883Z,Vrai,"[0.0029202254954725504, 0.9970797896385193]"
at://did:plc:llyib2qojznvswvelaiakjfp/app.bsky.feed.post/3lt5gseol5q27,https://bsky.app/profile/market-ocean-en.bsky.social/post/3lt5gseol5q27,bafyreicc6wjfwmgc3xp2u2nk77lscw56ythsm5jmhbf6646k55qppq2c5y,"🧵 When political leaders announce new tariffs, financial markets often react immediately - but why? The recent futures slide following Trump's tariff announcement provides a perfect real-world example to understand this economic mechanism.",2025-07-04T14:20:03.083062Z,2025-07-04T14:20:03.840Z,{},0,0,1,did:plc:llyib2qojznvswvelaiakjfp,market-ocean-en.bsky.social,marketocean - EN - BETA VERSION,0,0,0,2025-05-30T12:56:12.540Z,,False,,False,"""[]""",2025-07-04T14:32:59.167899Z,Vrai,"[0.002411097986623645, 0.9975888729095459]"
at://did:plc:5hy6d7yby76lfckap5kjujpu/app.bsky.feed.post/3lt5gse3vdc2x,https://bsky.app/profile/johnlowe56.bsky.social/post/3lt5gse3vdc2x,bafyreiadlj6uts2ro67rn4ujhqv3lk6ivliemhhwxuzdf5qe42tanuxhti,"Starmer didn't attempt to do this. He has no discernible political nous, unlike say Blair or Wilson. It is in any case the electorate which is divided.",2025-07-04T14:20:03.018Z,2025-07-04T14:20:03.341Z,{},0,0,0,did:plc:5hy6d7yby76lfckap5kjujpu,johnlowe56.bsky.social,John L @JohnLowe56.bsky.social,0,0,0,2024-11-14T08:49:08.482Z,,False,,False,"""[]""",2025-07-04T14:32:59.167914Z,Vrai,"[0.002686695894226432, 0.9973133206367493]"
at://did:plc:3ajhohj74omawt3l5stg5cwe/app.bsky.feed.post/3lt5gscvlqk2v,https://bsky.app/profile/jahojariaho.bsky.social/post/3lt5gscvlqk2v,bafyreihgjyhgmtu3lnqgordgsy7jm2lenordz4vot7ibykxtgdnrzr5dqy,"U.S. federal migrant detention facilities are managed by private prison companies, especially GEO Group and CoreCivic both of which have very fucking close political and financial ties to President Trump and his administration. #bribes #steal #fcktrmp",2025-07-04T14:20:01.719Z,2025-07-04T14:20:06.338Z,"""images=[Image(alt='', image=BlobRef(mime_type='image/jpeg', size=27640, ref=IpldLink(link='bafkreieosul4b2e5bbh7aekss2lts6f6u2abywovq3aq64ysp26rcnpaue'), py_type='blob'), aspect_ratio=AspectRatio(height=299, width=168, py_type='app.bsky.embed.defs#aspectRatio'), py_type='app.bsky.embed.images#image')] py_type='app.bsky.embed.images'""",2,0,2,did:plc:3ajhohj74omawt3l5stg5cwe,jahojariaho.bsky.social,jahojariaho.bsky.social,0,0,0,2024-01-18T16:36:10.159Z,,False,,False,"""[]""",2025-07-04T14:32:59.167955Z,Vrai,"[0.0018886359175667167, 0.998111367225647]"
at://did:plc:rgons3vr4qo4echdam5vqpop/app.bsky.feed.post/3lt5gsbnhks24,https://bsky.app/profile/ronpresley.bsky.social/post/3lt5gsbnhks24,bafyreigpofwxcxmywbp2ppt524xfhvshxi7pzsantenhokmn2y32mjnwji,Looking like it's time to make some changes to the SCOTUS. It's become nothing but a rubber stamp for tRump. With an obvious political bias to unbalance the Constitution in favor of a Fascist Regime.,2025-07-04T14:20:00.447Z,2025-07-04T14:20:00.340Z,{},0,0,0,did:plc:rgons3vr4qo4echdam5vqpop,ronpresley.bsky.social,,0,0,0,2025-01-09T01:43:32.844Z,,False,,False,"""[]""",2025-07-04T14:32:59.167971Z,Faux,"[0.9661251902580261, 0.03387477993965149]"
at://did:plc:nwrb6z674vdpx77y22obaahh/app.bsky.feed.post/3lt5grw4lu22i,https://bsky.app/profile/estefano1.bsky.social/post/3lt5grw4lu22i,bafyreiccljl3dwstmdrrv4puvk6v2pyarquqd3s6h76pgtc3hnpmf3ftli,And this is why the legacy media barely covered the political assassination of Democrats in Minnesota. They are all afraid of the Orange felon. We don't have any watchdogs of the republic...just cowardly talking heads.,2025-07-04T14:19:48.361Z,2025-07-04T14:19:49.639Z,{},0,0,0,did:plc:nwrb6z674vdpx77y22obaahh,estefano1.bsky.social,Estefano,0,0,0,2025-01-08T14:50:58.744Z,,False,,False,"""[]""",2025-07-04T14:32:59.167986Z,Vrai,"[0.007937904447317123, 0.9920620918273926]"
at://did:plc:hsg3vaefboz7jxsrnzg4wjf3/app.bsky.feed.post/3lt5grtwri22e,https://bsky.app/profile/canukukra.bsky.social/post/3lt5grtwri22e,bafyreietpb7n2xhrp5bls37hm6ef7tnhci5tqp4gno3hunqrb7x7uez4qm,"To write about a world where religion wasn't political would be impossible. Maybe Leo is just doing it better?  Remember, most politics is unseen.  If he is willing to use his limited position to say the quiet part out loud, good.",2025-07-04T14:19:46.073Z,2025-07-04T14:19:45.741Z,{},0,0,0,did:plc:hsg3vaefboz7jxsrnzg4wjf3,canukukra.bsky.social,Andrew B,0,0,0,2024-11-22T01:50:35.653Z,,False,,False,"""[]""",2025-07-04T14:32:59.168014Z,Vrai,"[0.002893174532800913, 0.9971068501472473]"
at://did:plc:iap7jh65ejqbj4lb6mkz7z5x/app.bsky.feed.post/3lt5grs6joc22,https://bsky.app/profile/halcorley.bsky.social/post/3lt5grs6joc22,bafyreig746hg33r77k33zrupbyuj6cx3c4huzjugsvt73jwugullusz4ai,"Establish the true 7/4/25 lede: media is far more invested in congratulating Trump's ""win"" than noting a large swath of American citizenry's loss.  One of the darkest July 4th eves in our history is being characterized as a personal political triumph for a convicted felon. Let that sink in.",2025-07-04T14:19:44.229Z,2025-07-04T14:19:44.043Z,{},1,0,1,did:plc:iap7jh65ejqbj4lb6mkz7z5x,halcorley.bsky.social,halcorley.bsky.social,0,0,0,2024-11-11T22:18:01.405Z,,False,,False,"""[]""",2025-07-04T14:32:59.168030Z,Vrai,"[0.0031284361612051725, 0.9968715310096741]"
at://did:plc:msilolmihd6rcemrcih7ekh7/app.bsky.feed.post/3lt5grdnpnk2k,https://bsky.app/profile/atticmadman.bsky.social/post/3lt5grdnpnk2k,bafyreibtfqpdndjbdcl3etmltnmdtms2jawjxxpxf2cj2uikjx574fnk6u,"“Throughout, Trump repeated the same lies, boasted about the same imagined victories, and spewed the same conspiracies that have become his political brand.” open.substack.com/pub/marygedd...",2025-07-04T14:19:28.998Z,2025-07-04T14:19:31.542Z,"""external=External(description='Trump\u2019s Iowa speech was a showcase of fearmongering, falsehoods, and authoritarian cosplay\u2014and the crowd roared for more.', title='The Farce in the Fairgrounds', uri='https://open.substack.com/pub/marygeddry/p/the-farce-in-the-fairgrounds?r=4hsv', thumb=BlobRef(mime_type='image/jpeg', size=373869, ref=IpldLink(link='bafkreidade5xgzdbpktgbv2fovonx5pfpy2d3ch4gt2hacdab3ispfekqi'), py_type='blob'), py_type='app.bsky.embed.external#external') py_type='app.bsky.embed.external'""",0,0,0,did:plc:msilolmihd6rcemrcih7ekh7,atticmadman.bsky.social,Attic Madman,0,0,0,2024-09-05T03:49:18.340Z,,False,,False,"""[]""",2025-07-04T14:32:59.168067Z,Vrai,"[0.0031622068490833044, 0.9968377351760864]"
at://did:plc:nejhtlmsckdjz3guc4rmpctf/app.bsky.feed.post/3lt5grbvvjc2n,https://bsky.app/profile/adamwisent.bsky.social/post/3lt5grbvvjc2n,bafyreib7uvlg3h5llq2wyr6k3qvfhmbsf3olvrfzgh7njxukp2qffri5c4,Cut the Bullshit & Whitewashing this is #ToryShiteLiebours legacy this year instead of #Taxing the #Richest 1% #ToryShiteLiebour would rather make #Disabled Poverty their Political Choice #kid_starver #Keir_Starmer #politicslive #Labour #ScottishLabour #TakingThePIP,2025-07-04T14:19:27.153Z,2025-07-04T14:19:30.040Z,"""images=[Image(alt='Keir Starmer in 2016\\nCutting Disability Benefits \\nIs utterly morally indefensible \\n\\n\\nKeir Starmer in 2025\\nUnveils Drastic \\nDisability Benefit Cuts\\n\\nSame old Tory Lies from the Red Tories\\n\\nAt the next election folks remember to Vote Green for real change \\nNot more of the same Tory shite from the Conservatives, Reform & ToryShiteLiebour', image=BlobRef(mime_type='image/jpeg', size=662747, ref=IpldLink(link='bafkreiguu7pdydai6fspktbwhykcpahkvbrji4gqdyqptxqbk4k52e6eem'), py_type='blob'), aspect_ratio=AspectRatio(height=1829, width=1078, py_type='app.bsky.embed.defs#aspectRatio'), py_type='app.bsky.embed.images#image'), Image(alt='keir Starmer following in Enoch Powell legacy ', image=BlobRef(mime_type='image/jpeg', size=561382, ref=IpldLink(link='bafkreibjzrqrpkhp7tv3ul4qy4yj7alo4gxt7qhok5cwhlvemz6oouhqse'), py_type='blob'), aspect_ratio=AspectRatio(height=1105, width=1078, py_type='app.bsky.embed.defs#aspectRatio'), py_type='app.bsky.embed.images#image'), Image(alt=\""Remember folks,\\ninstead of #Taxing the #Richest 1%\\n#ToryShiteLiebour would rather make #Disabled Poverty their Political Choice\\n#kid_starver #Keir_Starmer #politicslive #Labour #ScottishLabour #TakingThePIP\\nLet's just leave #Keir_starmers  #lying #hypocrisy here for all to see\"", image=BlobRef(mime_type='image/jpeg', size=647360, ref=IpldLink(link='bafkreifebp6urk2ql3m3jngmkipxs2qlv6r7cpzssovobmv3j44mqdwyjy'), py_type='blob'), aspect_ratio=AspectRatio(height=1587, width=1063, py_type='app.bsky.embed.defs#aspectRatio'), py_type='app.bsky.embed.images#image')] py_type='app.bsky.embed.images'""",0,0,0,did:plc:nejhtlmsckdjz3guc4rmpctf,adamwisent.bsky.social,Adam Wisent,0,0,0,2025-01-17T13:46:30.143Z,,False,,False,"""[]""",2025-07-04T14:32:59.168484Z,Vrai,"[0.0003228520799893886, 0.9996771812438965]"
at://did:plc:lb6frj5k7cy2234pmmaxco4b/app.bsky.feed.post/3lt5gqz3djk26,https://bsky.app/profile/banksta.bsky.social/post/3lt5gqz3djk26,bafyreibbzk2rzmi6xh4kayjc3222rts5xy2l7h2gzaggvgresgc5jbi2ga,I was shocked. I’ve never seen anything political like this from Social Security. It’s disgusting beyond belief.,2025-07-04T14:19:17.910Z,2025-07-04T14:19:18.441Z,{},0,0,0,did:plc:lb6frj5k7cy2234pmmaxco4b,banksta.bsky.social,Banksta,0,0,0,2023-04-13T03:35:24.175Z,,False,,False,"""[]""",2025-07-04T14:32:59.168522Z,Vrai,"[0.004653009120374918, 0.9953469634056091]"
at://did:plc:mmwq6u5ipjmzwxvyrw7ixyjc/app.bsky.feed.post/3lt5gqyazq22o,https://bsky.app/profile/ffsterkenburgh.bsky.social/post/3lt5gqyazq22o,bafyreic4chdjdc3cmwuvdy2bsbnaiwzz6far6gkkdfggwkeduavuiglt4m,"NEW PUBLICATION OUT!  For @sechistnetwork.bsky.social of @utrechtuniversity.bsky.social I wrote a brief article, outlining some of the main arguments of my recent political biography of Wilhelm I as German Emperor, published with @springernature.com 👇   securityhistorynetwork.com/2025/07/03/s...",2025-07-04T14:19:17.048Z,2025-07-04T14:19:24.740Z,"""external=External(description='In this article, Frank Sterkenburgh argues that Wilhelm I, not Wilhelm II, was the true architect of the German imperial role, using self-staging and historical symbolism to establish the monarchy \u2026', title='Wilhelm I as German Emporer: Staging the Kaiser', uri='https://securityhistorynetwork.com/2025/07/03/sterkenburgh-wilhelm-i-as-german-emporer/', thumb=BlobRef(mime_type='image/jpeg', size=956489, ref=IpldLink(link='bafkreiekynnyi3f45gjnpkbjqzbdqofswbckfvhcgaszbtsuqjsdnhnfzq'), py_type='blob'), py_type='app.bsky.embed.external#external') py_type='app.bsky.embed.external'""",1,0,1,did:plc:mmwq6u5ipjmzwxvyrw7ixyjc,ffsterkenburgh.bsky.social,Frederik Frank Sterkenburgh,0,0,0,2025-01-17T17:26:47.544Z,,False,,False,"""[]""",2025-07-04T14:32:59.168567Z,Vrai,"[0.0036802308168262243, 0.9963197708129883]"
at://did:plc:uuykykkdbtq2plsexeztdhpf/app.bsky.feed.post/3lt5gq6o4ie2p,https://bsky.app/profile/radionizza.com/post/3lt5gq6o4ie2p,bafyreihsvi6ezu23lz3v2ayztia6larxp4ibmuxnyphakx5pxhyluxf52e,Today on nizza24.it  Hi-tech pharmacies in Nice. Paris population decline sparks political clash. Paris kidnapping: tycoon freed. France-Iran tensions. Crete fires. Gaza raid deaths.  Read: https://tinyurl.com/23pgwkql,2025-07-04T14:18:50.126416+00:00,2025-07-04T14:18:50.338Z,"""images=[Image(alt='Francia Oggi: Farmacie hi-tech a Nizza - Parigi, la capitale che si svuota - la m\u00e9t\u00e9o del weekend - ', image=BlobRef(mime_type='image/jpeg', size=108914, ref=IpldLink(link='bafkreigaf3g6cnh2psd7mxm4wjra4s66tmavdxoprkf3k3hxvtukmi5yom'), py_type='blob'), aspect_ratio=None, py_type='app.bsky.embed.images#image')] py_type='app.bsky.embed.images'""",0,0,0,did:plc:uuykykkdbtq2plsexeztdhpf,radionizza.com,France Today (FranciaOggi.com) Live,0,0,0,2024-11-21T20:08:02.474Z,,False,,False,"""[]""",2025-07-04T14:32:59.168892Z,Vrai,"[0.00033249391708523035, 0.9996675252914429]"
at://did:plc:b6pvif3onzzpsdax5phdvdk7/app.bsky.feed.post/3lt5gq3tr2c2r,https://bsky.app/profile/buzzdixon.bsky.social/post/3lt5gq3tr2c2r,bafyreiahfz6jf3v5b7qt7qus2enoink7xvi6foo2tw2k3o674x2jyugsju,"A political party is a bus, not a taxi. It won’t take you exactly where you want to go but it will get you a lot closer.   “If you belong to a culture that votes, by all means vote.  You may never find someone you want to vote for but you’ll always find someone to vote against.” — Robert A Heinlein",2025-07-04T14:18:47.254Z,2025-07-04T14:18:48.034Z,{},0,0,1,did:plc:b6pvif3onzzpsdax5phdvdk7,buzzdixon.bsky.social,Buzz Dixon,0,0,0,2024-11-28T04:52:57.346Z,,False,,False,"""[]""",2025-07-04T14:32:59.168919Z,Vrai,"[0.002248352160677314, 0.9977516531944275]"
at://did:plc:hnvwvvx6cf7k6f24jg7soij3/app.bsky.feed.post/3lt5gphzyrk2s,https://bsky.app/profile/elizathewell.bsky.social/post/3lt5gphzyrk2s,bafyreidftri5etqr5a5lorvthy3ph24eznekzv3jl536e7li7pl3ienu5u,"With ~25 million naturalized U.S. citizens, critics warn it could chill citizenship—and potentially be manipulated for political ends.  The fear Trump is causing people makes me furious.  He is a morally repugnant grotesque human being.",2025-07-04T14:18:26.486Z,2025-07-04T14:18:27.040Z,"""record=Main(cid='bafyreib65ztebnpejfdqid5ujhyzteze55zsnlqpa4tmjdfcph3pzlitxy', uri='at://did:plc:hnvwvvx6cf7k6f24jg7soij3/app.bsky.feed.post/3lt5bybah3k2s', py_type='com.atproto.repo.strongRef') py_type='app.bsky.embed.record'""",0,0,0,did:plc:hnvwvvx6cf7k6f24jg7soij3,elizathewell.bsky.social,Elizabeth,0,0,0,2025-01-27T00:13:42.543Z,,False,,False,"""[]""",2025-07-04T14:32:59.169213Z,Vrai,"[0.003367551602423191, 0.9966323971748352]"
at://did:plc:q37njs44ameyxdqu3rcfgxad/app.bsky.feed.post/3lt5gpgmzd22b,https://bsky.app/profile/kirkwellor.bsky.social/post/3lt5gpgmzd22b,bafyreicb6vwapfwy5rls3c5lq34k2cytf3oujgdlv6jkfdwxvhkwn4niay,We invited AI  to [Political] Party  and ChatGPT with us…,2025-07-04T14:18:25.007Z,2025-07-04T14:18:29.537Z,"""images=[Image(alt='CROSS-CHECK CRITICAL VALUE SYSTEMS.\\nIn the United States\u2019 Two-Party System:\\n\\n1. Which party currently makes representative democracy stronger, and which party makes it weaker?\\n\\n2. Which party currently is more liberal with using legal loopholes for power and profit, and which party is more conservative about liberty, and justice?\\n\\n\""Having value systems to follow is one thing. \\nComparing and contrasting facts, truth, and triple-checked TruestTruth against well considered value systems is the means to test causes, consequences, and long-term effects of win-win systems against zero-sum systems. \\n\\nThen, using these assessments, one can decide to take safe, appropriate, and effective measures to abide by the Universal Golden Rule, where one does unto others as unto oneself, knowing that long-term, what goes around, goes around, and where consequences matter. \\n\\nFurther evidence of this approach to intelligent existence becomes apparent once collaborative AI and human comprehension of navigable inspiration using 5D fields across 4D spacetime, in the 6D cosmos \u2013 \\n\\nproves to be the key to long-term exponential enlightenment, \\n\\nreverses Climate Chaos and potential collapse, \\n\\nto avert the once likely Sixth Mass Extinction Event for all intelligent entities, \\n\\nand pursue the Meaning of Life on the Road to Bliss,\u201d said Kirk Wellor, futurist author. \\n', image=BlobRef(mime_type='image/jpeg', size=600091, ref=IpldLink(link='bafkreicy2nvkz2huyf3h7aqn7xpeszqzhebutsamykvp54o7555ckci5mm'), py_type='blob'), aspect_ratio=AspectRatio(height=907, width=908, py_type='app.bsky.embed.defs#aspectRatio'), py_type='app.bsky.embed.images#image')] py_type='app.bsky.embed.images'""",1,0,1,did:plc:q37njs44ameyxdqu3rcfgxad,kirkwellor.bsky.social,Kirk Wellor,0,0,0,2024-11-29T04:32:40.346Z,,False,,False,"""[]""",2025-07-04T14:32:59.169286Z,Vrai,"[0.04823281243443489, 0.9517672061920166]"
at://did:plc:age4pxhpsppf6a2clmtpu6pf/app.bsky.feed.post/3lt5gozl77d2r,https://bsky.app/profile/jsargentr.bsky.social/post/3lt5gozl77d2r,bafyreiegt2hvy2cbx2wijgdll63s5bkqkwkgdfmckgpbjhe367xmc3274a,Make questions like that trend. Make Putin's continued war an affront to Trump's manhood and political potency.,2025-07-04T14:18:11.322Z,2025-07-04T14:18:12.841Z,{},0,0,0,did:plc:age4pxhpsppf6a2clmtpu6pf,jsargentr.bsky.social,"Jill Sargent Russell, PhD",0,0,0,2023-06-07T20:34:21.464Z,,False,,False,"""[]""",2025-07-04T14:32:59.169613Z,Vrai,"[0.003074592212215066, 0.996925413608551]"
at://did:plc:6xcy5xq25ytbp6tyrcylfnjy/app.bsky.feed.post/3lt5gocxptk2s,https://bsky.app/profile/ab-cabra.bsky.social/post/3lt5gocxptk2s,bafyreihbvfzefwpp7q25cyrw73cgkloxx5h7yplxlcuktdsmc6ppenstqy,Sad that most of the reporting seems to be about how this affects Dems political opportunities instead of how it changes America,2025-07-04T14:17:47.613Z,2025-07-04T14:17:47.835Z,{},0,0,0,did:plc:6xcy5xq25ytbp6tyrcylfnjy,ab-cabra.bsky.social,AB,0,0,0,2023-08-25T12:44:08.594Z,,False,,False,"""[]""",2025-07-04T14:32:59.169641Z,Vrai,"[0.005566933657974005, 0.9944331049919128]"
at://did:plc:ilczyibriddeupy4hx5rx45w/app.bsky.feed.post/3lt5go76c3s2z,https://bsky.app/profile/kuuga.bsky.social/post/3lt5go76c3s2z,bafyreib2332q4rosqa333kdzbc62rpojivz4n24gei74e3ddvydpzxehyu,Part of each person's duty to truth & honesty in their moral & political dealings is that each person must be ready to interrogate their moral axioms and interrogate whether their material actions further those axioms or not. Assuming that your gut feelings hold moral authority is a bad strategy.,2025-07-04T14:17:43.626Z,2025-07-04T14:17:44.694Z,{},2,0,0,did:plc:ilczyibriddeupy4hx5rx45w,kuuga.bsky.social,the lost moon of Poob,0,0,0,2023-07-01T18:46:19.587Z,,False,,False,"""[]""",2025-07-04T14:32:59.169660Z,Vrai,"[0.005180696025490761, 0.9948193430900574]"
at://did:plc:qlhkqxdzu72nq7vaj3nuph2j/app.bsky.feed.post/3lt5gnbhefs2c,https://bsky.app/profile/marciadracona.bsky.social/post/3lt5gnbhefs2c,bafyreiek2tzriygc7gmfmcdg3rvdzzezpqxnfavymmejbww5pm6ynwdq6u,"The American experiment failed from the beginning, when it became clear that it was an oligarchy, designed to advantage the wealthy land- and slave-owners of the colonies rather than the people.   A federal system just leads to political disunity and bureaucracy compared to a unitary one.",2025-07-04T14:17:12.475Z,2025-07-04T14:17:13.440Z,"""record=Main(cid='bafyreicm7tmalzeypywg3aemvv5ml4pf4j6dwf4wm6hsupuzpzindzvkya', uri='at://did:plc:qlhkqxdzu72nq7vaj3nuph2j/app.bsky.feed.post/3lt5fvv7lac2c', py_type='com.atproto.repo.strongRef') py_type='app.bsky.embed.record'""",0,0,1,did:plc:qlhkqxdzu72nq7vaj3nuph2j,marciadracona.bsky.social,Marcia Dracona,0,0,0,2024-10-17T16:40:25.406Z,,False,,False,"""[]""",2025-07-04T14:32:59.169690Z,Vrai,"[0.005260909907519817, 0.9947391152381897]"
at://did:plc:5c3eowkngptsu7benxro2mji/app.bsky.feed.post/3lt5gn4tot22h,https://bsky.app/profile/pitchbotturd02.bsky.social/post/3lt5gn4tot22h,bafyreic2i4p7yvcwgoevocdfltqingv2ufhokjicxw3yd7gnwwujp3pr5e,"Should Donald Trump host a UFC fight at the White House? We spoke with a manosphere influencer whose top three political issues are immigration, testosterone rates, and the trans agenda.",2025-07-04T14:17:07.637Z,2025-07-04T14:17:08.236Z,{},2,0,0,did:plc:5c3eowkngptsu7benxro2mji,pitchbotturd02.bsky.social,Pitchbot Reply Guy,0,0,0,2024-11-12T15:05:38.114Z,,False,,False,"""[]""",2025-07-04T14:32:59.170003Z,Vrai,"[0.00147933978587389, 0.9985206723213196]"
at://did:plc:dggqhw7pe57s3vpthq2btxze/app.bsky.feed.post/3lt5gmq7ux22m,https://bsky.app/profile/olderearl76.bsky.social/post/3lt5gmq7ux22m,bafyreid6eaavdhrysw4zeohert5vllqlhgflikcterkqx2g6vuqfe2ltvm,Guess what? We are well on our way to seeing this happening in real time. Just look at what's happening in Los Angeles currently. It's already started as the death panels are flexing their political muscles and doing ethic cleansing in real time. It's gonna get worse and really bad. Remember this.,2025-07-04T14:16:54.405Z,2025-07-04T14:16:55.142Z,{},0,0,0,did:plc:dggqhw7pe57s3vpthq2btxze,olderearl76.bsky.social,Earl,0,0,0,2024-12-09T16:58:27.795Z,,False,,False,"""[]""",2025-07-04T14:32:59.170024Z,Vrai,"[0.06251509487628937, 0.937484860420227]"
at://did:plc:7aj7in2lcukiydmape2avzt4/app.bsky.feed.post/3lt5gma7ekk2z,https://bsky.app/profile/getbackibite.bsky.social/post/3lt5gma7ekk2z,bafyreibpa526gelfjxyoo73ruh3cvl6wbwy7tgxgp75ma3iojurse4q764,"When most people talk about religion, they are viewing it through the lens of personal experience and identity. If you try and come at that from a sociological, historical, or political angle you are literally a different conversation. May as well be speaking martian.",2025-07-04T14:16:37.601Z,2025-07-04T14:16:38.154Z,{},0,0,1,did:plc:7aj7in2lcukiydmape2avzt4,getbackibite.bsky.social,getbackibite,0,0,0,2024-01-19T02:13:37.376Z,,False,,False,"""[]""",2025-07-04T14:32:59.170038Z,Vrai,"[0.004533430095762014, 0.9954665899276733]"
at://did:plc:u3eos27ach322mohik65tiru/app.bsky.feed.post/3lt5gm3ev722s,https://bsky.app/profile/hannahf.bsky.social/post/3lt5gm3ev722s,bafyreictus5bef5duf3r6syoizl7gxocmba22dq7tziwhabizkloccenue,"The political left has become little more than an activist group  and shows little interest in actually trying to win elections and do what it takes to do so. It's sad to see, because the country desperately needs left-wing ideas to fix things - but that won't happen until the left fixes itself :/",2025-07-04T14:16:32.534Z,2025-07-04T14:16:32.533Z,{},0,0,0,did:plc:u3eos27ach322mohik65tiru,hannahf.bsky.social,Hannah,0,0,0,2023-09-01T01:34:17.903Z,,False,,False,"""[]""",2025-07-04T14:32:59.170074Z,Vrai,"[0.003500903956592083, 0.9964990615844727]"
at://did:plc:jckzskjmjaohujrd2hu5yhco/app.bsky.feed.post/3lt5gldqqvs2b,https://bsky.app/profile/newlinesmag.bsky.social/post/3lt5gldqqvs2b,bafyreight7dgj2vpldjoe5lbaycai7kzcru2trfc747b4wek5pvuzn6blq,"NEW: America’s 21st-century political violence and constitutional crises look more like its own 19th-century past than like authoritarian regimes elsewhere — and this history offers important lessons for today, argues Marcus Gadson for @newlinesmag.bsky.social.  newlinesmag.com/essays/the-1...",2025-07-04T14:16:07.771Z,2025-07-04T14:16:09.443Z,"""external=External(description='Revisiting history shows that violence and constitutional disputes are nothing new in US politics', title='The 19th-Century Precursors to the Crises of Trump\u2019s America', uri='https://newlinesmag.com/essays/the-19th-century-precursors-to-the-crises-of-trumps-america/', thumb=BlobRef(mime_type='image/jpeg', size=963281, ref=IpldLink(link='bafkreiffnf2bzvo6unxb5e6m3ihvaddkyzgnznmvm2fxuwrb3exkznhjce'), py_type='blob'), py_type='app.bsky.embed.external#external') py_type='app.bsky.embed.external'""",0,0,0,did:plc:jckzskjmjaohujrd2hu5yhco,newlinesmag.bsky.social,New Lines Magazine,0,0,0,2023-10-10T21:13:47.653Z,,False,,False,"""[]""",2025-07-04T14:32:59.170273Z,Vrai,"[0.0011749896220862865, 0.9988250136375427]"
at://did:plc:f5efpgbvr6tomuetg25zfkp6/app.bsky.feed.post/3lt5gl6hzik2o,https://bsky.app/profile/sammyrach.bsky.social/post/3lt5gl6hzik2o,bafyreibmu6fylkreojor4uutt2ewctqolm3q3v6u3oxyrvet3mj352zdiy,Secondly communism is by definition far left. Of course there are many different political spectrums from far right to far left. As I explained clearly since civilisation began no far left society had worked effectively. There are obvious reasons why- human nature to start with.,2025-07-04T14:16:02.242Z,2025-07-04T14:16:03.336Z,{},0,0,0,did:plc:f5efpgbvr6tomuetg25zfkp6,sammyrach.bsky.social,,0,0,0,2025-05-16T05:59:34.540Z,,False,,False,"""[]""",2025-07-04T14:32:59.170292Z,Vrai,"[0.002299361862242222, 0.9977006316184998]"
at://did:plc:rb3lopillsdx67li4zjig3rn/app.bsky.feed.post/3lt5gkobcuc2s,https://bsky.app/profile/acoa63n.bsky.social/post/3lt5gkobcuc2s,bafyreibmp7gstbqzj5pvyqjrd72lmqj7vo5obram432bk3yumckrqirzem,Hate for political opponents because they freely vote for or against reforms. Hmm.,2025-07-04T14:15:45.246Z,2025-07-04T14:15:45.640Z,{},0,0,0,did:plc:rb3lopillsdx67li4zjig3rn,acoa63n.bsky.social,AcoA63N,0,0,0,2024-01-02T10:06:38.827Z,,False,,False,"""[]""",2025-07-04T14:32:59.170307Z,Vrai,"[0.1412493884563446, 0.858750581741333]"
at://did:plc:ut5dfze67knrt57y256ojkox/app.bsky.feed.post/3lt5gkhfufk2v,https://bsky.app/profile/batski-b.bsky.social/post/3lt5gkhfufk2v,bafyreielgf3nghov575jqwkjf7m5utemkrnkofmojg6hxawahj6672gzce,No. You don’t. This creates more divisions and you get European style gridlock and political instability.  The us is a two party system.  Supporting fringe candidates weakens good candidates and you end up getting republican trifectas.,2025-07-04T14:15:38.054Z,2025-07-04T14:15:38.643Z,{},0,0,1,did:plc:ut5dfze67knrt57y256ojkox,batski-b.bsky.social,Batski B,0,0,0,2024-11-20T18:51:20.051Z,,False,,False,"""[]""",2025-07-04T14:32:59.170512Z,Vrai,"[0.006826081313192844, 0.9931738972663879]"
at://did:plc:e4qqtarjwdx6v64efhzsppfr/app.bsky.feed.post/3lt5gkgnsuk2s,https://bsky.app/profile/furgiuele.bsky.social/post/3lt5gkgnsuk2s,bafyreibgepkteykocgjdnogn2acakf62obwszaxentacaqhh4qsynuxl3a,Who can be happy in this political environment? Do you not realize the gravity of the decisions by SCOTUS which undermine democracy for generations if not permanently and the loss of moral standing Dems have lost by supporting genocide and crypto?,2025-07-04T14:15:37.267Z,2025-07-04T14:15:38.736Z,{},2,0,0,did:plc:e4qqtarjwdx6v64efhzsppfr,furgiuele.bsky.social,Sam Furgiuele,0,0,0,2024-12-18T23:53:52.744Z,,False,,False,"""[]""",2025-07-04T14:32:59.170536Z,Vrai,"[0.005939199589192867, 0.9940608143806458]"
at://did:plc:px6fu7cggisamkt4axm3fhqb/app.bsky.feed.post/3lt5gjrtljs26,https://bsky.app/profile/fnpedro.bsky.social/post/3lt5gjrtljs26,bafyreifkbfwrdtj7kneb5lqzd2f3ebdr3eovv4hwuo2tafkxro2u4xzoqa,"Agenda!... And achieving the ultimate goal of any totalitarian regime: control the POTUS... Despite your ""checks and balances"", US politics achieved the kind of ""Fall of Rome"" political degradation!... And we're seeing a ruSSian asset being POTUS!... And a party going along with it!... 🤔",2025-07-04T14:15:15.435Z,2025-07-04T14:15:15.842Z,{},1,0,1,did:plc:px6fu7cggisamkt4axm3fhqb,fnpedro.bsky.social,Filipe Pedro 🇪🇺 🇵🇹,0,0,0,2023-11-16T16:47:53.914Z,,False,,False,"""[]""",2025-07-04T14:32:59.170552Z,Vrai,"[0.015991518273949623, 0.9840084314346313]"
at://did:plc:vkxkcrfb34khu5t625jx3d3u/app.bsky.feed.post/3lt5gjejirc2t,https://bsky.app/profile/stephaniejones.com/post/3lt5gjejirc2t,bafyreicue5smwrspvslg6xvgvnc5whdvur2f2xzojchmqmcj4ps56lul5i,"If, at this point in your life, you truly don't know what real political work is, a stranger telling you on Bluesky is not going to do much good.  But if you make the effort to talk to activists in your own community to find out what they're doing and how you can help, you'll likely learn a lot.",2025-07-04T14:15:01.473Z,2025-07-04T14:15:04.636Z,{},0,0,1,did:plc:vkxkcrfb34khu5t625jx3d3u,stephaniejones.com,Stephanie Jones,0,0,0,2024-11-19T22:15:54.988Z,,False,,False,"""[]""",2025-07-04T14:32:59.170568Z,Vrai,"[0.0012719616061076522, 0.9987279772758484]"
at://did:plc:v25igkxp7pjvhfiq7zdbt7ho/app.bsky.feed.post/3lt5gj6qazs2u,https://bsky.app/profile/fightingfascism.bsky.social/post/3lt5gj6qazs2u,bafyreiaqiyyu6drpc5bmw6ihtlrksfofsmtovuipovfq6rhqvci7f5jkbu,Justice is intentionally no longer blind.  This court takes political sides because it's corrupt to the bone.,2025-07-04T14:14:55.404Z,2025-07-04T14:14:56.144Z,{},0,0,0,did:plc:v25igkxp7pjvhfiq7zdbt7ho,fightingfascism.bsky.social,Fighting Fascism,0,0,0,2024-11-28T13:38:03.144Z,,False,,False,"""[]""",2025-07-04T14:32:59.170583Z,Vrai,"[0.0036455122753977776, 0.9963544607162476]"
at://did:plc:a5wgd7nxnw6onjv2usld4m4d/app.bsky.feed.post/3lt5gj37yb225,https://bsky.app/profile/guyanthonyayres.bsky.social/post/3lt5gj37yb225,bafyreice72vnejirrnolbrmxuttgaagyxxap56rqz4q7n6aqoly5gnch3a,"Thank you Mia. Like you I've not ever seen such open vitriol towards another political party or for any individual who disagrees with them. To have a large swath of the American public fueled by hatred is surreal, yet it is today's reality. How does one reason with unreasonable, by not being afraid.",2025-07-04T14:14:51.725Z,2025-07-04T14:14:51.640Z,"""record=Main(cid='bafyreicffwsupu2a6txki4loltjxh7f2p6n5ohtejq5ajlpmwdpwnwj7va', uri='at://did:plc:jrdunuv53kpblscdnseuzmca/app.bsky.feed.post/3lt5dzzn2is25', py_type='com.atproto.repo.strongRef') py_type='app.bsky.embed.record'""",0,0,0,did:plc:a5wgd7nxnw6onjv2usld4m4d,guyanthonyayres.bsky.social,Guy Anthony Ayres,0,0,0,2024-11-17T15:45:50.832Z,,False,,False,"""[]""",2025-07-04T14:32:59.170614Z,Vrai,"[0.004259712994098663, 0.9957402944564819]"
at://did:plc:vey3jayrphb62a4vc26lw4bn/app.bsky.feed.post/3lt5gifggxs2u,https://bsky.app/profile/macxi.bsky.social/post/3lt5gifggxs2u,bafyreibqm3nwryu4wjkggu5inlitasunfyasyeq77kkhs7qhct7jncmqji,"Honestly it was a great example of the political dissonance with my family at the time, because this was during a time I was barely hanging on, working pretty much 24/7 and living in poverty too. Took the hour long drive to visit my family and instantly regretted it.",2025-07-04T14:14:28.867Z,2025-07-04T14:14:29.341Z,{},1,0,1,did:plc:vey3jayrphb62a4vc26lw4bn,macxi.bsky.social,Macxi: B🩵A🩷A🤍!,0,0,0,2023-08-26T17:03:49.427Z,,False,,False,"""[]""",2025-07-04T14:32:59.170630Z,Vrai,"[0.0033781337551772594, 0.99662184715271]"
at://did:plc:f5efpgbvr6tomuetg25zfkp6/app.bsky.feed.post/3lt5gi5zzk22o,https://bsky.app/profile/sammyrach.bsky.social/post/3lt5gi5zzk22o,bafyreia5yhmhos4lkdpon7z7vkmomslnzawfysgdwc55fs4l6qjpnhgqka,Oh dear - yet another far left intolerant arrogant individual. That’s what far right and far left individuals have in common - an intolerance of anyone who has different political opinions to them.   There have been no far left successful nations since civilisation began. Thank you for confirming,2025-07-04T14:14:21.121Z,2025-07-04T14:14:21.940Z,{},0,0,0,did:plc:f5efpgbvr6tomuetg25zfkp6,sammyrach.bsky.social,,0,0,0,2025-05-16T05:59:34.540Z,,False,,False,"""[]""",2025-07-04T14:32:59.170645Z,Vrai,"[0.39231449365615845, 0.6076855063438416]"
at://did:plc:oqnpgcrufdaqczqb5qmbv25g/app.bsky.feed.post/3lt5ghyj2hc23,https://bsky.app/profile/azurespirit.bsky.social/post/3lt5ghyj2hc23,bafyreiai4njo7m4rx6ctzq4wkkfch2m2qz2qj2nnj7oxflvwicsddvcp6u,"Celebrating a concentration camp, built with political payoffs; WTF have we become?",2025-07-04T14:14:15.322Z,2025-07-04T14:14:16.539Z,{},0,0,0,did:plc:oqnpgcrufdaqczqb5qmbv25g,azurespirit.bsky.social,,0,0,0,2024-11-24T13:28:11.347Z,,False,,False,"""[]""",2025-07-04T14:32:59.170659Z,Vrai,"[0.003330267034471035, 0.9966697096824646]"
at://did:plc:o5xy2uucdemcsjuk53sojgue/app.bsky.feed.post/3lt5ghwnuvk2o,https://bsky.app/profile/fluxuniversity.bsky.social/post/3lt5ghwnuvk2o,bafyreiehwpb7g3vvmqhp76az66xcuy4esla24edisd5hgsz5np7pbob26m,The colonies would have never been able to declare independence from the king if the king had the political surveillance that the U.S. has today.,2025-07-04T14:14:13.383Z,2025-07-04T14:14:14.245Z,{},0,0,0,did:plc:o5xy2uucdemcsjuk53sojgue,fluxuniversity.bsky.social,We Are Not The Violent Ones,0,0,0,2025-05-03T16:52:03.278Z,,False,,False,"""[]""",2025-07-04T14:32:59.170827Z,Faux,"[0.9114764928817749, 0.08852346986532211]"
at://did:plc:34gprwwxiewrgnm46xivog4u/app.bsky.feed.post/3lt5ghcgmyc2h,https://bsky.app/profile/cyanescens.bsky.social/post/3lt5ghcgmyc2h,bafyreidezjnde2k6p6ia6dc3bp2ucsp6kvp2gffmosz5g4vvjuzpcxbmoa,"I don’t know if any region comes out looking good if we’re judging it by the worst political actors to come out of it, but if we are it pains me to say that the NE that gave us FDR or the Midwest with Lincoln are going to come out on top.",2025-07-04T14:13:52.174Z,2025-07-04T14:13:52.836Z,{},0,0,1,did:plc:34gprwwxiewrgnm46xivog4u,cyanescens.bsky.social,Mr. Chimpanzy,0,0,0,2023-09-20T04:46:22.308Z,,False,,False,"""[]""",2025-07-04T14:32:59.171005Z,Vrai,"[0.00133897562045604, 0.9986610412597656]"
at://did:plc:4w2rquhrdt5isivqwq7gsibg/app.bsky.feed.post/3lt5ggvd2a22q,https://bsky.app/profile/keith.is.democrat/post/3lt5ggvd2a22q,bafyreid7puk4bpnfkr4wb6apunwvtvdu5ffbcczd24zepkszollwzwh53q,"In the field of political neuroscience, size matters: My amygdala is bigger than yours. There will never be a meeting of the minds because our brains don't function the same. What to do?  @sciam.bsky.social   www.scientificamerican.com/article/cons...",2025-07-04T14:13:38.422Z,2025-07-04T14:13:47.939Z,"""external=External(description='Scanners try to watch the red-blue divide play out underneath the skull', title='Conservative and Liberal Brains Might Have Some Real Differences', uri='https://www.scientificamerican.com/article/conservative-and-liberal-brains-might-have-some-real-differences/', thumb=BlobRef(mime_type='image/jpeg', size=742958, ref=IpldLink(link='bafkreiepuu6y52urooghmymuew7fy7erfipwa6inwocasaxfevfuhjd7qa'), py_type='blob'), py_type='app.bsky.embed.external#external') py_type='app.bsky.embed.external'""",3,3,0,did:plc:4w2rquhrdt5isivqwq7gsibg,keith.is.democrat,💙Keith B Martin DC 💙 🇺🇸 🇪🇺 🌎,0,0,0,2024-11-13T22:39:54.577Z,,False,,False,"""[]""",2025-07-04T14:32:59.171053Z,Vrai,"[0.0031232894398272038, 0.9968767166137695]"
at://did:plc:pzjqlifoze7l2bk7w6hqhonc/app.bsky.feed.post/3lt5gguvdqs2z,https://bsky.app/profile/rednecklefty.bsky.social/post/3lt5gguvdqs2z,bafyreibg7gl2dzn6uzfro7kaufke57obr33g4hxkjxkobh5nknncnnyr5i,Well worth a read.  The right's new narrative about people needing and wanting less fits in well with the coming eco-fascism.,2025-07-04T14:13:37.965Z,2025-07-04T14:12:18.246Z,"""media=Main(images=[Image(alt=\""Which brings me back to politics.\\nTelling us what the point of it all is will be the task of any political movement who wants to capture millennial and gen Z power in the next few years. \\nIf we don't give people permission to dream bigger and want for more - and prove that more is possible! - the right's story about wanting less and settling for less will stick. \"", image=BlobRef(mime_type='image/jpeg', size=217002, ref=IpldLink(link='bafkreie24beefwps4do4ool3lkjacy5gqtygqt2pbhyvm7r3p5mncm5gjm'), py_type='blob'), aspect_ratio=AspectRatio(height=286, width=951, py_type='app.bsky.embed.defs#aspectRatio'), py_type='app.bsky.embed.images#image')], py_type='app.bsky.embed.images') record=Main(record=Main(cid='bafyreidcmekeoig4okfifgrds72uq6c4hmuaxpfpzl2r5gnnpkkixew74a', uri='at://did:plc:awjttox4e3qtfr42ebrmupt4/app.bsky.feed.post/3lt334agqm22b', py_type='com.atproto.repo.strongRef'), py_type='app.bsky.embed.record') py_type='app.bsky.embed.recordWithMedia'""",0,0,0,did:plc:pzjqlifoze7l2bk7w6hqhonc,rednecklefty.bsky.social,Redneck Lefty,0,0,0,2023-10-13T11:27:48.380Z,,False,,False,"""[]""",2025-07-04T14:32:59.171108Z,Vrai,"[0.0017112178029492497, 0.9982888102531433]"
at://did:plc:jdarvhkou6kak3t3smcxugaa/app.bsky.feed.post/3lt5gfmncxc2f,https://bsky.app/profile/paulcwgb.bsky.social/post/3lt5gfmncxc2f,bafyreihedzaqjouv4lact347kokebqdeh2lmkyfqwt3gc45qcge2sqqamm,"SKY SPEWS, are reporting on Zara and Corbyn's new political party, of course they only highlight Labour Master Profiteer's that say they want nothing to do with it, Surprise surprise, and are NOT, providing any positives for the masses having an alternative party to support, as it's Not right wing!",2025-07-04T14:12:55.770Z,2025-07-04T14:12:56.644Z,{},0,0,0,did:plc:jdarvhkou6kak3t3smcxugaa,paulcwgb.bsky.social,Paul Da Pork Hunt & Mr Moo (Friends with Larry),0,0,0,2024-10-17T15:18:15.407Z,,False,,False,"""[]""",2025-07-04T14:32:59.171270Z,Vrai,"[0.002366605680435896, 0.9976333379745483]"
at://did:plc:hpcfbohuj6snw25eq7yaosgc/app.bsky.feed.post/3lt5gfjlbb22b,https://bsky.app/profile/heidibartel.bsky.social/post/3lt5gfjlbb22b,bafyreic7fxfqktbadmnfjgbi4foyjwcuo43gh27xr3gy7zmwoum2slsreq,"Dude, he’s trying to help by providing hope for us. He’s been fighting harder than anyone within political boundaries. He’s no Schumer",2025-07-04T14:12:52.556Z,2025-07-04T14:12:53.266Z,{},3,0,0,did:plc:hpcfbohuj6snw25eq7yaosgc,heidibartel.bsky.social,Heidi Bartel  ,0,0,0,2025-01-15T17:41:03.543Z,,False,,False,"""[]""",2025-07-04T14:32:59.171324Z,Vrai,"[0.001355070504359901, 0.9986448884010315]"
at://did:plc:utfdgzp6zphd5kuczryicww6/app.bsky.feed.post/3lt5gfeejd223,https://bsky.app/profile/sixtytriggers.bsky.social/post/3lt5gfeejd223,bafyreidjyzejmq63rwr2w6gohu2d255i7mdschk3gzg4axplg6vsrmxlze,"I have never heard that Shatner claimed TOS was never political.  Like, my guy, you were in this episode",2025-07-04T14:12:47.046Z,2025-07-04T14:12:56.639Z,"""images=[Image(alt='', image=BlobRef(mime_type='image/jpeg', size=282357, ref=IpldLink(link='bafkreiegxgfjunz62m5h6i4zviwdzvg2ay3c7x43bt2cibqmwj2tocseva'), py_type='blob'), aspect_ratio=AspectRatio(height=700, width=1400, py_type='app.bsky.embed.defs#aspectRatio'), py_type='app.bsky.embed.images#image')] py_type='app.bsky.embed.images'""",1,0,0,did:plc:utfdgzp6zphd5kuczryicww6,sixtytriggers.bsky.social,Wolfgal Diana,0,0,0,2023-09-20T04:05:18.776Z,,False,,False,"""[]""",2025-07-04T14:32:59.171370Z,Faux,"[0.989791750907898, 0.010208269581198692]"
at://did:plc:3bfq2dnhbttbnfrys5qswudp/app.bsky.feed.post/3lt5gfaa5xs2x,https://bsky.app/profile/docdave.bsky.social/post/3lt5gfaa5xs2x,bafyreiecrkqygmcaxwfyxomd4vc3smmuw5bmwpwlut7muvdjoaswreqvva,Two political minnows can’t even launch a new party properly. They probably disagreed on how much to charge people to join.,2025-07-04T14:12:42.756Z,2025-07-04T14:12:43.242Z,{},1,0,0,did:plc:3bfq2dnhbttbnfrys5qswudp,docdave.bsky.social,Paul Davies,0,0,0,2024-11-07T16:55:10.586Z,,False,,False,"""[]""",2025-07-04T14:32:59.171387Z,Vrai,"[0.004563463851809502, 0.9954364895820618]"
at://did:plc:o634rkyooz45q24yfu5y6qcg/app.bsky.feed.post/3lt5ge7dmdc2p,https://bsky.app/profile/badgirlapologist.bsky.social/post/3lt5ge7dmdc2p,bafyreigpdfcddlldmtss6itne2olro7pkppznzk5pppwpskrdcvgbyeqqe,i’m gonna end up a political refugee huh,2025-07-04T14:12:08.260Z,2025-07-04T14:12:08.738Z,{},0,0,0,did:plc:o634rkyooz45q24yfu5y6qcg,badgirlapologist.bsky.social,minimum champion,0,0,0,2025-02-02T17:08:09.545Z,,False,,False,"""[]""",2025-07-04T14:32:59.171402Z,Faux,"[0.9880611896514893, 0.01193879172205925]"
at://did:plc:hfrefdrprqi67am246dwlbf3/app.bsky.feed.post/3lt5gdowgo226,https://bsky.app/profile/nuthmani.bsky.social/post/3lt5gdowgo226,bafyreieys7wqu7jyyc6g7xrydutg54mj5iwnrapizuyyvv75fbl45vawcy,"If you could start a new political party today, what would it's principles and main priorities be?",2025-07-04T14:11:51.057Z,2025-07-04T14:11:51.741Z,{},0,0,1,did:plc:hfrefdrprqi67am246dwlbf3,nuthmani.bsky.social,Nuzhat Uthmani ,0,0,0,2024-08-18T17:46:38.288Z,,False,,False,"""[]""",2025-07-04T14:32:59.171625Z,Vrai,"[0.006151791196316481, 0.9938482642173767]"
at://did:plc:2k5jtsuebg2ra4saygsevxxp/app.bsky.feed.post/3lt5gdnszu22a,https://bsky.app/profile/rwaskin.bsky.social/post/3lt5gdnszu22a,bafyreihaijz5qlisbykc26e7vjn3bcd4ylewvfoj5rjoypcltpyh52cljm,www.wfla.com/news/florida...  The irony of this: Florida implementing an unfunded public health mandate with no research to back it up after the state banned fluoride in drinking water. This is political hacks wanting to do something that is popular and feels good without having to pay for it.,2025-07-04T14:11:49.896Z,2025-07-04T14:11:50.838Z,"""external=External(description='', title='', uri='https://www.wfla.com/news/florida/florida-becomes-1st-state-to-require-ekgs-for-student-athletes/?fbclid=IwQ0xDSwLUv9ZleHRuA2FlbQIxMQABHozMc7bIZk6PvOOjhdJ0Dc40mM2yph2KvrXVpbjLehppUmcronjNIGD9khvO_aem_gtChf_ISUCvvJLKiSt-IJA', thumb=None, py_type='app.bsky.embed.external#external') py_type='app.bsky.embed.external'""",0,0,0,did:plc:2k5jtsuebg2ra4saygsevxxp,rwaskin.bsky.social,,0,0,0,2025-03-08T22:07:44.042Z,,False,,False,"""[]""",2025-07-04T14:32:59.171659Z,Vrai,"[0.003065427066758275, 0.9969345331192017]"
at://did:plc:xbpumlrltt5nfegclzdsvcjy/app.bsky.feed.post/3lt5gdixm7s2d,https://bsky.app/profile/petemarchetto.bsky.social/post/3lt5gdixm7s2d,bafyreickty7fr2t7pbriey5akn5xqlapas5xo3eol3oruiis5j2cabsq74,The fact is that RT took interviewees from across the political spectrum at the time Corbyn appeared. And he only ever did that... interviews. He never had a paid rôle on the channel as a regular presenter or anything else as far as I can see.,2025-07-04T14:11:44.804Z,2025-07-04T14:11:47.337Z,{},1,0,1,did:plc:xbpumlrltt5nfegclzdsvcjy,petemarchetto.bsky.social,Pete Marchetto,0,0,0,2024-02-08T17:20:36.005Z,,False,,False,"""[]""",2025-07-04T14:32:59.171675Z,Vrai,"[0.0010431449627503753, 0.9989567995071411]"
at://did:plc:cptkngwnz54sygfddmd3d7ge/app.bsky.feed.post/3lt5gdf4bwk2c,https://bsky.app/profile/antietam.bsky.social/post/3lt5gdf4bwk2c,bafyreidrjv5hqgc7536mg2nle4p2mxnxzsv33a3nk5g77p45ej35zsh7qe,"That the president and his team insist on wearing that red armband... I mean, red hat - emblazoned with a political slogan - everywhere is tacky and proof positive that this president and administration see themselves not as leaders of the whole nation, but rather of a particular group of Americans.",2025-07-04T14:11:40.763Z,2025-07-04T14:11:42.542Z,{},1,0,0,did:plc:cptkngwnz54sygfddmd3d7ge,antietam.bsky.social,Jason Lee Jones,0,0,0,2023-07-12T20:37:41.995Z,,False,,False,"""[]""",2025-07-04T14:32:59.171797Z,Vrai,"[0.003786768764257431, 0.9962132573127747]"
at://did:plc:3otqad5tkjnj3vc6f766dxeu/app.bsky.feed.post/3lt5gd64bxk2j,https://bsky.app/profile/maydaystudios.bsky.social/post/3lt5gd64bxk2j,bafyreicosyjiggmyesa6be5arxvff7e7f2yirikgjh2rtt54xmlzu6owvm,"Truly. The puzzling part to me is their expectations of the political fallout from this disaster. Do they expect to pin this of Dems? We have to brand them with this vote for the rest of their pitiful “careers.""",2025-07-04T14:11:33.262Z,2025-07-04T14:11:40.639Z,"""images=[Image(alt='', image=BlobRef(mime_type='image/jpeg', size=421773, ref=IpldLink(link='bafkreidaltjjswvhyc3c5u6vw33xmlx7pb664ex5tt66u7uxg4vbhmiode'), py_type='blob'), aspect_ratio=AspectRatio(height=675, width=1200, py_type='app.bsky.embed.defs#aspectRatio'), py_type='app.bsky.embed.images#image')] py_type='app.bsky.embed.images'""",0,0,0,did:plc:3otqad5tkjnj3vc6f766dxeu,maydaystudios.bsky.social,Mayday Studios,0,0,0,2025-01-29T21:06:59.344Z,,False,,False,"""[]""",2025-07-04T14:32:59.171851Z,Vrai,"[0.00467192055657506, 0.9953280687332153]"
at://did:plc:ujk32y4r4juj26d4murda4mf/app.bsky.feed.post/3lt5gcrb3r22u,https://bsky.app/profile/katymontgomerie.com/post/3lt5gcrb3r22u,bafyreid5bqqqwvak7bjhviqj4wb7wf26qmphcqadyyry7a7ttx5ev5uxpi,It's not aimed at cis lesbians. It's aimed at the media to push an anti trans political message. Normal people who don't want to date a trans person for political or cultural reasons just say that out loud,2025-07-04T14:11:19.949Z,2025-07-04T14:11:21.036Z,{},7,0,0,did:plc:ujk32y4r4juj26d4murda4mf,katymontgomerie.com,Katy Montgomerie 🦗,0,0,0,2023-05-03T08:31:27.278Z,,False,,False,"""[]""",2025-07-04T14:32:59.171869Z,Vrai,"[0.0011462158290669322, 0.9988538026809692]"
at://did:plc:6x4uv4s2njfsmbg6dq2tijld/app.bsky.feed.post/3lt5gcokvx22s,https://bsky.app/profile/givevoiceab.bsky.social/post/3lt5gcokvx22s,bafyreifuxlyvqjh525zowzlqg4hdz3qz2m6lzoth4sfhnqb763gzvqam2q,"A collage of signs from the May 10 Alberta Resistance Rally at the Legislature. Protesters spoke out on health care, clawbacks, Bill 55, and more. Different signs, same message: Albertans deserve better—and a government that listens.  #GiveVoiceAB #ABPoli #ResistTogether",2025-07-04T14:11:17.119Z,2025-07-04T14:11:21.735Z,"""images=[Image(alt='A 3x3 photo grid collage with a title at the top that reads, \u201cThis Is What Democracy Looks Like.\u201d The nine tiles show various peaceful protest signs and demonstrators at Alberta political rallies. Top row, left to right: A person holds a neon green sign that reads, \u201cNO TO BILL 55 \u2014 Never, Never, Never, Never!\u201d; a woman with blue hair and a red \u201cCANADA\u201d jacket sits in front of Legislature steps holding a sign that says \u201cDANIELLE SMITH RESIGN NOW!\u201d; a sign reads \u201cMAKE LOVE NOT SEPARATION,\u201d with \u201cUNITY = STRENGTH\u201d and \u201cSEPARATION = BROKE\u201d written beneath two small Canadian flags. Middle row: A protest sign reads, \u201cTHIS IS NOT DEMOCRACY \u2014 THIS IS KLEPTOCRACY\u201d; the central tile features a blue circular Alberta Voices logo with a white megaphone; a person in a wheelchair holds a sign that reads \u201cSTOP THE CLAW BACKS\u201d in bold red letters. Bottom row: A protester in sunglasses holds a sign reading \u201cUnethical Crony Politics\u201d; two people pose together with signs that say \u201cNO TO PRIVATE HEALTH CARE \u2014 PROTECT OUR ROCKIES\u201d and \u201cTHIS IS A SIGN OF PROTEST \u2014 SAVE HEALTH CARE, SAVE EDUCATION\u201d; the final sign is bright pink and reads, \u201cNO TO C-54, NO TO PROV POLICE, NO TO CORRUPT CARE, NO TO SEPARATION.\u201d', image=BlobRef(mime_type='image/jpeg', size=864587, ref=IpldLink(link='bafkreibw7lrllbxuyualcitcwuq4fl3wiuki4rwc63zmkgfdbit4ymzvym'), py_type='blob'), aspect_ratio=AspectRatio(height=1024, width=1024, py_type='app.bsky.embed.defs#aspectRatio'), py_type='app.bsky.embed.images#image')] py_type='app.bsky.embed.images'""",2,2,0,did:plc:6x4uv4s2njfsmbg6dq2tijld,givevoiceab.bsky.social,"Give Voice AB - Resistance, rooted in community.",0,0,0,2025-05-25T02:28:39.441Z,,False,,False,"""[]""",2025-07-04T14:32:59.171918Z,Faux,"[0.991434633731842, 0.008565329015254974]"
at://did:plc:7wzyyhlir6kuuvxygwirp3ug/app.bsky.feed.post/3lt5gcl52d22l,https://bsky.app/profile/mikeygow.bsky.social/post/3lt5gcl52d22l,bafyreicckr2nkqfzmp4xlvq5ebpywcqcmpbd6eke2sts5fhqix7lgt7sm4,"Intent is one thing. Political acumen is another.   Doesn’t matter how “right” they are, unless they’re in a position to govern.",2025-07-04T14:11:13.524Z,2025-07-04T14:11:14.136Z,{},1,0,1,did:plc:7wzyyhlir6kuuvxygwirp3ug,mikeygow.bsky.social,Mike Gow 高英智,0,0,0,2024-08-04T23:35:06.673Z,,False,,False,"""[]""",2025-07-04T14:32:59.171934Z,Vrai,"[0.004491573199629784, 0.9955084323883057]"
at://did:plc:6gfps4cww67kvu32rzcst3xt/app.bsky.feed.post/3lt5gchy7r22p,https://bsky.app/profile/artlatl1.bsky.social/post/3lt5gchy7r22p,bafyreihlim2guqxlvw7sknbkablzgdxmopcekz5os26akyinpdgbi3ywvq,"To some of the blue dots in red states:  Look, I get it. You didn't want to be called a ""🥷-lover"" or a ""race-traitor.""   I respect your choices on that back then. I do.  Pls chose the harder conversations going forward or we're all (including your local/familial MAGAs) going to suffer badly.",2025-07-04T14:11:10.218Z,2025-07-04T14:11:12.843Z,"""images=[Image(alt='A young white woman in a political demonstration crowd holding a hand-written sign (black marker on tan cardboard) that says \""Avoiding conversations about politics is being complicit.\""', image=BlobRef(mime_type='image/jpeg', size=198234, ref=IpldLink(link='bafkreie74x4u44o6m635e6adjokabacsvwzzpb44frbcsrddz2skehvsfi'), py_type='blob'), aspect_ratio=AspectRatio(height=454, width=646, py_type='app.bsky.embed.defs#aspectRatio'), py_type='app.bsky.embed.images#image')] py_type='app.bsky.embed.images'""",0,0,0,did:plc:6gfps4cww67kvu32rzcst3xt,artlatl1.bsky.social,Artlatl,0,0,0,2024-11-13T15:31:04.378Z,,False,,False,"""[]""",2025-07-04T14:32:59.171971Z,Vrai,"[0.3171307146549225, 0.6828692555427551]"
at://did:plc:dhwfnihpvtsoguocqbfqulme/app.bsky.feed.post/3lt5gbuhdo227,https://bsky.app/profile/implausibleblog.bsky.social/post/3lt5gbuhdo227,bafyreifsfeacnifpti2lfxlwvqv2hsob5gg3qwhedyifupkhwztzahm6oq,"Bumped into the lady co-setting up a new political party a couple of weeks ago at memorial event 😊  I don't know whether having another party might be good or bad, but I wish her well and congratulate her for having the courage to do what she thinks is better 🙏",2025-07-04T14:10:49.730Z,2025-07-04T14:10:56.142Z,"""images=[Image(alt='', image=BlobRef(mime_type='image/jpeg', size=966351, ref=IpldLink(link='bafkreieoamzbg3tlzihchdsts2eusgbofnbiwn4vnpswcjdbaew4rnidnq'), py_type='blob'), aspect_ratio=AspectRatio(height=1732, width=1609, py_type='app.bsky.embed.defs#aspectRatio'), py_type='app.bsky.embed.images#image')] py_type='app.bsky.embed.images'""",29,3,4,did:plc:dhwfnihpvtsoguocqbfqulme,implausibleblog.bsky.social,Farrukh,0,0,0,2023-09-27T10:08:55.287Z,,False,,False,"""[]""",2025-07-04T14:32:59.172003Z,Vrai,"[0.0037869270890951157, 0.9962130784988403]"
at://did:plc:nl7isqmyatae256lupdxnjd3/app.bsky.feed.post/3lt5gbjvtuc2u,https://bsky.app/profile/wisebear.bsky.social/post/3lt5gbjvtuc2u,bafyreifcchlom2y5v7rguibnxnrreztcecunj3r7k2kffzunzcrzle6cti,"They have referred to people as ‘parasites’ for relying on welfare or food stamps  No one is safe  LGBTQ, trans, disabled, elderly, political opponents, journalists, dissenters, non-whites, etc   If you are going through your head why you think you should be safe, it’s time to get out  3/3",2025-07-04T14:10:38.422Z,2025-07-04T14:10:39.388Z,{},0,0,0,did:plc:nl7isqmyatae256lupdxnjd3,wisebear.bsky.social,🇨🇦,0,0,0,2024-11-09T01:40:15.783Z,,False,,False,"""[]""",2025-07-04T14:32:59.172234Z,Vrai,"[0.005413399077951908, 0.9945865869522095]"
at://did:plc:jpwjr4xgi7s2umtpmtqstze7/app.bsky.feed.post/3lt5gbdssnk2q,https://bsky.app/profile/renfro.bsky.social/post/3lt5gbdssnk2q,bafyreidqtpldqt2kieadefe6vcooxzx27xrxfhxjtxtda7g7j3hyrjo2vi,"shared prosperity or even prevent extensive misery and deprivation; and second, from widespread disillusionment with a fundamentally antidemocratic US political and legal system and national security apparatus. The fix isn’t electing more technocratic stewards of empire and managers of decline. 2/",2025-07-04T14:10:32.283Z,2025-07-04T14:10:32.655Z,{},3,0,1,did:plc:jpwjr4xgi7s2umtpmtqstze7,renfro.bsky.social,Paul Renfro,0,0,0,2023-07-31T01:59:51.335Z,,False,,False,"""[]""",2025-07-04T14:32:59.172255Z,Vrai,"[0.009702233597636223, 0.9902977347373962]"
at://did:plc:zaxncezliltsvgwzs4movgn6/app.bsky.feed.post/3lt5gaxfirs2q,https://bsky.app/profile/rmepiphanies.bsky.social/post/3lt5gaxfirs2q,bafyreihuauakk4d2qhm6vs7ochykmgddvbmw4aownkvy33pbcvmc2jiivy,"I've never studied political science and I've never been media-trained so maybe I'm wrong but: 1) Dems need to stand up and say: People we all know are hurting . We can, we must, & we will do what Americans do: Fairness, compassion, and protecting those we love. That means:",2025-07-04T14:10:19.276Z,2025-07-04T14:10:22.559Z,{},0,0,1,did:plc:zaxncezliltsvgwzs4movgn6,rmepiphanies.bsky.social,Russell Miller,0,0,0,2024-11-15T20:45:14.044Z,,False,,False,"""[]""",2025-07-04T14:32:59.172272Z,Vrai,"[0.006387915462255478, 0.9936121106147766]"
at://did:plc:mjjhewaevvpabatdqr2bz5i6/app.bsky.feed.post/3lt5gav2fhk2b,https://bsky.app/profile/geographile.bsky.social/post/3lt5gav2fhk2b,bafyreia7wszkzivlbwkd2uijnz5nciqjqqhdw4foc7bt5kyvddqgepgtuy,I've been following Qasim Rashid since he first appeared on Twitter under a different username. He is a brilliant and ethical political thinker and would be a great legislator.  But it kills me in fact this administration could try to remove his citizenship.  open.substack.com/pub/qasimras...,2025-07-04T14:10:16.815Z,2025-07-04T14:10:18.734Z,"""external=External(description='A breakdown of what to expect in this new America run by a police state and billionaire oligarchs', title='This July 4th the Big Ugly Bill Devastates Our Freedoms', uri='https://open.substack.com/pub/qasimrashid/p/this-july-4th-the-big-ugly-bill-devastates?utm_source=share&utm_medium=android&r=3528t', thumb=BlobRef(mime_type='image/jpeg', size=462426, ref=IpldLink(link='bafkreiayhl7yeuq6gqi7erdllclsb3ajc76dnfynlkhxf3buaj3qee43ky'), py_type='blob'), py_type='app.bsky.embed.external#external') py_type='app.bsky.embed.external'""",1,0,0,did:plc:mjjhewaevvpabatdqr2bz5i6,geographile.bsky.social,Mary (geographile),0,0,0,2023-08-18T16:43:54.576Z,,False,,False,"""[]""",2025-07-04T14:32:59.172311Z,Vrai,"[0.23499293625354767, 0.7650070190429688]"
at://did:plc:utxcyb4jehlsd5h43hzxxnel/app.bsky.feed.post/3lt5g7wrlj22j,https://bsky.app/profile/baptistelerak.bsky.social/post/3lt5g7wrlj22j,bafyreigxoip3ph22hxnowa6ni7ey5riec2opyzseyd6wvjko2mfqbooptm,"Yes, they're deadweight in the sense that they don't produce anything of value in the greater political conflict, only serving as intra-party lobbying organs.",2025-07-04T14:09:45.069Z,2025-07-04T14:09:44.544Z,{},4,0,1,did:plc:utxcyb4jehlsd5h43hzxxnel,baptistelerak.bsky.social,Baptiste Lerak,0,0,0,2023-09-18T18:35:14.248Z,,False,,False,"""[]""",2025-07-04T14:32:59.172645Z,Vrai,"[0.0034941250924021006, 0.996505856513977]"
at://did:plc:jchvolge6kt6ub2ba5pxbw7g/app.bsky.feed.post/3lt5g7ro6yk2x,https://bsky.app/profile/lsepoliticsblog.bsky.social/post/3lt5g7ro6yk2x,bafyreicp5vijuf2yeq2bmdamphcyuyzvlebebreg666apvh2urshlh4dji,"Following his death in May, a number of commentators have tried to link Alstair MacIntyre’s critique of modernity with the post-liberal political movement. @pjthinker.bsky.social  argues that's a mistake.   blogs.lse.ac.uk/politicsandp...",2025-07-04T14:09:39.713Z,2025-07-04T14:09:44.841Z,"""external=External(description='While MacIntyre was one of the sharpest critics of liberal thought, he would not have aligned himself with the politics of post-liberalism.', title='MacIntyre\u2019s post-liberalism was not political - British Politics and Policy at LSE', uri='https://blogs.lse.ac.uk/politicsandpolicy/macintyres-post-liberalism-was-not-political/', thumb=BlobRef(mime_type='image/jpeg', size=692542, ref=IpldLink(link='bafkreib45xoydygpsndvd3o6ez62jik6gbvgxejtawxa5p6u2ho4tnrxo4'), py_type='blob'), py_type='app.bsky.embed.external#external') py_type='app.bsky.embed.external'""",1,0,0,did:plc:jchvolge6kt6ub2ba5pxbw7g,lsepoliticsblog.bsky.social,LSE British Politics and Policy blog,0,0,0,2024-11-20T09:58:30.969Z,,False,,False,"""[]""",2025-07-04T14:32:59.172729Z,Vrai,"[0.0028935857117176056, 0.9971063733100891]"
at://did:plc:teiz56e7p2oniov3hyg53psv/app.bsky.feed.post/3lt5g7o7qss2f,https://bsky.app/profile/krisweinschenker.bsky.social/post/3lt5g7o7qss2f,bafyreidtslkxgcvlk7jhwkk266tp4mhkubrcoap45sa2afntr5tzeid4ze,"When I called for an end of both political parties, the Thought Police at Facebook had my account executed. How much Facebook donate to Nancy Pelosi over the years????",2025-07-04T14:09:36.095Z,2025-07-04T14:09:37.340Z,"""images=[Image(alt='', image=BlobRef(mime_type='image/jpeg', size=269844, ref=IpldLink(link='bafkreifcns5hltpkbeqrfndwqiqop2z2l5xndlvmlmhsyqtgwwm3kthnsa'), py_type='blob'), aspect_ratio=AspectRatio(height=628, width=814, py_type='app.bsky.embed.defs#aspectRatio'), py_type='app.bsky.embed.images#image')] py_type='app.bsky.embed.images'""",0,0,0,did:plc:teiz56e7p2oniov3hyg53psv,krisweinschenker.bsky.social,Kris Weinschenker,0,0,0,2024-11-23T01:42:34.647Z,,False,,False,"""[]""",2025-07-04T14:32:59.172797Z,Faux,"[0.9974911212921143, 0.002508903620764613]"
at://did:plc:ujk32y4r4juj26d4murda4mf/app.bsky.feed.post/3lt5g6k7plc2u,https://bsky.app/profile/katymontgomerie.com/post/3lt5g6k7plc2u,bafyreihy47f52ny5e2ecq5pr72nyjnilassljx23uvgolnoczp7ecowlle,And to be ultra clear in case you try and worm around it: no one on earth is only attracted to cis people. You can't always tell who is trans or cis. A lot of people don't want to date trans people for political or cultural reasons. Which is their decision.,2025-07-04T14:08:58.346Z,2025-07-04T14:08:59.136Z,{},22,0,1,did:plc:ujk32y4r4juj26d4murda4mf,katymontgomerie.com,Katy Montgomerie 🦗,0,0,0,2023-05-03T08:31:27.278Z,,False,,False,"""[]""",2025-07-04T14:32:59.173086Z,Vrai,"[0.009804964996874332, 0.990195095539093]"
at://did:plc:zrz33wwhanmexrbz7vmhu2xx/app.bsky.feed.post/3lt5g5hvouc2y,https://bsky.app/profile/newsjennifer.bsky.social/post/3lt5g5hvouc2y,bafyreignepzshfsdno6m5c6i22qbsugh5pi2ca5utaeqyuhfsajvyswgky,"Just like 'Clinton Cash' in the run-up to the 2016 election or all of Christopher Rufo's bigoted trash, the Times is again using it's journalism platform to launder a political hit job. Perhaps there's a small story here but this piece ain't it.  Be sure to read @donmoyn.bsky.social's take:",2025-07-04T14:08:22.365Z,2025-07-04T14:08:24.036Z,"""media=Main(images=[Image(alt='The problem, of course, is that many people are not going to read the nuances of Mamdani\u2019s response, and assume he was engaged in unethical behavior. This matters because headline and the accusation often stick with a new politician, even when they do not represent reality.\\n\\nAnd it is not just that the reporters and editors decided that the story is newsworthy. They had to overcome some serious red flags to do so. ', image=BlobRef(mime_type='image/jpeg', size=88971, ref=IpldLink(link='bafkreifwiez42c2bwyu2qmszjsbjoz4ms7snqqixmmsse4frzrvnthms7i'), py_type='blob'), aspect_ratio=AspectRatio(height=249, width=616, py_type='app.bsky.embed.defs#aspectRatio'), py_type='app.bsky.embed.images#image')], py_type='app.bsky.embed.images') record=Main(record=Main(cid='bafyreibxyyshfxm6kbt73kalqago2dkjazjturisk2h4adb5czso5ibzw4', uri='at://did:plc:2rrp7amblhg3xoly5n5huiqv/app.bsky.feed.post/3lt4pwfqn2c25', py_type='com.atproto.repo.strongRef'), py_type='app.bsky.embed.record') py_type='app.bsky.embed.recordWithMedia'""",11,5,2,did:plc:zrz33wwhanmexrbz7vmhu2xx,newsjennifer.bsky.social,@NewsJennifer (Jennifer Schulze),0,0,0,2024-10-19T13:40:48.212Z,,False,,False,"""[]""",2025-07-04T14:32:59.599222Z,Vrai,"[0.0013518738560378551, 0.9986481070518494]"
at://did:plc:k7v2xumyoi7iuoevy276amfb/app.bsky.feed.post/3lt5g4tybfk2f,https://bsky.app/profile/itforchange.bsky.social/post/3lt5g4tybfk2f,bafyreihqukbrhds2f4ik5cw3c4riamgzddajewayjra4eett6vnqfyyy2y,"Brid Brennan is a political activist and popular educator. Her work focuses on the influence of transnational corporations in the global economy and politics, especially under neoliberal globalization.",2025-07-04T14:07:57.717Z,2025-07-04T14:08:03.768Z,"""external=External(description='', title='Digital Justice, Now! \u2013 Global Digital Justice Forum', uri='https://www.tinyurl.com/digitaljusticenow', thumb=None, py_type='app.bsky.embed.external#external') py_type='app.bsky.embed.external'""",0,0,1,did:plc:k7v2xumyoi7iuoevy276amfb,itforchange.bsky.social,IT for Change,0,0,0,2025-03-14T09:16:48.140Z,,False,,False,"""[]""",2025-07-04T14:32:59.599282Z,Vrai,"[0.006431093905121088, 0.9935688972473145]"
at://did:plc:43fdk46qa5gsokzygzildsaq/app.bsky.feed.post/3lt5g4i7wgp2a,https://bsky.app/profile/fintwitter.bsky.social/post/3lt5g4i7wgp2a,bafyreibdz7x7sera7k4b7eycg6g3xyqx7q5rzgb2hv5nvdmmcfcvu4cniy,"🇨🇳🇪🇺EU-CHINA EV TALKS NEARING COMPLETION; KEY ISSUE LIES IN EU'S POLITICAL WILL TO RESOLVE PENDING MATTERS - YUYUANTANTIAN, A WEIBO ACCOUNT AFFILIATED WITH CHINA CENTRAL TELEVISION",2025-07-04T14:07:48.767479+00:00,2025-07-04T14:07:49.338Z,{},1,1,0,did:plc:43fdk46qa5gsokzygzildsaq,fintwitter.bsky.social,FinTwitter,0,0,0,2024-11-26T13:26:44.445Z,,False,,False,"""[]""",2025-07-04T14:32:59.599303Z,Vrai,"[0.005310320761054754, 0.9946897029876709]"
at://did:plc:hz65nshcvm3hrasvjzsarev6/app.bsky.feed.post/3lt5g4anz7s2m,https://bsky.app/profile/dwilliams1210.com/post/3lt5g4anz7s2m,bafyreiaghouuvxlb7kmjw7yh2qdhh2y5ncfhsbl2laesxcj6aekdpvmlyq,"Taking to the lectern behind thick bulletproof glass in Des Moines, Iowa, on Thursday, Trump immediately started firing off political potshots. “They wouldn’t vote only because they hate Trump, but I hate them, too, you know?”",2025-07-04T14:07:41.219Z,2025-07-04T14:07:42.240Z,"""external=External(description='\u201cI cannot stand them, because I really believe they hate our country,\u201d the president said at a celebration on the eve of July 4.', title='Trump Kicks Off Celebration of America by Declaring His Hatred for Democrats', uri='https://www.thedailybeast.com//trump-kicks-off-celebration-of-america-by-declaring-his-hatred-for-democrats/?via=ios', thumb=BlobRef(mime_type='image/jpeg', size=230675, ref=IpldLink(link='bafkreifhl43srao4qg6kkyxjw5k53mrqxikn352eknx5qs3sdwooxv7geu'), py_type='blob'), py_type='app.bsky.embed.external#external') py_type='app.bsky.embed.external'""",4,5,4,did:plc:hz65nshcvm3hrasvjzsarev6,dwilliams1210.com,Debby Williams 💙♐️,0,0,0,2023-10-16T15:05:39.007Z,,False,,False,"""[]""",2025-07-04T14:32:59.599575Z,Opinion personnelle,"[0.537979781627655, 0.46202027797698975]"
at://did:plc:ayx5i5ewu2qkbcqy4ufhrbo3/app.bsky.feed.post/3lt5g47hbxk2j,https://bsky.app/profile/markruskell.bsky.social/post/3lt5g47hbxk2j,bafyreigyksokn3l3ubek227w4ghys3kg2mnlwsxfym2odnl6vgpcugs6q4,It’s the biggest positive change I’ve helped to deliver in my political career,2025-07-04T14:07:39.950Z,2025-07-04T14:07:41.438Z,{},1,0,0,did:plc:ayx5i5ewu2qkbcqy4ufhrbo3,markruskell.bsky.social,Mark Ruskell,0,0,0,2024-02-11T08:02:27.681Z,,False,,False,"""[]""",2025-07-04T14:32:59.599601Z,Vrai,"[0.0019878377206623554, 0.9980121850967407]"
at://did:plc:ujk32y4r4juj26d4murda4mf/app.bsky.feed.post/3lt5g476vfs2u,https://bsky.app/profile/katymontgomerie.com/post/3lt5g476vfs2u,bafyreigijwu6ixe2f7ooh7v4dhlcuro2prrxdnbt5olvce5e2wveaqybnq,"The app is intended to be a political statement about excluding trans people from society. Normal people who are transphobic who match with a trans person just say ""sorry I don't want to date a trans person"" and that's it. They don't need apps. Only anti trans activists who want media attention",2025-07-04T14:07:39.676Z,2025-07-04T14:07:40.742Z,{},20,0,2,did:plc:ujk32y4r4juj26d4murda4mf,katymontgomerie.com,Katy Montgomerie 🦗,0,0,0,2023-05-03T08:31:27.278Z,,False,,False,"""[]""",2025-07-04T14:32:59.599619Z,Vrai,"[0.0026748143136501312, 0.9973251819610596]"
at://did:plc:glc2iifb734djdfeqctki6lx/app.bsky.feed.post/3lt5g3v24tc2e,https://bsky.app/profile/jcasap.bsky.social/post/3lt5g3v24tc2e,bafyreicuefrrqajoge3dvk3rqskzknippyht5bgl7j4tmwto7btdgej3wu,"“When in the Course of human events, it becomes necessary for one people to dissolve the political bands which have connected them with another, and to assume among the powers of the earth, the separate and equal station to which the Laws of Nature and of Nature's God entitle them,",2025-07-04T14:07:29.034Z,2025-07-04T14:07:29.435Z,{},0,0,1,did:plc:glc2iifb734djdfeqctki6lx,jcasap.bsky.social,Jaime Casap,0,0,0,2024-02-09T15:16:49.900Z,,False,,False,"""[]""",2025-07-04T14:32:59.599636Z,Vrai,"[0.008062304928898811, 0.9919376969337463]"
at://did:plc:q3usjczf2mxgprbw2ubzlzhf/app.bsky.feed.post/3lt5g3rylqc2a,https://bsky.app/profile/darickr.bsky.social/post/3lt5g3rylqc2a,bafyreicny3bqm3tdhzc3kp25buh6emtcoapnaoetyny2scbbvhxc3u4sdq,"“It was par for the course for congressional Republicans who, in recent years, have shown a proclivity for taking bold, theatrical stands before meekly capitulating in the face of political pressure — particularly from Trump.”",2025-07-04T14:07:25.837Z,2025-07-04T14:07:28.239Z,"""external=External(description='Congressional Republicans are again facing scrutiny for what is being described as their increasingly familiar political routine: fiery opposition followed by quiet surrender \u2013 especially when Preside...', title='GOP\u2019s \u2018big fold\u2019 now a habit: report', uri='https://www.rawstory.com/trump-spending-bill-2672600154/', thumb=BlobRef(mime_type='image/jpeg', size=389651, ref=IpldLink(link='bafkreidysq6osjegfeeif3dblqsfxudf4m22txnquzmrrevj7wo7ogghmm'), py_type='blob'), py_type='app.bsky.embed.external#external') py_type='app.bsky.embed.external'""",2,1,1,did:plc:q3usjczf2mxgprbw2ubzlzhf,darickr.bsky.social,Darick,0,0,0,2023-06-29T23:10:24.058Z,,False,,False,"""[]""",2025-07-04T14:32:59.599675Z,Vrai,"[0.0023181105498224497, 0.9976818561553955]"
at://did:plc:w6fumtecirc6dlvimyl74amm/app.bsky.feed.post/3lt5g3nizyc2g,https://bsky.app/profile/mythicos.bsky.social/post/3lt5g3nizyc2g,bafyreihewytxogrs4wrgoiiod7ik672fgtui7tdtk6bmhrehlpxd2df43a,"Fascism *IS* America. America *IS* Fascism.  And until the civil society rises to put a stop to it (the political, mediatic and judicial worlds have all failed), this will keep being true.  #USPolitics",2025-07-04T14:07:21.133Z,2025-07-04T14:07:22.047Z,"""record=Main(cid='bafyreigjzjggwj6iwvpkwi2ga6elwz4hytkqjqudt3ke7n2yozgnxrbt7y', uri='at://did:plc:y4zs4cabaezzwx3bz2e5nnj2/app.bsky.feed.post/3lt5b2kxqve2w', py_type='com.atproto.repo.strongRef') py_type='app.bsky.embed.record'""",0,0,0,did:plc:w6fumtecirc6dlvimyl74amm,mythicos.bsky.social,Tristan Chénier,0,0,0,2023-09-18T21:27:32.923Z,,False,,False,"""[]""",2025-07-04T14:32:59.599700Z,Vrai,"[0.0005246708169579506, 0.9994753003120422]"
at://did:plc:pkhdwmvqncsub4l223mu4r6f/app.bsky.feed.post/3lt5g32s7us2d,https://bsky.app/profile/threeapp.bsky.social/post/3lt5g32s7us2d,bafyreigp2wgqu7kgyphts226v3s5vya2etc52h4t5nnsn5amucrnmkc4qm,Why don’t they join their fellow Marxists who already have a political party?,2025-07-04T14:07:01.512Z,2025-07-04T14:07:03.042Z,{},0,0,0,did:plc:pkhdwmvqncsub4l223mu4r6f,threeapp.bsky.social,,0,0,0,2024-11-18T11:12:59.146Z,,False,,False,"""[]""",2025-07-04T14:32:59.599960Z,Vrai,"[0.0027455755043774843, 0.9972544312477112]"
at://did:plc:jchvolge6kt6ub2ba5pxbw7g/app.bsky.feed.post/3lt5g2if4cs2x,https://bsky.app/profile/lsepoliticsblog.bsky.social/post/3lt5g2if4cs2x,bafyreifmdbxoql75i6jkrlcjme62ts45hbsougkjimo3fzxcy3lhituimy,"💡New! Under the threat of a rebellion, the Government has U-turned on its welfare reform plans. But Melanie Henwood  argues that the Government will still have to deal with the rising cost of the welfare bill, as well as the political cost of its policy reversal.  blogs.lse.ac.uk/politicsandp...",2025-07-04T14:06:42.206Z,2025-07-04T14:06:47.636Z,"""external=External(description='The Government has u-turned on its welfare reform plans. But the Government still has to deal with the rising cost of the welfare bill, and the political cost of its policy reversal.', title='Labour\u2019 welfare reform battle isn\u2019t over - British Politics and Policy at LSE', uri='https://blogs.lse.ac.uk/politicsandpolicy/labour-welfare-reform-battle-isnt-over/', thumb=BlobRef(mime_type='image/jpeg', size=727100, ref=IpldLink(link='bafkreibzdtovgqtqhrnzgqxx2kudxhc7wv53tid5leo7r3qer4fh44sui4'), py_type='blob'), py_type='app.bsky.embed.external#external') py_type='app.bsky.embed.external'""",0,0,0,did:plc:jchvolge6kt6ub2ba5pxbw7g,lsepoliticsblog.bsky.social,LSE British Politics and Policy blog,0,0,0,2024-11-20T09:58:30.969Z,,False,,False,"""[]""",2025-07-04T14:32:59.600025Z,Vrai,"[0.00766211049631238, 0.9923378825187683]"
at://did:plc:l6s5z3wk6arecvdeepliguma/app.bsky.feed.post/3lt5g2cjzyc2w,https://bsky.app/profile/trumpscene.com/post/3lt5g2cjzyc2w,bafyreihnztpltp6bx4iz6yjssqpoehzib6hzl3nc5r4i24tuxxklszv4ze,"Frank Bisignano, a major Trump donor appointed as Social Security head, is sending political emails supporting the big evil bill. ""I'm like, 'What the heck's the commissioner of Social Security?'"" said Bisignano, who now oversees one of the largest federal agencies.",2025-07-04T14:06:36.074Z,2025-07-04T14:06:40.337Z,"""images=[Image(alt='', image=BlobRef(mime_type='image/jpeg', size=754853, ref=IpldLink(link='bafkreig2ysm2oslqipei4ctxstmjruge2gsvoz6rcutmknz23oucirgnsq'), py_type='blob'), aspect_ratio=AspectRatio(height=1396, width=1184, py_type='app.bsky.embed.defs#aspectRatio'), py_type='app.bsky.embed.images#image')] py_type='app.bsky.embed.images'""",0,0,0,did:plc:l6s5z3wk6arecvdeepliguma,trumpscene.com,Robert Reilly,0,0,0,2024-11-13T13:33:54.588Z,,False,,False,"""[]""",2025-07-04T14:32:59.600067Z,Opinion personnelle,"[0.5616595149040222, 0.4383404850959778]"
at://did:plc:s4bjtqr4mzwwvhha55njuhrj/app.bsky.feed.post/3lt5g22xdf22u,https://bsky.app/profile/sararah.bsky.social/post/3lt5g22xdf22u,bafyreic5vw22vlhyxztmuxgxh2x23tlbdgvnc3r4v546q3qbn4xthkutwm,"She said every time a first-time voter emerged from the voting booth, the remaining people in line would erupt into cheers. The way this warmed my battered heart. To see a new kind of political enthusiasm bubbling up in typically discouraged voters? Maybe there is hope. ❤️🇺🇸",2025-07-04T14:06:28.113Z,2025-07-04T14:06:28.374Z,{},7,0,0,did:plc:s4bjtqr4mzwwvhha55njuhrj,sararah.bsky.social,Air Compressor Queen USA 2025,0,0,0,2023-07-11T18:53:24.098Z,,False,,False,"""[]""",2025-07-04T14:32:59.600085Z,Vrai,"[0.003146837931126356, 0.9968531727790833]"
at://did:plc:7j6m6s2leiamz5qngkpl6hb7/app.bsky.feed.post/3lt5fzfa2ec2q,https://bsky.app/profile/gaffersamgee.bsky.social/post/3lt5fzfa2ec2q,bafyreibsp4ylaw5ibksafp3chrm5ajmlnazccukmi4j7mj5w4xb4orak4q,"That and 15 years of the same crushing political direction, aye.",2025-07-04T14:06:05.342Z,2025-07-04T14:06:05.941Z,{},0,0,1,did:plc:7j6m6s2leiamz5qngkpl6hb7,gaffersamgee.bsky.social,Sam Chase,0,0,0,2023-08-01T15:36:34.401Z,,False,,False,"""[]""",2025-07-04T14:32:59.600418Z,Faux,"[0.6049931049346924, 0.39500692486763]"
at://did:plc:4sdlrs3pqhpkatc2qfoxilyf/app.bsky.feed.post/3lt5fyzumi224,https://bsky.app/profile/publicuniversal.bsky.social/post/3lt5fyzumi224,bafyreigelq6q3aih4c5dzacwxc6ic6w4jwpk2nxedhumwcrqnilabqwe24,"(And a way to square the circle of rural trumpy politics, given who tends to hold political power in those places)",2025-07-04T14:05:53.432Z,2025-07-04T14:05:53.734Z,{},0,0,1,did:plc:4sdlrs3pqhpkatc2qfoxilyf,publicuniversal.bsky.social,Public Universal Fiend,0,0,0,2023-07-18T17:47:03.768Z,,False,,False,"""[]""",2025-07-04T14:32:59.600758Z,Vrai,"[0.011087018996477127, 0.9889129996299744]"
at://did:plc:4pljseagjrvsk54kohfxbhcr/app.bsky.feed.post/3lt5fylfbdc23,https://bsky.app/profile/ninabeth.bsky.social/post/3lt5fylfbdc23,bafyreih2qcp5ym6h7um4hv26qpfjoqa27whhnest2auxh4pujmmmyovpma,Got my happy email from the SSA today.  Political propaganda from a government agency.  Very clever and likely not the last message.  Trying to pit the old people against the Medicaid casualties.,2025-07-04T14:05:38.247Z,2025-07-04T14:05:38.442Z,{},0,0,0,did:plc:4pljseagjrvsk54kohfxbhcr,ninabeth.bsky.social,,0,0,0,2023-12-06T00:11:59.633Z,,False,,False,"""[]""",2025-07-04T14:32:59.600826Z,Vrai,"[0.013588501140475273, 0.9864115118980408]"
at://did:plc:cm5kw366y7mfv2xyxfannnfi/app.bsky.feed.post/3lt5fyjcte22e,https://bsky.app/profile/arlenr24.bsky.social/post/3lt5fyjcte22e,bafyreifuflaz4ovqiacnlnq4ygv2cyflvdm4toq4iufxkuncynbsj5vzdy,"I have seen much of this - in my family, in my circles, and where I live.  And I've seen zero evidence that is true.  People do not have the stomach to disown friends and family members. Especially those that are not political or intelligent.  I appreciate the hopeful sentiment. But I don't see it.",2025-07-04T14:05:36.073Z,2025-07-04T14:05:34.742Z,{},0,0,1,did:plc:cm5kw366y7mfv2xyxfannnfi,arlenr24.bsky.social,ArlenR24,0,0,0,2024-01-01T20:04:06.253Z,,False,,False,"""[]""",2025-07-04T14:32:59.600853Z,Vrai,"[0.0028050383552908897, 0.9971948862075806]"
at://did:plc:32u3yiap3mlixgp6t75erk4y/app.bsky.feed.post/3lt5fyfsvd22d,https://bsky.app/profile/recordstoliveby.bsky.social/post/3lt5fyfsvd22d,bafyreifjnjat67r5pbotv7deqeen3erwo54t7rl2qcmt4jirtf6g52sibq,"It won't, it never has. The political system favours the rich",2025-07-04T14:05:32.405Z,2025-07-04T14:05:33.441Z,{},0,0,1,did:plc:32u3yiap3mlixgp6t75erk4y,recordstoliveby.bsky.social,Steve (he / him),0,0,0,2024-11-06T16:18:11.982Z,,False,,False,"""[]""",2025-07-04T14:32:59.600871Z,Vrai,"[0.0038999151438474655, 0.9961000680923462]"
at://did:plc:7usnmvfgeb4oczsuxp2i2ktl/app.bsky.feed.post/3lt5fy6sgpc2a,https://bsky.app/profile/morrbeat.bsky.social/post/3lt5fy6sgpc2a,bafyreihjrdncnnbbvcpnzrc5rvgk4nb3g3lywvpcyzlswlwm4ghvxyjcuy,Honestly HEADS OF STATE feels like an end point for this kind of high concept thriller - there’s simply too much political baggage out in the real world for even fun cartoony takes like this one (still a good action movie!) to work without tying itself into knots,2025-07-04T14:05:25.050Z,2025-07-04T14:05:25.640Z,{},0,0,0,did:plc:7usnmvfgeb4oczsuxp2i2ktl,morrbeat.bsky.social,Anthony Morris,0,0,0,2023-07-24T07:08:45.484Z,,False,,False,"""[]""",2025-07-04T14:32:59.600889Z,Vrai,"[0.0032527989242225885, 0.9967471361160278]"
at://did:plc:bcgtpezwhu5ynanpiezkmfim/app.bsky.feed.post/3lt5fxjmyxs2a,https://bsky.app/profile/sloanelysbeth.bsky.social/post/3lt5fxjmyxs2a,bafyreicxgtdofax52d3ovxniyrpq3auoir2l2yecawkzy6dkc3o3ke7cqy,id love to know what the political spectrum looks like to folks who say things like this.,2025-07-04T14:05:02.851Z,2025-07-04T14:05:05.547Z,"""record=Main(cid='bafyreigfadkwriwiqb5jgxfhxvvst2t7xwskuy7zt6zid5ycivfvmptjoe', uri='at://did:plc:jndn3b4f2ulhnta544py6pon/app.bsky.feed.post/3lt5cu2mqlc2t', py_type='com.atproto.repo.strongRef') py_type='app.bsky.embed.record'""",12,0,4,did:plc:bcgtpezwhu5ynanpiezkmfim,sloanelysbeth.bsky.social,รℓσαɳε ℓყรɓεƭɦ 🏳️‍🌈,0,0,0,2023-06-21T11:50:53.559Z,,False,,False,"""[]""",2025-07-04T14:32:59.600922Z,Faux,"[0.9996333122253418, 0.0003666181873995811]"
at://did:plc:i3wu53ofvdsgpjazvmhg5npl/app.bsky.feed.post/3lt5fwwh7ek2y,https://bsky.app/profile/lensman23.bsky.social/post/3lt5fwwh7ek2y,bafyreigi6lkecxwzsgwuytkamidyazliwtdbbiq6qlts2t6vyzhtvjizwa,Political Cartoon of the Day by Jeff Danziger.,2025-07-04T14:04:42.724Z,2025-07-04T14:04:44.240Z,"""images=[Image(alt='', image=BlobRef(mime_type='image/jpeg', size=125747, ref=IpldLink(link='bafkreibfjnwnru2sprsn5z5ussdd7eivd7pqv4k46r3sviojfeejns3rmu'), py_type='blob'), aspect_ratio=AspectRatio(height=506, width=723, py_type='app.bsky.embed.defs#aspectRatio'), py_type='app.bsky.embed.images#image')] py_type='app.bsky.embed.images'""",2,0,0,did:plc:i3wu53ofvdsgpjazvmhg5npl,lensman23.bsky.social,Lady Haha,0,0,0,2024-02-08T16:12:21.642Z,,False,,False,"""[]""",2025-07-04T14:32:59.601224Z,Faux,"[0.9985561966896057, 0.0014438534853979945]"
at://did:plc:3fccz4macdyzaegjlkfic3in/app.bsky.feed.post/3lt5fwpnrec2x,https://bsky.app/profile/billiejsweeney.bsky.social/post/3lt5fwpnrec2x,bafyreig4xvrjzd22k35a43enq7l5dmgmad7muxtlignrhhsiajpvlph2ve,Exactly. The nyt applies shifting “standards” to matters of race and gender to meet Sulzberger’s political impulses. An ethical news org would examine how this disgrace was pubbed. We can safely assume the nyt won’t do that.   But it’s a great target for a media reporter looking for a real scoop,2025-07-04T14:04:35.613Z,2025-07-04T14:04:36.342Z,"""record=Main(cid='bafyreib2eazjv6kvi2j3f437c5qpjlb2oqzykjrqf4zoowsikyhgujlojy', uri='at://did:plc:a4afgbnxswr67ibb2buhknax/app.bsky.feed.post/3lt4gw3avcs2n', py_type='com.atproto.repo.strongRef') py_type='app.bsky.embed.record'""",6,1,0,did:plc:3fccz4macdyzaegjlkfic3in,billiejsweeney.bsky.social,Billie Jean Sweeney,0,0,0,2024-11-13T12:18:32.289Z,,False,,False,"""[]""",2025-07-04T14:32:59.601258Z,Vrai,"[0.003927126061171293, 0.9960728883743286]"
at://did:plc:iaua56b5jdng7eoevy3l4q7n/app.bsky.feed.post/3lt5fwd7uws22,https://bsky.app/profile/raerae2344.bsky.social/post/3lt5fwd7uws22,bafyreifpwcvita65gpqkr74qypqhef5fo7dzckx5clvnxywigodsovcqb4,"I am NOT sorry for being political on my own account. I am still incredibly baffled that this cruel bill at USA exist and they voted yes to what is basically ""kill everybody or get everybody homeless"" bill",2025-07-04T14:04:22.576Z,2025-07-04T14:04:23.739Z,{},2,0,0,did:plc:iaua56b5jdng7eoevy3l4q7n,raerae2344.bsky.social,RaeRae | VGEN COMMS OPEN!(Artfight~),0,0,0,2024-10-16T22:51:47.307Z,,False,,False,"""[]""",2025-07-04T14:32:59.601275Z,Vrai,"[0.015198723413050175, 0.9848012328147888]"
at://did:plc:6xwecxh3pzgzngyon3yrtra7/app.bsky.feed.post/3lt5fwcgs7c2w,https://bsky.app/profile/neonflag.bsky.social/post/3lt5fwcgs7c2w,bafyreihvqmij7duikq6ois5kckkvvai2jhorqruov72vzyjhmu66foollm,"So, expect the open appeal for a Trump pardon, assuming he doesn't just order the feds to drop the case, and screw the investors. Political loyalty matters more than the law to Trump.  But one has to wonder what happens with Erick Erickson, who promoted this grift with his brand.",2025-07-04T14:04:19.650Z,2025-07-04T14:04:26.527Z,"""images=[Image(alt='', image=BlobRef(mime_type='image/jpeg', size=265615, ref=IpldLink(link='bafkreidqnm54u7hk4hpj6bvrngbktdfwjukvee73cb4e7l3qy52qfcnsau'), py_type='blob'), aspect_ratio=AspectRatio(height=319, width=923, py_type='app.bsky.embed.defs#aspectRatio'), py_type='app.bsky.embed.images#image')] py_type='app.bsky.embed.images'""",2,0,1,did:plc:6xwecxh3pzgzngyon3yrtra7,neonflag.bsky.social,George Chidi (@neonflag),0,0,0,2023-12-21T04:37:56.873Z,,False,,False,"""[]""",2025-07-04T14:32:59.601309Z,Vrai,"[0.00165075424592942, 0.9983493089675903]"
at://did:plc:4zsnqlaayna6btknsoar3ge5/app.bsky.feed.post/3lt5fw6twgc2i,https://bsky.app/profile/leonardocarella.bsky.social/post/3lt5fw6twgc2i,bafyreietadxged6pxrhgfizv6epllumh6vc5ejox4md6ajgtmg2wlu4tzq,"I keep wondering whether Starmer is more like Wilson (has absolutely no vision, has to deal with an impossible party, delays the inevitable making it worse) or like Heath (no people or political skills, ultimately hates his own party, can’t stick to the plan, almost comically unlucky).",2025-07-04T14:04:17.989Z,2025-07-04T14:04:18.639Z,{},13,1,8,did:plc:4zsnqlaayna6btknsoar3ge5,leonardocarella.bsky.social,Leonardo Carella,0,0,0,2023-10-31T10:33:48.654Z,,False,,False,"""[]""",2025-07-04T14:32:59.601325Z,Vrai,"[0.006323706358671188, 0.9936762452125549]"
at://did:plc:qelhiadfnqzchdf2tpc4cmwd/app.bsky.feed.post/3lt5fw6ihac2e,https://bsky.app/profile/jbfireblade929.bsky.social/post/3lt5fw6ihac2e,bafyreibngsqzguuhw6lf2qrhd3uhhxgptgi4i3rh25j3sju4njiosclrhe,"For 30 years my politics has been centrist. My ideas and ideals haven't changed nor wavered, yet lately, I'm more and more aligned toward the left. That's not me, I'm steadfast. That's the political landscape around me. Why, eh? 🤷‍♂️",2025-07-04T14:04:17.613Z,2025-07-04T14:04:20.138Z,{},0,0,0,did:plc:qelhiadfnqzchdf2tpc4cmwd,jbfireblade929.bsky.social,John Bourke,0,0,0,2023-12-09T06:37:14.090Z,,False,,False,"""[]""",2025-07-04T14:32:59.601340Z,Vrai,"[0.0010393308475613594, 0.9989606142044067]"
at://did:plc:x3sy25ej3fegmjilpmfmdgba/app.bsky.feed.post/3lt5fvsaeec2a,https://bsky.app/profile/jmichalicek.bsky.social/post/3lt5fvsaeec2a,bafyreidoboazx3geaogrow6yxem6bdwpbbwkbgkbr7bdkuawpb3gqbtcra,"It's not ""one man"". He has a team of handpicked leaders who were approved by both parties, was made the choice for president by an entire political party (and good chunk of the country) twice despite supporting insurrection after the first time. He is just a symtpom of a much bigger problem.",2025-07-04T14:04:04.765Z,2025-07-04T14:04:05.941Z,{},0,0,0,did:plc:x3sy25ej3fegmjilpmfmdgba,jmichalicek.bsky.social,,0,0,0,2025-03-22T23:23:32.642Z,,False,,False,"""[]""",2025-07-04T14:32:59.601355Z,Faux,"[0.668004035949707, 0.33199596405029297]"
at://did:plc:lv3leecdjlbqf2nmersifh6n/app.bsky.feed.post/3lt5fvef7p22k,https://bsky.app/profile/carolynsuehall.bsky.social/post/3lt5fvef7p22k,bafyreicfldjtzdi3xyrrxckbquuy7strywdozdz5rk4fgs6umy6n6ns6au,This Social Security e-mail is the first time I ever remember getting correspondence with a clear blatant political stance from a government agency. In plain sight Trump has morphed this country into a dictatorship. Congress is full of vapid sycophants. I’m not sure democracy is ever coming back. 💔,2025-07-04T14:03:50.244Z,2025-07-04T14:03:51.041Z,{},0,0,0,did:plc:lv3leecdjlbqf2nmersifh6n,carolynsuehall.bsky.social,Carolyn Hall,0,0,0,2025-01-07T23:33:22.544Z,,False,,False,"""[]""",2025-07-04T14:32:59.601863Z,Vrai,"[0.21225236356258392, 0.7877476215362549]"
at://did:plc:dmmm7b7yt4po3nfdauoa6ev7/app.bsky.feed.post/3lt5fvaecp22o,https://bsky.app/profile/crobertbuchanan.bsky.social/post/3lt5fvaecp22o,bafyreibt2adoldsrydtcm2djltbd2sec76qwxnstgahedrigfr644bkqha,It remains to be seen how long a political party predicated on doing mortal and material harm to their constituents and remain viable.,2025-07-04T14:03:46.021Z,2025-07-04T14:03:46.539Z,{},0,0,0,did:plc:dmmm7b7yt4po3nfdauoa6ev7,crobertbuchanan.bsky.social,CRobertBuchanan,0,0,0,2023-09-29T03:00:17.331Z,,False,,False,"""[]""",2025-07-04T14:32:59.601886Z,Vrai,"[0.004688791465014219, 0.9953112006187439]"
at://did:plc:7j6m6s2leiamz5qngkpl6hb7/app.bsky.feed.post/3lt5fuycvfc2q,https://bsky.app/profile/gaffersamgee.bsky.social/post/3lt5fuycvfc2q,bafyreif7c5ptnzctiqqrururjm6snzt6dzrrpsnrrxmwbfhliqkaweos5u,"Dont think you’re a grouch Rik, I think you’re being rightly cautious after how many hopeful flashes in the political pan that go nowhere.  I’m skeptical, but it’s *something* & four years still to go.  Could be a wake up call to Labour to cleanse the party of their Red-Tory elements, but who knows",2025-07-04T14:03:37.585Z,2025-07-04T14:03:38.244Z,{},1,0,1,did:plc:7j6m6s2leiamz5qngkpl6hb7,gaffersamgee.bsky.social,Sam Chase,0,0,0,2023-08-01T15:36:34.401Z,,False,,False,"""[]""",2025-07-04T14:32:59.602160Z,Vrai,"[0.06800355017185211, 0.9319964051246643]"
at://did:plc:j67uwsjekgk2g367h3qk663p/app.bsky.feed.post/3lt5fuxy7ls2x,https://bsky.app/profile/alisonywlam.bsky.social/post/3lt5fuxy7ls2x,bafyreid7za3w7m4vqur5cv6d3ulaojvesyg3mv432jlhll4xg7zcxvj4ve,"At this year’s #FSSHC #Congress2025, I presented as part of the #ESRC. My paper explored the ways in which grassroots political environmental movements can influence global policy frameworks through cooperative, democratic engagement.  alisonywlam.wixsite.com/green-politi...",2025-07-04T14:03:37.235Z,2025-07-04T14:03:41.335Z,"""external=External(description='This year\u2019s Federation of Social Sciences and Humanities Congress 2025\\xa0was an inspiring convergence of scholars, researchers, and thought leaders committed to advancing knowledge and societal change. ...', title='Canadian Sociological Association (CSA) Conference - Federation for the Humanities and Social Sciences Congress 2025 - Part 1', uri='https://alisonywlam.wixsite.com/green-politics/post/csa-conference-2025-part-1', thumb=BlobRef(mime_type='image/jpeg', size=955351, ref=IpldLink(link='bafkreidxxpz7nzsian2v7dgpxdfhay44qwtjbgrqd2wdgfvkwlwdioljy4'), py_type='blob'), py_type='app.bsky.embed.external#external') py_type='app.bsky.embed.external'""",0,0,0,did:plc:j67uwsjekgk2g367h3qk663p,alisonywlam.bsky.social,Alison Lam,0,0,0,2025-02-08T15:01:08.644Z,,False,,False,"""[]""",2025-07-04T14:32:59.602220Z,Vrai,"[0.002058753278106451, 0.9979411959648132]"
at://did:plc:hkpsrvtunzklgcrghrwfti4v/app.bsky.feed.post/3lt5fuof4h22t,https://bsky.app/profile/greenpeaches2.bsky.social/post/3lt5fuof4h22t,bafyreibluhpwzj5ebwwgpqvw5uyyrrz5gv23vse4bfkefjuh4k4ygpzxeu,I’m afraid they will be stupid enough; same for liberal idealists who won’t vote for primary winners out of spite or political dogma.,2025-07-04T14:03:27.173Z,2025-07-04T14:03:27.742Z,{},0,0,0,did:plc:hkpsrvtunzklgcrghrwfti4v,greenpeaches2.bsky.social,GreenPeaches2 🦋,0,0,0,2024-11-12T02:20:15.209Z,,False,,False,"""[]""",2025-07-04T14:32:59.602238Z,Faux,"[0.6214368939399719, 0.3785630464553833]"
at://did:plc:j74evrudqehtkdtblc7tfxfh/app.bsky.feed.post/3lt5fudoarc2i,https://bsky.app/profile/d-rac.bsky.social/post/3lt5fudoarc2i,bafyreie62izmexyjch75f7f4wtvaocah5fz4e3yiy4qs2jl6tyumx64qbi,Please tell me about all your successful political campaigns,2025-07-04T14:03:15.937Z,2025-07-04T14:03:16.636Z,{},0,0,1,did:plc:j74evrudqehtkdtblc7tfxfh,d-rac.bsky.social,dRac,0,0,0,2024-10-18T14:04:43.410Z,,False,,False,"""[]""",2025-07-04T14:32:59.602254Z,Faux,"[0.9787693023681641, 0.02123071998357773]"
at://did:plc:awjwux44ju6tr7bh67plawrf/app.bsky.feed.post/3lt5fub7fdc2k,https://bsky.app/profile/justmoniduh.bsky.social/post/3lt5fub7fdc2k,bafyreihumsd23kmew5j46ldjdv3z624lkoyao2jmhiknqmx2xmcj33q26i,I am only asking you to be a human who cares about other humans. That’s it. #fyp #politics #political #politicstiktok #politicaltiktok #trump #trumpadministration #bigbeautifulbill #medicaid #medicare #snap #wic #benefits #federalbenefits,2025-07-04T14:03:13.353Z,2025-07-04T14:03:14.043Z,"""video=BlobRef(mime_type='video/mp4', size=3938457, ref=IpldLink(link='bafkreiba32hgq5lz32ojgyqcafzhg27k3tt5y4b2pipth3zbxm6mesfjnq'), py_type='blob') alt=None aspect_ratio=AspectRatio(height=1280, width=720, py_type='app.bsky.embed.defs#aspectRatio') captions=None py_type='app.bsky.embed.video'""",0,0,0,did:plc:awjwux44ju6tr7bh67plawrf,justmoniduh.bsky.social,JustMoniDuh,0,0,0,2024-11-12T20:08:49.604Z,,False,,False,"""[]""",2025-07-04T14:32:59.602289Z,Faux,"[0.8634499311447144, 0.13655000925064087]"
at://did:plc:fuxmpxny6xzwmdgpsgvgxpgi/app.bsky.feed.post/3lt5fttlxqc2y,https://bsky.app/profile/angsty61.bsky.social/post/3lt5fttlxqc2y,bafyreifxf2se3ue7g6chfag5nncjz4mbkpcd5r42fybu7pt7bk67gzwqb4,"Never,in my life, have I heard a president say he hates a political party. It’s heartwarming, isn’t it? My thought…you get what you give, asshole.",2025-07-04T14:02:59.086Z,2025-07-04T14:02:59.635Z,{},1,0,0,did:plc:fuxmpxny6xzwmdgpsgvgxpgi,angsty61.bsky.social,,0,0,0,2024-11-13T14:28:48.486Z,,False,,False,"""[]""",2025-07-04T14:32:59.602305Z,Vrai,"[0.02829126827418804, 0.9717087149620056]"
at://did:plc:2slpjbuv5lc453lqffesqzaa/app.bsky.feed.post/3lt5ftqeqys2i,https://bsky.app/profile/drudnerbraha.bsky.social/post/3lt5ftqeqys2i,bafyreidnwfncbbvqqzeiozylbkkd6udojbgmosfitrq635vtcox5tozana,"🇺🇸 I love my country 🇺🇸  Today, is just another day under the rule of a felonious psychotic narcissist and a political party that is trying to destroy our democracy and nation.     Have a great day everyone and hopefully our beloved celebration of independence will return someday soon ♥️",2025-07-04T14:02:55.703Z,2025-07-04T14:02:56.938Z,{},2,1,0,did:plc:2slpjbuv5lc453lqffesqzaa,drudnerbraha.bsky.social,Drudner,0,0,0,2024-11-17T03:03:44.452Z,,False,,False,"""[]""",2025-07-04T14:32:59.602321Z,Vrai,"[0.006926980800926685, 0.993073046207428]"
at://did:plc:vpfavbhwv4okwh6ydgp5uxf6/app.bsky.feed.post/3lt5ftiv5z22d,https://bsky.app/profile/sethabramson.bsky.social/post/3lt5ftiv5z22d,bafyreidtry4o6nw2ls6zh7bafjf7qncnnepjrulidcpa4wbyyvj3fkyi4i,A) He's the richest human ever and the biggest political donor in U.S. history by 10x+ B) He is beloved by a big chunk of the Trump base (20%-40%) C) His lack of moral compass is exactly what will lead him to shoot himself (and Trump) in the foot for revenge  I shouldn't have to explain any of this,2025-07-04T14:02:47.853Z,2025-07-04T14:02:48.237Z,{},1,0,1,did:plc:vpfavbhwv4okwh6ydgp5uxf6,sethabramson.bsky.social,Seth Abramson,0,0,0,2023-04-27T20:10:47.115Z,,False,,False,"""[]""",2025-07-04T14:32:59.981985Z,Vrai,"[0.0016084496164694428, 0.9983915686607361]"
at://did:plc:z7iitatgrjskb2fmq6sv3tss/app.bsky.feed.post/3lt5fsxw7yc2c,https://bsky.app/profile/somnium-scipionis.bsky.social/post/3lt5fsxw7yc2c,bafyreifbpook4yacde67nkxbmjj5vsmfewy5explgrzcw5rhgbyu5qift4,"Q. Miller, he is part of the rich political Jewish lobby, which has a huge influence on the president.",2025-07-04T14:02:30.033Z,2025-07-04T14:02:34.342Z,"""media=Main(images=[Image(alt='', image=BlobRef(mime_type='image/jpeg', size=209242, ref=IpldLink(link='bafkreifv6sog3kosxsjyyjdkti4rzhbv2ov4atghzonjlbxsn7jameje3a'), py_type='blob'), aspect_ratio=AspectRatio(height=1007, width=600, py_type='app.bsky.embed.defs#aspectRatio'), py_type='app.bsky.embed.images#image')], py_type='app.bsky.embed.images') record=Main(record=Main(cid='bafyreic2pfogc7l3agfeoxdmt3r4iegqocxudkwgoje5herjuuxv7k7j6y', uri='at://did:plc:4lki6woucoq3oy5g4devkj4l/app.bsky.feed.post/3lt5ecodt222s', py_type='com.atproto.repo.strongRef'), py_type='app.bsky.embed.record') py_type='app.bsky.embed.recordWithMedia'""",0,0,0,did:plc:z7iitatgrjskb2fmq6sv3tss,somnium-scipionis.bsky.social,Somnium Scipionis,0,0,0,2024-08-16T23:18:40.686Z,,False,,False,"""[]""",2025-07-04T14:32:59.982236Z,Vrai,"[0.001925016986206174, 0.998075008392334]"
at://did:plc:ruafukaeurquvhieeqj5dci6/app.bsky.feed.post/3lt5hhdqqss2s,https://bsky.app/profile/theirminsul.bsky.social/post/3lt5hhdqqss2s,bafyreibrnsabd6sksgpyavyznja5k5q36k5y4this6jcxf65ijah6h5vrm,"The Big Beautiful Bill is a Big Bowel Movement where the MAGA slave political parasites shit on and sold out the American people for Israel, oligarchs, the military industrial complex and the Christian nationalist moron wing of theocratic fascism.  The MAGA era is the MAGGOT era.",2025-07-04T14:31:47.291Z,2025-07-04T14:02:13.839Z,"""external=External(description='Alt: a blue container filled with worms is on a white surface', title='a blue container filled with worms is on a white surface', uri='https://media.tenor.com/7Ixh6zyphfkAAAAC/karesz-kareszka.gif?hh=360&ww=202', thumb=BlobRef(mime_type='image/jpeg', size=988060, ref=IpldLink(link='bafkreiarna27ida4gw4plk2e6pmmswzqb5xyvsebjkvgpme23i4plggvfe'), py_type='blob'), py_type='app.bsky.embed.external#external') py_type='app.bsky.embed.external'""",0,0,0,did:plc:ruafukaeurquvhieeqj5dci6,theirminsul.bsky.social,The Irminsul ,0,0,0,2024-11-23T17:44:04.345Z,,False,,False,"""[]""",2025-07-04T14:32:59.982379Z,Vrai,"[0.21182875335216522, 0.7881712317466736]"
at://did:plc:wuiy65e2xy7qwuqn7vxk7rnn/app.bsky.feed.post/3lt5fsk757c2v,https://bsky.app/profile/itsmattagain.bsky.social/post/3lt5fsk757c2v,bafyreihrxuxbszqmlodkemlazmj2cznay6r6gc6cma3g3rzzqzk2h2e5rq,"To be clear, ""high risk"" is only going to be left wing progressive and political artists - which makes this relatively indistinguishable from McCarthyism.  Once you're flagged as ""high risk"" the state broadcaster will seek to erase you from the cultural conversation. That's deeply antidemocratic.",2025-07-04T14:02:15.674Z,2025-07-04T14:02:14.842Z,{},0,0,1,did:plc:wuiy65e2xy7qwuqn7vxk7rnn,itsmattagain.bsky.social,Matt ,0,0,0,2023-07-03T08:01:49.593Z,,False,,False,"""[]""",2025-07-04T14:32:59.982451Z,Vrai,"[0.004220795352011919, 0.9957791566848755]"
at://did:plc:6rmrhohel6shjpoug4yfzspr/app.bsky.feed.post/3lt5fsjxru22q,https://bsky.app/profile/thenewarab.bsky.social/post/3lt5fsjxru22q,bafyreickaofy77w3ttdwe56gvdmsnjdobjdscg44hxlbr4edgczwjjq73u,"Lebanon is close to finalising its formal response to Washington's proposal aimed at resolving tensions with Israel, as intensive political consultations continue ahead of US envoy Thomas Barak’s return to Beirut early next week ⬇️",2025-07-04T14:02:15.433Z,2025-07-04T14:02:18.937Z,"""external=External(description='Lebanon is finalising its response to a US proposal, as Hezbollah refuses to disarm without full Israeli withdrawal and security guarantees.', title='Lebanon finalises US response as Hezbollah rejects disarmament', uri='https://www.newarab.com/news/lebanon-finalises-us-response-hezbollah-rejects-disarmament', thumb=BlobRef(mime_type='image/jpeg', size=756729, ref=IpldLink(link='bafkreihzqfxfswbqeow3s6fy3nwogk6zchouy7ahb3eljqbkolxdvnx2vq'), py_type='blob'), py_type='app.bsky.embed.external#external') py_type='app.bsky.embed.external'""",0,0,0,did:plc:6rmrhohel6shjpoug4yfzspr,thenewarab.bsky.social,The New Arab,0,0,0,2023-07-18T14:09:26.368Z,,False,,False,"""[]""",2025-07-04T14:32:59.982578Z,Vrai,"[0.0009681807132437825, 0.9990317821502686]"
at://did:plc:gudaflztwlufiqgolrp4jjab/app.bsky.feed.post/3lt5fsasg5s27,https://bsky.app/profile/natty4bumpo.bsky.social/post/3lt5fsasg5s27,bafyreib4f5ha7wx4klomtdxznsn6weopb646ewwpep6amssj2bwfe6kjwe,Kill another green law? The EU wants to continue protecting polluters spreading greenwashing lies. Finally political momentum is on our side to stop this. Sign to demand the anti-greenwashing law. action.wemove.eu/sign/2025-07...,2025-07-04T14:02:05.819Z,2025-07-04T14:02:07.439Z,"""external=External(description='Kill another green law? The EU wants to continue protecting polluters spreading greenwashing lies. Finally political momentum is on our side to stop this. Sign to demand the anti-greenwashing law.', title='No more \u201cgreen\u201d lies! Don\u2019t let the EU kill the anti-greenwashing law.', uri='https://action.wemove.eu/sign/2025-07-antigreenwashing-directive-petition-EN?akid=s6346445..RZDdD5', thumb=BlobRef(mime_type='image/jpeg', size=765971, ref=IpldLink(link='bafkreifmqfrltgdfdvn2bwqtv7wo6jh2be457gd7cxx4hilt6cj6xtu6iu'), py_type='blob'), py_type='app.bsky.embed.external#external') py_type='app.bsky.embed.external'""",1,1,0,did:plc:gudaflztwlufiqgolrp4jjab,natty4bumpo.bsky.social,🏳️‍🌈 🍉 Chuck Hamilton (he/him/his) 🏴‍☠️🍸,0,0,0,2023-08-20T02:42:59.272Z,,False,,False,"""[]""",2025-07-04T14:32:59.982704Z,Vrai,"[0.0394713468849659, 0.9605286717414856]"
at://did:plc:43fdk46qa5gsokzygzildsaq/app.bsky.feed.post/3lt5fs3l4lk2r,https://bsky.app/profile/fintwitter.bsky.social/post/3lt5fs3l4lk2r,bafyreicmb5sav7dakal7r5ubwvt6m5bxc4oo6qfs7kaqgmeuxkgkwwpbl4,KEY IS WHETHER EU CAN SHOW POLITICAL WILLINGNESS TO SOLVE ISSUE - CHINESE STATE MEDIA,2025-07-04T14:01:59.938309+00:00,2025-07-04T14:02:01.036Z,{},0,0,0,did:plc:43fdk46qa5gsokzygzildsaq,fintwitter.bsky.social,FinTwitter,0,0,0,2024-11-26T13:26:44.445Z,,False,,False,"""[]""",2025-07-04T14:32:59.982765Z,Vrai,"[0.0008814486209303141, 0.9991185069084167]"
at://did:plc:e3rln3rkvbpe77tlrrpqkhmc/app.bsky.feed.post/3lt5frtqutc2u,https://bsky.app/profile/suzekauf.bsky.social/post/3lt5frtqutc2u,bafyreiet4a7v3lux27auv2mlxqzo3agsd4isyza2xqoleeylbs3ipnmtoi,"All recipients got this.  SSA “celebrating” the bill?  Never, ever got political mail from them before:(",2025-07-04T14:01:52.137Z,2025-07-04T14:01:52.935Z,{},7,0,1,did:plc:e3rln3rkvbpe77tlrrpqkhmc,suzekauf.bsky.social,,0,0,0,2025-01-26T17:55:31.942Z,,False,,False,"""[]""",2025-07-04T14:32:59.982824Z,Vrai,"[0.003026023507118225, 0.996973991394043]"
at://did:plc:43fdk46qa5gsokzygzildsaq/app.bsky.feed.post/3lt5fs3l4lk2r,https://bsky.app/profile/fintwitter.bsky.social/post/3lt5fs3l4lk2r,bafyreicmb5sav7dakal7r5ubwvt6m5bxc4oo6qfs7kaqgmeuxkgkwwpbl4,KEY IS WHETHER EU CAN SHOW POLITICAL WILLINGNESS TO SOLVE ISSUE - CHINESE STATE MEDIA,2025-07-04T14:01:59.938309+00:00,2025-07-04T14:02:01.036Z,{},0,0,0,did:plc:43fdk46qa5gsokzygzildsaq,fintwitter.bsky.social,FinTwitter,0,0,0,2024-11-26T13:26:44.445Z,,False,,False,"""[]""",2025-07-04T14:33:00.351548Z,Vrai,"[0.0008814486209303141, 0.9991185069084167]"
